<ped_attributes><pedestrian age="adult" critical_point="1595" crossing="0" crossing_point="1613" exp_start_point="1568" gender="male" id="1_1_7" intention_prob="0.8666666667" intersection="T-right" num_lanes="4" signalized="n/a" traffic_direction="TW" /><pedestrian age="adult" critical_point="15268" crossing="0" crossing_point="15298" exp_start_point="15180" gender="male" id="1_1_9" intention_prob="0.9166666667" intersection="four-way" num_lanes="4" signalized="CS" traffic_direction="TW" /><pedestrian age="adult" critical_point="16543" crossing="0" crossing_point="16561" exp_start_point="16453" gender="male" id="1_1_11" intention_prob="0.95" intersection="four-way" num_lanes="4" signalized="CS" traffic_direction="TW" /><pedestrian age="child" critical_point="1470" crossing="0" crossing_point="1516" exp_start_point="1406" gender="female" id="1_1_6" intention_prob="0.7166666667" intersection="T-right" num_lanes="4" signalized="n/a" traffic_direction="TW" /><pedestrian age="adult" critical_point="17317" crossing="-1" crossing_point="17342" exp_start_point="17227" gender="male" id="1_1_12" intention_prob="0.0833333333" intersection="midblock" num_lanes="4" signalized="n/a" traffic_direction="TW" /><pedestrian age="adult" critical_point="1470" crossing="0" crossing_point="1518" exp_start_point="1401" gender="female" id="1_1_5" intention_prob="0.8" intersection="T-right" num_lanes="4" signalized="n/a" traffic_direction="TW" /><pedestrian age="adult" critical_point="13737" crossing="-1" crossing_point="13804" exp_start_point="13647" gender="male" id="1_1_16" intention_prob="0.15" intersection="midblock" num_lanes="4" signalized="n/a" traffic_direction="TW" /><pedestrian age="senior" critical_point="10078" crossing="0" crossing_point="10111" exp_start_point="9988" gender="female" id="1_1_8" intention_prob="0.9333333333" intersection="four-way" num_lanes="4" signalized="CS" traffic_direction="TW" /><pedestrian age="adult" critical_point="13981" crossing="0" crossing_point="14010" exp_start_point="13891" gender="male" id="1_1_17" intention_prob="0.8166666667" intersection="four-way" num_lanes="4" signalized="CS" traffic_direction="TW" /><pedestrian age="adult" critical_point="16413" crossing="0" crossing_point="16439" exp_start_point="16332" gender="female" id="1_1_10" intention_prob="0.85" intersection="four-way" num_lanes="4" signalized="CS" traffic_direction="TW" /><pedestrian age="senior" critical_point="16537" crossing="0" crossing_point="16553" exp_start_point="16447" gender="female" id="1_1_20" intention_prob="0.85" intersection="four-way" num_lanes="4" signalized="CS" traffic_direction="TW" /><pedestrian age="adult" critical_point="1424" crossing="0" crossing_point="1457" exp_start_point="1341" gender="male" id="1_1_4" intention_prob="0.8666666667" intersection="T-right" num_lanes="4" signalized="n/a" traffic_direction="TW" /><pedestrian age="adult" critical_point="14048" crossing="0" crossing_point="14059" exp_start_point="13942" gender="male" id="1_1_19" intention_prob="0.9" intersection="four-way" num_lanes="4" signalized="CS" traffic_direction="TW" /><pedestrian age="adult" critical_point="1111" crossing="0" crossing_point="1139" exp_start_point="1021" gender="male" id="1_1_2" intention_prob="0.9166666667" intersection="four-way" num_lanes="4" signalized="CS" traffic_direction="TW" /><pedestrian age="adult" critical_point="1424" crossing="0" crossing_point="1463" exp_start_point="1334" gender="female" id="1_1_3" intention_prob="0.95" intersection="T-right" num_lanes="4" signalized="n/a" traffic_direction="TW" /><pedestrian age="adult" critical_point="16549" crossing="0" crossing_point="16569" exp_start_point="16459" gender="female" id="1_1_21" intention_prob="0.9166666667" intersection="four-way" num_lanes="4" signalized="CS" traffic_direction="TW" /><pedestrian age="adult" critical_point="10558" crossing="0" crossing_point="10567" exp_start_point="10533" gender="male" id="1_1_14" intention_prob="0.7166666667" intersection="midblock" num_lanes="4" signalized="n/a" traffic_direction="TW" /><pedestrian age="adult" critical_point="1111" crossing="0" crossing_point="1133" exp_start_point="1018" gender="female" id="1_1_1" intention_prob="0.9666666667" intersection="four-way" num_lanes="4" signalized="CS" traffic_direction="TW" /><pedestrian age="adult" critical_point="13721" crossing="-1" crossing_point="13776" exp_start_point="13631" gender="female" id="1_1_15" intention_prob="0.35" intersection="midblock" num_lanes="4" signalized="n/a" traffic_direction="TW" /><pedestrian age="adult" critical_point="1184" crossing="-1" crossing_point="1206" exp_start_point="1113" gender="male" id="1_1_13" intention_prob="0.15" intersection="midblock" num_lanes="4" signalized="n/a" traffic_direction="TW" /><pedestrian age="adult" critical_point="14048" crossing="0" crossing_point="14065" exp_start_point="13977" gender="female" id="1_1_18" intention_prob="0.95" intersection="four-way" num_lanes="4" signalized="CS" traffic_direction="TW" /></ped_attributes>