<ped_attributes><pedestrian age="adult" critical_point="3477" crossing="0" crossing_point="3521" exp_start_point="3387" gender="female" id="1_4_109" intention_prob="0.8" intersection="four-way" num_lanes="4" signalized="CS" traffic_direction="TW" /><pedestrian age="adult" critical_point="1444" crossing="1" crossing_point="1525" exp_start_point="1376" gender="female" id="1_4_106" intention_prob="0.9333333333" intersection="T" num_lanes="2" signalized="CS" traffic_direction="OW" /><pedestrian age="adult" critical_point="7835" crossing="-1" crossing_point="7977" exp_start_point="7697" gender="male" id="1_4_111" intention_prob="0.9333333333" intersection="four-way" num_lanes="2" signalized="CS" traffic_direction="TW" /><pedestrian age="adult" critical_point="450" crossing="0" crossing_point="497" exp_start_point="360" gender="female" id="1_4_105" intention_prob="1" intersection="four-way" num_lanes="2" signalized="CS" traffic_direction="OW" /><pedestrian age="adult" critical_point="1885" crossing="0" crossing_point="1937" exp_start_point="1795" gender="male" id="1_4_107" intention_prob="1" intersection="T" num_lanes="4" signalized="CS" traffic_direction="TW" /><pedestrian age="adult" critical_point="7218" crossing="1" crossing_point="7236" exp_start_point="7128" gender="male" id="1_4_110" intention_prob="1" intersection="four-way" num_lanes="2" signalized="CS" traffic_direction="OW" /><pedestrian age="adult" critical_point="3482" crossing="0" crossing_point="3531" exp_start_point="3392" gender="female" id="1_4_108" intention_prob="0.9" intersection="four-way" num_lanes="4" signalized="CS" traffic_direction="TW" /><pedestrian age="adult" critical_point="318" crossing="1" crossing_point="314" exp_start_point="228" gender="female" id="1_4_112" intention_prob="0.9" intersection="four-way" num_lanes="2" signalized="CS" traffic_direction="TW" /></ped_attributes>