<ped_attributes><pedestrian age="adult" critical_point="5491" crossing="1" crossing_point="5491" exp_start_point="5442" gender="male" id="4_10_1492" intention_prob="0.95" intersection="four-way" num_lanes="4" signalized="CS" traffic_direction="TW" /><pedestrian age="adult" critical_point="5422" crossing="1" crossing_point="5530" exp_start_point="5332" gender="female" id="4_10_1487" intention_prob="0.9833333333" intersection="four-way" num_lanes="4" signalized="CS" traffic_direction="TW" /><pedestrian age="adult" critical_point="6735" crossing="-1" crossing_point="6758" exp_start_point="6645" gender="male" id="4_10_1498" intention_prob="0.45" intersection="midblock" num_lanes="4" signalized="n/a" traffic_direction="TW" /><pedestrian age="senior" critical_point="14467" crossing="1" crossing_point="14546" exp_start_point="14379" gender="male" id="4_10_1522" intention_prob="0.9166666667" intersection="T-right" num_lanes="2" signalized="C" traffic_direction="TW" /><pedestrian age="adult" critical_point="7263" crossing="0" crossing_point="7344" exp_start_point="7173" gender="male" id="4_10_1500" intention_prob="0.9666666667" intersection="four-way" num_lanes="4" signalized="CS" traffic_direction="TW" /><pedestrian age="adult" critical_point="10489" crossing="0" crossing_point="10546" exp_start_point="10399" gender="male" id="4_10_1508" intention_prob="0.6166666667" intersection="four-way" num_lanes="2" signalized="CS" traffic_direction="TW" /><pedestrian age="adult" critical_point="523" crossing="0" crossing_point="569" exp_start_point="448" gender="male" id="4_10_1475" intention_prob="0.9833333333" intersection="four-way" num_lanes="3" signalized="CS" traffic_direction="OW" /><pedestrian age="adult" critical_point="5422" crossing="1" crossing_point="5500" exp_start_point="5332" gender="female" id="4_10_1491" intention_prob="0.95" intersection="four-way" num_lanes="4" signalized="CS" traffic_direction="TW" /><pedestrian age="adult" critical_point="14386" crossing="1" crossing_point="14372" exp_start_point="14201" gender="male" id="4_10_1519" intention_prob="0.9" intersection="T-right" num_lanes="2" signalized="C" traffic_direction="TW" /><pedestrian age="senior" critical_point="12874" crossing="0" crossing_point="12896" exp_start_point="12784" gender="male" id="4_10_1511" intention_prob="0.9" intersection="four-way" num_lanes="3" signalized="CS" traffic_direction="TW" /><pedestrian age="adult" critical_point="861" crossing="1" crossing_point="910" exp_start_point="771" gender="female" id="4_10_1479" intention_prob="0.9" intersection="four-way" num_lanes="2" signalized="C" traffic_direction="OW" /><pedestrian age="adult" critical_point="7328" crossing="0" crossing_point="7397" exp_start_point="7238" gender="male" id="4_10_1505" intention_prob="0.85" intersection="four-way" num_lanes="4" signalized="CS" traffic_direction="TW" /><pedestrian age="adult" critical_point="13739" crossing="0" crossing_point="13808" exp_start_point="13670" gender="male" id="4_10_1514" intention_prob="0.95" intersection="four-way" num_lanes="3" signalized="CS" traffic_direction="TW" /><pedestrian age="adult" critical_point="7328" crossing="0" crossing_point="7391" exp_start_point="7225" gender="female" id="4_10_1506" intention_prob="0.9166666667" intersection="four-way" num_lanes="4" signalized="CS" traffic_direction="TW" /><pedestrian age="adult" critical_point="2796" crossing="-1" crossing_point="2925" exp_start_point="2706" gender="male" id="4_10_1483" intention_prob="0.2666666667" intersection="four-way" num_lanes="2" signalized="CS" traffic_direction="OW" /><pedestrian age="adult" critical_point="1107" crossing="0" crossing_point="1149" exp_start_point="1017" gender="female" id="4_10_1481" intention_prob="0.9166666667" intersection="four-way" num_lanes="2" signalized="C" traffic_direction="OW" /><pedestrian age="adult" critical_point="524" crossing="0" crossing_point="559" exp_start_point="455" gender="female" id="4_10_1476" intention_prob="1" intersection="four-way" num_lanes="3" signalized="CS" traffic_direction="OW" /><pedestrian age="adult" critical_point="13771" crossing="0" crossing_point="13802" exp_start_point="13696" gender="male" id="4_10_1515" intention_prob="0.9" intersection="four-way" num_lanes="3" signalized="CS" traffic_direction="TW" /><pedestrian age="adult" critical_point="12874" crossing="0" crossing_point="12894" exp_start_point="12784" gender="male" id="4_10_1510" intention_prob="0.9833333333" intersection="four-way" num_lanes="3" signalized="CS" traffic_direction="TW" /><pedestrian age="adult" critical_point="14426" crossing="1" crossing_point="14452" exp_start_point="14336" gender="female" id="4_10_1520" intention_prob="0.9666666667" intersection="T-right" num_lanes="2" signalized="C" traffic_direction="TW" /><pedestrian age="adult" critical_point="7328" crossing="0" crossing_point="7395" exp_start_point="7238" gender="male" id="4_10_1503" intention_prob="0.85" intersection="four-way" num_lanes="4" signalized="CS" traffic_direction="TW" /><pedestrian age="adult" critical_point="5822" crossing="-1" crossing_point="5918" exp_start_point="5732" gender="female" id="4_10_1494" intention_prob="0.5166666667" intersection="four-way" num_lanes="4" signalized="CS" traffic_direction="TW" /><pedestrian age="adult" critical_point="14004" crossing="-1" crossing_point="14022" exp_start_point="13995" gender="female" id="4_10_1518" intention_prob="0.0666666667" intersection="midblock" num_lanes="4" signalized="n/a" traffic_direction="TW" /><pedestrian age="adult" critical_point="1565" crossing="-1" crossing_point="1589" exp_start_point="1475" gender="male" id="4_10_1482" intention_prob="0.25" intersection="midblock" num_lanes="2" signalized="n/a" traffic_direction="OW" /><pedestrian age="adult" critical_point="7263" crossing="0" crossing_point="7347" exp_start_point="7173" gender="male" id="4_10_1499" intention_prob="0.8833333333" intersection="four-way" num_lanes="4" signalized="CS" traffic_direction="TW" /><pedestrian age="adult" critical_point="5422" crossing="1" crossing_point="5510" exp_start_point="5332" gender="female" id="4_10_1486" intention_prob="0.9166666667" intersection="four-way" num_lanes="4" signalized="CS" traffic_direction="TW" /><pedestrian age="adult" critical_point="2730" crossing="1" crossing_point="2737" exp_start_point="2640" gender="female" id="4_10_1484" intention_prob="0.9833333333" intersection="four-way" num_lanes="2" signalized="CS" traffic_direction="OW" /><pedestrian age="adult" critical_point="5822" crossing="-1" crossing_point="5914" exp_start_point="5732" gender="female" id="4_10_1496" intention_prob="0.5833333333" intersection="four-way" num_lanes="4" signalized="CS" traffic_direction="TW" /><pedestrian age="adult" critical_point="5422" crossing="1" crossing_point="5525" exp_start_point="5332" gender="male" id="4_10_1490" intention_prob="0.9166666667" intersection="four-way" num_lanes="4" signalized="CS" traffic_direction="TW" /><pedestrian age="adult" critical_point="815" crossing="0" crossing_point="853" exp_start_point="751" gender="female" id="4_10_1477" intention_prob="0.5333333333" intersection="four-way" num_lanes="3" signalized="n/a" traffic_direction="OW" /><pedestrian age="adult" critical_point="7328" crossing="-1" crossing_point="7390" exp_start_point="7290" gender="female" id="4_10_1507" intention_prob="0.8833333333" intersection="four-way" num_lanes="4" signalized="CS" traffic_direction="TW" /><pedestrian age="adult" critical_point="13771" crossing="0" crossing_point="13798" exp_start_point="13714" gender="male" id="4_10_1516" intention_prob="0.75" intersection="four-way" num_lanes="3" signalized="CS" traffic_direction="TW" /><pedestrian age="adult" critical_point="7328" crossing="0" crossing_point="7393" exp_start_point="7238" gender="male" id="4_10_1504" intention_prob="0.8166666667" intersection="four-way" num_lanes="4" signalized="CS" traffic_direction="TW" /><pedestrian age="adult" critical_point="12874" crossing="0" crossing_point="12892" exp_start_point="12784" gender="female" id="4_10_1509" intention_prob="0.95" intersection="four-way" num_lanes="3" signalized="CS" traffic_direction="TW" /><pedestrian age="adult" critical_point="13461" crossing="0" crossing_point="13529" exp_start_point="13380" gender="male" id="4_10_1512" intention_prob="0.9666666667" intersection="four-way" num_lanes="2" signalized="CS" traffic_direction="TW" /><pedestrian age="adult" critical_point="7328" crossing="0" crossing_point="7399" exp_start_point="7238" gender="female" id="4_10_1501" intention_prob="0.9" intersection="four-way" num_lanes="4" signalized="CS" traffic_direction="TW" /><pedestrian age="adult" critical_point="861" crossing="1" crossing_point="894" exp_start_point="771" gender="male" id="4_10_1478" intention_prob="1" intersection="four-way" num_lanes="2" signalized="C" traffic_direction="OW" /><pedestrian age="adult" critical_point="14467" crossing="1" crossing_point="14481" exp_start_point="14324" gender="male" id="4_10_1521" intention_prob="0.8666666667" intersection="T-right" num_lanes="2" signalized="C" traffic_direction="TW" /><pedestrian age="adult" critical_point="13739" crossing="0" crossing_point="13816" exp_start_point="13670" gender="male" id="4_10_1513" intention_prob="0.7666666667" intersection="four-way" num_lanes="3" signalized="CS" traffic_direction="TW" /><pedestrian age="adult" critical_point="5480" crossing="1" crossing_point="5490" exp_start_point="5444" gender="male" id="4_10_1493" intention_prob="0.9833333333" intersection="four-way" num_lanes="4" signalized="CS" traffic_direction="TW" /><pedestrian age="adult" critical_point="7328" crossing="0" crossing_point="7397" exp_start_point="7238" gender="female" id="4_10_1502" intention_prob="0.5" intersection="four-way" num_lanes="4" signalized="CS" traffic_direction="TW" /><pedestrian age="adult" critical_point="5908" crossing="-1" crossing_point="5951" exp_start_point="5818" gender="male" id="4_10_1497" intention_prob="0.4" intersection="midblock" num_lanes="4" signalized="n/a" traffic_direction="TW" /><pedestrian age="adult" critical_point="5822" crossing="-1" crossing_point="5919" exp_start_point="5732" gender="male" id="4_10_1495" intention_prob="0.8333333333" intersection="four-way" num_lanes="4" signalized="CS" traffic_direction="TW" /><pedestrian age="adult" critical_point="3129" crossing="0" crossing_point="3185" exp_start_point="3039" gender="male" id="4_10_1485" intention_prob="0.95" intersection="four-way" num_lanes="3" signalized="n/a" traffic_direction="OW" /><pedestrian age="adult" critical_point="1107" crossing="0" crossing_point="1152" exp_start_point="1017" gender="male" id="4_10_1480" intention_prob="0.95" intersection="four-way" num_lanes="2" signalized="C" traffic_direction="OW" /><pedestrian age="adult" critical_point="5422" crossing="1" crossing_point="5547" exp_start_point="5332" gender="female" id="4_10_1489" intention_prob="0.9666666667" intersection="four-way" num_lanes="4" signalized="CS" traffic_direction="TW" /></ped_attributes>