<ped_attributes><pedestrian age="senior" critical_point="13861" crossing="0" crossing_point="13919" exp_start_point="13795" gender="male" id="4_11_1536" intention_prob="0.6166666667" intersection="midblock" num_lanes="4" signalized="CS" traffic_direction="TW" /><pedestrian age="adult" critical_point="732" crossing="0" crossing_point="762" exp_start_point="653" gender="male" id="4_11_1526" intention_prob="0.9166666667" intersection="four-way" num_lanes="2" signalized="CS" traffic_direction="OW" /><pedestrian age="adult" critical_point="611" crossing="0" crossing_point="633" exp_start_point="544" gender="female" id="4_11_1525" intention_prob="0.8166666667" intersection="midblock" num_lanes="2" signalized="n/a" traffic_direction="OW" /><pedestrian age="adult" critical_point="843" crossing="1" crossing_point="671" exp_start_point="753" gender="female" id="4_11_1527" intention_prob="0.9333333333" intersection="four-way" num_lanes="6" signalized="CS" traffic_direction="TW" /><pedestrian age="adult" critical_point="4669" crossing="1" crossing_point="4682" exp_start_point="4246" gender="male" id="4_11_1532" intention_prob="0.9" intersection="midblock" num_lanes="2" signalized="n/a" traffic_direction="OW" /><pedestrian age="adult" critical_point="843" crossing="1" crossing_point="690" exp_start_point="753" gender="male" id="4_11_1528" intention_prob="1" intersection="four-way" num_lanes="6" signalized="CS" traffic_direction="TW" /><pedestrian age="senior" critical_point="3033" crossing="0" crossing_point="3554" exp_start_point="2863" gender="male" id="4_11_1531" intention_prob="0.8" intersection="midblock" num_lanes="2" signalized="n/a" traffic_direction="OW" /><pedestrian age="adult" critical_point="13818" crossing="0" crossing_point="13867" exp_start_point="13798" gender="male" id="4_11_1533" intention_prob="0.95" intersection="four-way" num_lanes="4" signalized="CS" traffic_direction="TW" /><pedestrian age="adult" critical_point="13849" crossing="0" crossing_point="13896" exp_start_point="13788" gender="male" id="4_11_1538" intention_prob="0.7666666667" intersection="midblock" num_lanes="4" signalized="CS" traffic_direction="TW" /><pedestrian age="adult" critical_point="14354" crossing="-1" crossing_point="14375" exp_start_point="14317" gender="female" id="4_11_1535" intention_prob="0.0333333333" intersection="midblock" num_lanes="4" signalized="n/a" traffic_direction="TW" /><pedestrian age="adult" critical_point="2781" crossing="-1" crossing_point="2940" exp_start_point="2691" gender="female" id="4_11_1529" intention_prob="0.1833333333" intersection="midblock" num_lanes="2" signalized="n/a" traffic_direction="OW" /><pedestrian age="adult" critical_point="13856" crossing="0" crossing_point="13903" exp_start_point="13780" gender="male" id="4_11_1537" intention_prob="0.8333333333" intersection="midblock" num_lanes="4" signalized="CS" traffic_direction="TW" /><pedestrian age="adult" critical_point="13856" crossing="0" crossing_point="13893" exp_start_point="13774" gender="male" id="4_11_1539" intention_prob="0.8333333333" intersection="midblock" num_lanes="4" signalized="CS" traffic_direction="TW" /><pedestrian age="adult" critical_point="13830" crossing="0" crossing_point="13879" exp_start_point="13758" gender="male" id="4_11_1534" intention_prob="0.9666666667" intersection="four-way" num_lanes="4" signalized="CS" traffic_direction="TW" /><pedestrian age="senior" critical_point="605" crossing="0" crossing_point="629" exp_start_point="515" gender="female" id="4_11_1524" intention_prob="0.65" intersection="midblock" num_lanes="2" signalized="n/a" traffic_direction="OW" /><pedestrian age="adult" critical_point="13856" crossing="0" crossing_point="13891" exp_start_point="13766" gender="female" id="4_11_1540" intention_prob="0.7166666667" intersection="midblock" num_lanes="4" signalized="CS" traffic_direction="TW" /><pedestrian age="senior" critical_point="605" crossing="0" crossing_point="627" exp_start_point="515" gender="male" id="4_11_1523" intention_prob="0.8333333333" intersection="midblock" num_lanes="2" signalized="n/a" traffic_direction="OW" /></ped_attributes>