<ped_attributes><pedestrian age="adult" critical_point="1769" crossing="-1" crossing_point="1819" exp_start_point="1679" gender="female" id="4_13_1636" intention_prob="0.2833333333" intersection="four-way" num_lanes="4" signalized="CS" traffic_direction="TW" /><pedestrian age="adult" critical_point="1769" crossing="-1" crossing_point="1825" exp_start_point="1679" gender="male" id="4_13_1637" intention_prob="0.1666666667" intersection="four-way" num_lanes="4" signalized="CS" traffic_direction="TW" /><pedestrian age="adult" critical_point="2484" crossing="0" crossing_point="2509" exp_start_point="2400" gender="female" id="4_13_1640" intention_prob="0.9166666667" intersection="midblock" num_lanes="4" signalized="n/a" traffic_direction="TW" /><pedestrian age="adult" critical_point="6856" crossing="-1" crossing_point="6886" exp_start_point="6766" gender="male" id="4_13_1645" intention_prob="0.15" intersection="midblock" num_lanes="4" signalized="n/a" traffic_direction="TW" /><pedestrian age="adult" critical_point="14066" crossing="-1" crossing_point="14112" exp_start_point="13976" gender="female" id="4_13_1654" intention_prob="0" intersection="midblock" num_lanes="4" signalized="n/a" traffic_direction="TW" /><pedestrian age="adult" critical_point="12546" crossing="0" crossing_point="12590" exp_start_point="12456" gender="female" id="4_13_1649" intention_prob="0.9333333333" intersection="four-way" num_lanes="4" signalized="CS" traffic_direction="TW" /><pedestrian age="adult" critical_point="12551" crossing="0" crossing_point="12595" exp_start_point="12461" gender="male" id="4_13_1651" intention_prob="0.7333333333" intersection="four-way" num_lanes="4" signalized="CS" traffic_direction="TW" /><pedestrian age="adult" critical_point="6856" crossing="-1" crossing_point="6883" exp_start_point="6766" gender="male" id="4_13_1644" intention_prob="0.05" intersection="midblock" num_lanes="4" signalized="n/a" traffic_direction="TW" /><pedestrian age="adult" critical_point="6400" crossing="0" crossing_point="6419" exp_start_point="6310" gender="female" id="4_13_1642" intention_prob="0.8333333333" intersection="four-way" num_lanes="4" signalized="CS" traffic_direction="TW" /><pedestrian age="adult" critical_point="6856" crossing="-1" crossing_point="6882" exp_start_point="6766" gender="female" id="4_13_1643" intention_prob="0.0333333333" intersection="midblock" num_lanes="4" signalized="n/a" traffic_direction="TW" /><pedestrian age="adult" critical_point="17695" crossing="-1" crossing_point="17771" exp_start_point="17605" gender="female" id="4_13_1656" intention_prob="0.3166666667" intersection="midblock" num_lanes="4" signalized="n/a" traffic_direction="TW" /><pedestrian age="adult" critical_point="2483" crossing="0" crossing_point="2507" exp_start_point="2397" gender="male" id="4_13_1639" intention_prob="0.9" intersection="midblock" num_lanes="4" signalized="n/a" traffic_direction="TW" /><pedestrian age="adult" critical_point="14066" crossing="-1" crossing_point="14119" exp_start_point="13976" gender="female" id="4_13_1653" intention_prob="0.0833333333" intersection="midblock" num_lanes="4" signalized="n/a" traffic_direction="TW" /><pedestrian age="adult" critical_point="12546" crossing="0" crossing_point="12571" exp_start_point="12456" gender="male" id="4_13_1648" intention_prob="0.9166666667" intersection="four-way" num_lanes="4" signalized="CS" traffic_direction="TW" /><pedestrian age="adult" critical_point="17695" crossing="-1" crossing_point="17777" exp_start_point="17605" gender="male" id="4_13_1657" intention_prob="0.2333333333" intersection="midblock" num_lanes="4" signalized="n/a" traffic_direction="TW" /><pedestrian age="adult" critical_point="8021" crossing="0" crossing_point="8050" exp_start_point="7927" gender="female" id="4_13_1647" intention_prob="0.5166666667" intersection="four-way" num_lanes="4" signalized="CS" traffic_direction="TW" /><pedestrian age="adult" critical_point="1787" crossing="-1" crossing_point="1845" exp_start_point="1714" gender="female" id="4_13_1638" intention_prob="0.6166666667" intersection="four-way" num_lanes="4" signalized="CS" traffic_direction="TW" /><pedestrian age="adult" critical_point="6400" crossing="0" crossing_point="6424" exp_start_point="6310" gender="male" id="4_13_1641" intention_prob="0.9333333333" intersection="four-way" num_lanes="4" signalized="CS" traffic_direction="TW" /><pedestrian age="adult" critical_point="8021" crossing="0" crossing_point="8051" exp_start_point="7927" gender="male" id="4_13_1646" intention_prob="0.65" intersection="four-way" num_lanes="4" signalized="CS" traffic_direction="TW" /><pedestrian age="adult" critical_point="12551" crossing="0" crossing_point="12597" exp_start_point="12461" gender="female" id="4_13_1650" intention_prob="0.7833333333" intersection="four-way" num_lanes="4" signalized="CS" traffic_direction="TW" /><pedestrian age="adult" critical_point="12551" crossing="0" crossing_point="12584" exp_start_point="12518" gender="female" id="4_13_1652" intention_prob="0.8666666667" intersection="four-way" num_lanes="4" signalized="CS" traffic_direction="TW" /><pedestrian age="adult" critical_point="14066" crossing="-1" crossing_point="14110" exp_start_point="13976" gender="female" id="4_13_1655" intention_prob="0" intersection="midblock" num_lanes="4" signalized="n/a" traffic_direction="TW" /></ped_attributes>