<ped_attributes><pedestrian age="adult" critical_point="4596" crossing="-1" crossing_point="4637" exp_start_point="4506" gender="male" id="4_12_1563" intention_prob="0.15" intersection="midblock" num_lanes="2" signalized="n/a" traffic_direction="OW" /><pedestrian age="adult" critical_point="5489" crossing="1" crossing_point="5504" exp_start_point="5399" gender="female" id="4_12_1576" intention_prob="0.9666666667" intersection="four-way" num_lanes="2" signalized="CS" traffic_direction="OW" /><pedestrian age="adult" critical_point="12899" crossing="-1" crossing_point="12981" exp_start_point="12718" gender="male" id="4_12_1598" intention_prob="0" intersection="midblock" num_lanes="2" signalized="n/a" traffic_direction="OW" /><pedestrian age="adult" critical_point="4801" crossing="-1" crossing_point="4838" exp_start_point="4711" gender="female" id="4_12_1573" intention_prob="0.0833333333" intersection="midblock" num_lanes="2" signalized="n/a" traffic_direction="OW" /><pedestrian age="adult" critical_point="20769" crossing="-1" crossing_point="20788" exp_start_point="20679" gender="female" id="4_12_1630" intention_prob="0.2333333333" intersection="midblock" num_lanes="4" signalized="n/a" traffic_direction="TW" /><pedestrian age="adult" critical_point="3279" crossing="-1" crossing_point="3361" exp_start_point="3158" gender="female" id="4_12_1553" intention_prob="0.0333333333" intersection="midblock" num_lanes="2" signalized="n/a" traffic_direction="OW" /><pedestrian age="adult" critical_point="12822" crossing="0" crossing_point="12874" exp_start_point="12784" gender="female" id="4_12_1591" intention_prob="0.9833333333" intersection="four-way" num_lanes="2" signalized="CS" traffic_direction="OW" /><pedestrian age="adult" critical_point="18089" crossing="-1" crossing_point="18120" exp_start_point="17999" gender="female" id="4_12_1618" intention_prob="0.0166666667" intersection="midblock" num_lanes="2" signalized="n/a" traffic_direction="OW" /><pedestrian age="adult" critical_point="2852" crossing="-1" crossing_point="2938" exp_start_point="2762" gender="male" id="4_12_1554" intention_prob="0.1833333333" intersection="midblock" num_lanes="2" signalized="n/a" traffic_direction="OW" /><pedestrian age="adult" critical_point="17877" crossing="1" crossing_point="17896" exp_start_point="17745" gender="female" id="4_12_1614" intention_prob="1" intersection="T-left" num_lanes="2" signalized="n/a" traffic_direction="OW" /><pedestrian age="senior" critical_point="10607" crossing="-1" crossing_point="10667" exp_start_point="10517" gender="male" id="4_12_1585" intention_prob="0.0833333333" intersection="midblock" num_lanes="2" signalized="n/a" traffic_direction="OW" /><pedestrian age="adult" critical_point="15200" crossing="1" crossing_point="15166" exp_start_point="15142" gender="male" id="4_12_1603" intention_prob="0.95" intersection="T" num_lanes="4" signalized="CS" traffic_direction="TW" /><pedestrian age="adult" critical_point="14997" crossing="0" crossing_point="15034" exp_start_point="14907" gender="male" id="4_12_1601" intention_prob="0.8833333333" intersection="T" num_lanes="2" signalized="CS" traffic_direction="OW" /><pedestrian age="adult" critical_point="4424" crossing="0" crossing_point="4507" exp_start_point="4345" gender="female" id="4_12_1559" intention_prob="1" intersection="four-way" num_lanes="2" signalized="CS" traffic_direction="OW" /><pedestrian age="adult" critical_point="4680" crossing="-1" crossing_point="4713" exp_start_point="4590" gender="male" id="4_12_1565" intention_prob="0.0666666667" intersection="midblock" num_lanes="2" signalized="n/a" traffic_direction="OW" /><pedestrian age="adult" critical_point="17764" crossing="-1" crossing_point="17807" exp_start_point="17669" gender="female" id="4_12_1613" intention_prob="0.5166666667" intersection="T-left" num_lanes="2" signalized="n/a" traffic_direction="OW" /><pedestrian age="adult" critical_point="17363" crossing="-1" crossing_point="17412" exp_start_point="17273" gender="female" id="4_12_1609" intention_prob="0.1" intersection="midblock" num_lanes="2" signalized="n/a" traffic_direction="OW" /><pedestrian age="adult" critical_point="9174" crossing="0" crossing_point="9188" exp_start_point="9158" gender="male" id="4_12_1584" intention_prob="0.8" intersection="T" num_lanes="2" signalized="S" traffic_direction="OW" /><pedestrian age="adult" critical_point="18161" crossing="-1" crossing_point="18281" exp_start_point="18071" gender="female" id="4_12_1616" intention_prob="0.1" intersection="midblock" num_lanes="2" signalized="n/a" traffic_direction="OW" /><pedestrian age="adult" critical_point="17363" crossing="-1" crossing_point="17401" exp_start_point="17273" gender="female" id="4_12_1608" intention_prob="0.05" intersection="midblock" num_lanes="2" signalized="n/a" traffic_direction="OW" /><pedestrian age="senior" critical_point="2087" crossing="-1" crossing_point="2131" exp_start_point="1997" gender="male" id="4_12_1550" intention_prob="0.4833333333" intersection="midblock" num_lanes="2" signalized="n/a" traffic_direction="OW" /><pedestrian age="adult" critical_point="18041" crossing="-1" crossing_point="18088" exp_start_point="17951" gender="male" id="4_12_1620" intention_prob="0.1166666667" intersection="midblock" num_lanes="2" signalized="n/a" traffic_direction="OW" /><pedestrian age="adult" critical_point="18161" crossing="-1" crossing_point="18287" exp_start_point="18071" gender="male" id="4_12_1617" intention_prob="0.3166666667" intersection="midblock" num_lanes="2" signalized="n/a" traffic_direction="OW" /><pedestrian age="adult" critical_point="4674" crossing="0" crossing_point="4725" exp_start_point="4584" gender="female" id="4_12_1568" intention_prob="0.85" intersection="midblock" num_lanes="2" signalized="n/a" traffic_direction="OW" /><pedestrian age="adult" critical_point="3700" crossing="-1" crossing_point="3760" exp_start_point="3540" gender="female" id="4_12_1555" intention_prob="0" intersection="midblock" num_lanes="2" signalized="n/a" traffic_direction="OW" /><pedestrian age="adult" critical_point="20165" crossing="-1" crossing_point="20185" exp_start_point="20075" gender="female" id="4_12_1628" intention_prob="0.0333333333" intersection="midblock" num_lanes="4" signalized="n/a" traffic_direction="TW" /><pedestrian age="senior" critical_point="17354" crossing="-1" crossing_point="17399" exp_start_point="17264" gender="male" id="4_12_1610" intention_prob="0.2833333333" intersection="midblock" num_lanes="2" signalized="n/a" traffic_direction="OW" /><pedestrian age="adult" critical_point="19183" crossing="-1" crossing_point="19284" exp_start_point="19093" gender="male" id="4_12_1625" intention_prob="0.15" intersection="midblock" num_lanes="2" signalized="n/a" traffic_direction="OW" /><pedestrian age="senior" critical_point="18201" crossing="-1" crossing_point="18230" exp_start_point="18121" gender="female" id="4_12_1621" intention_prob="0.1166666667" intersection="midblock" num_lanes="2" signalized="n/a" traffic_direction="OW" /><pedestrian age="senior" critical_point="4051" crossing="1" crossing_point="4070" exp_start_point="3970" gender="male" id="4_12_1557" intention_prob="0.95" intersection="four-way" num_lanes="2" signalized="CS" traffic_direction="OW" /><pedestrian age="adult" critical_point="17701" crossing="0" crossing_point="17731" exp_start_point="17615" gender="male" id="4_12_1615" intention_prob="0.8833333333" intersection="T-left" num_lanes="2" signalized="n/a" traffic_direction="OW" /><pedestrian age="adult" critical_point="17751" crossing="-1" crossing_point="17783" exp_start_point="17669" gender="female" id="4_12_1612" intention_prob="0.4833333333" intersection="T-left" num_lanes="2" signalized="n/a" traffic_direction="OW" /><pedestrian age="adult" critical_point="16592" crossing="-1" crossing_point="16648" exp_start_point="16502" gender="male" id="4_12_1606" intention_prob="0.55" intersection="midblock" num_lanes="2" signalized="n/a" traffic_direction="OW" /><pedestrian age="senior" critical_point="5482" crossing="1" crossing_point="5484" exp_start_point="5392" gender="female" id="4_12_1575" intention_prob="0.9333333333" intersection="four-way" num_lanes="2" signalized="CS" traffic_direction="OW" /><pedestrian age="adult" critical_point="2087" crossing="-1" crossing_point="2132" exp_start_point="1997" gender="female" id="4_12_1551" intention_prob="0.55" intersection="midblock" num_lanes="2" signalized="n/a" traffic_direction="OW" /><pedestrian age="adult" critical_point="305" crossing="-1" crossing_point="465" exp_start_point="215" gender="female" id="4_12_1543" intention_prob="0.4166666667" intersection="T-right" num_lanes="4" signalized="n/a" traffic_direction="TW" /><pedestrian age="adult" critical_point="12840" crossing="-1" crossing_point="12887" exp_start_point="12750" gender="male" id="4_12_1595" intention_prob="0.05" intersection="four-way" num_lanes="2" signalized="CS" traffic_direction="OW" /><pedestrian age="senior" critical_point="1737" crossing="0" crossing_point="1755" exp_start_point="1714" gender="male" id="4_12_1549" intention_prob="0.5333333333" intersection="midblock" num_lanes="2" signalized="n/a" traffic_direction="OW" /><pedestrian age="adult" critical_point="6491" crossing="1" crossing_point="6494" exp_start_point="6380" gender="male" id="4_12_1581" intention_prob="0.9833333333" intersection="midblock" num_lanes="2" signalized="n/a" traffic_direction="OW" /><pedestrian age="adult" critical_point="18047" crossing="-1" crossing_point="18091" exp_start_point="17957" gender="male" id="4_12_1619" intention_prob="0.1" intersection="midblock" num_lanes="2" signalized="n/a" traffic_direction="OW" /><pedestrian age="adult" critical_point="20773" crossing="-1" crossing_point="20796" exp_start_point="20694" gender="female" id="4_12_1632" intention_prob="0.5" intersection="midblock" num_lanes="4" signalized="n/a" traffic_direction="TW" /><pedestrian age="senior" critical_point="18848" crossing="0" crossing_point="18898" exp_start_point="18758" gender="male" id="4_12_1624" intention_prob="0.9833333333" intersection="midblock" num_lanes="2" signalized="n/a" traffic_direction="OW" /><pedestrian age="adult" critical_point="4735" crossing="-1" crossing_point="4771" exp_start_point="4645" gender="female" id="4_12_1570" intention_prob="0.2333333333" intersection="midblock" num_lanes="2" signalized="n/a" traffic_direction="OW" /><pedestrian age="adult" critical_point="12836" crossing="-1" crossing_point="12882" exp_start_point="12681" gender="male" id="4_12_1597" intention_prob="0.55" intersection="four-way" num_lanes="2" signalized="CS" traffic_direction="OW" /><pedestrian age="adult" critical_point="4680" crossing="-1" crossing_point="4719" exp_start_point="4590" gender="male" id="4_12_1564" intention_prob="0.1" intersection="midblock" num_lanes="2" signalized="n/a" traffic_direction="OW" /><pedestrian age="senior" critical_point="4587" crossing="0" crossing_point="4626" exp_start_point="4483" gender="female" id="4_12_1562" intention_prob="0.9333333333" intersection="midblock" num_lanes="2" signalized="n/a" traffic_direction="OW" /><pedestrian age="adult" critical_point="1126" crossing="0" crossing_point="1174" exp_start_point="1036" gender="male" id="4_12_1547" intention_prob="0.9166666667" intersection="T-left" num_lanes="2" signalized="n/a" traffic_direction="OW" /><pedestrian age="adult" critical_point="16592" crossing="-1" crossing_point="16640" exp_start_point="16502" gender="male" id="4_12_1605" intention_prob="0.5833333333" intersection="midblock" num_lanes="2" signalized="n/a" traffic_direction="OW" /><pedestrian age="adult" critical_point="1485" crossing="0" crossing_point="1512" exp_start_point="1395" gender="male" id="4_12_1548" intention_prob="0.5166666667" intersection="T-left" num_lanes="2" signalized="n/a" traffic_direction="OW" /><pedestrian age="adult" critical_point="12836" crossing="-1" crossing_point="12893" exp_start_point="12681" gender="female" id="4_12_1596" intention_prob="0.6" intersection="four-way" num_lanes="2" signalized="CS" traffic_direction="OW" /><pedestrian age="adult" critical_point="20755" crossing="-1" crossing_point="20782" exp_start_point="20665" gender="female" id="4_12_1629" intention_prob="0.25" intersection="midblock" num_lanes="4" signalized="n/a" traffic_direction="TW" /><pedestrian age="senior" critical_point="6015" crossing="0" crossing_point="6066" exp_start_point="5925" gender="male" id="4_12_1578" intention_prob="0.7833333333" intersection="midblock" num_lanes="2" signalized="n/a" traffic_direction="OW" /><pedestrian age="senior" critical_point="3830" crossing="-1" crossing_point="3902" exp_start_point="3740" gender="male" id="4_12_1556" intention_prob="0.05" intersection="midblock" num_lanes="2" signalized="n/a" traffic_direction="OW" /><pedestrian age="adult" critical_point="6652" crossing="-1" crossing_point="6699" exp_start_point="6562" gender="male" id="4_12_1583" intention_prob="0.05" intersection="midblock" num_lanes="2" signalized="n/a" traffic_direction="OW" /><pedestrian age="adult" critical_point="12840" crossing="-1" crossing_point="12871" exp_start_point="12750" gender="male" id="4_12_1594" intention_prob="0.0666666667" intersection="four-way" num_lanes="2" signalized="CS" traffic_direction="OW" /><pedestrian age="senior" critical_point="12403" crossing="-1" crossing_point="12533" exp_start_point="12281" gender="male" id="4_12_1586" intention_prob="0.6833333333" intersection="four-way" num_lanes="2" signalized="CS" traffic_direction="OW" /><pedestrian age="adult" critical_point="1126" crossing="0" crossing_point="1170" exp_start_point="1036" gender="male" id="4_12_1546" intention_prob="0.9" intersection="T-left" num_lanes="2" signalized="n/a" traffic_direction="OW" /><pedestrian age="adult" critical_point="4416" crossing="-1" crossing_point="4522" exp_start_point="4296" gender="male" id="4_12_1561" intention_prob="0.15" intersection="midblock" num_lanes="2" signalized="n/a" traffic_direction="OW" /><pedestrian age="adult" critical_point="18200" crossing="-1" crossing_point="18237" exp_start_point="18177" gender="male" id="4_12_1622" intention_prob="0.0833333333" intersection="midblock" num_lanes="2" signalized="n/a" traffic_direction="OW" /><pedestrian age="adult" critical_point="4703" crossing="-1" crossing_point="4731" exp_start_point="4613" gender="male" id="4_12_1566" intention_prob="0.05" intersection="midblock" num_lanes="2" signalized="n/a" traffic_direction="OW" /><pedestrian age="adult" critical_point="12575" crossing="1" crossing_point="12593" exp_start_point="12485" gender="male" id="4_12_1589" intention_prob="1" intersection="four-way" num_lanes="2" signalized="CS" traffic_direction="OW" /><pedestrian age="adult" critical_point="5457" crossing="1" crossing_point="5438" exp_start_point="5367" gender="male" id="4_12_1574" intention_prob="0.9833333333" intersection="four-way" num_lanes="2" signalized="CS" traffic_direction="OW" /><pedestrian age="adult" critical_point="20827" crossing="0" crossing_point="20853" exp_start_point="20737" gender="male" id="4_12_1633" intention_prob="0.8833333333" intersection="four-way" num_lanes="4" signalized="CS" traffic_direction="TW" /><pedestrian age="adult" critical_point="4674" crossing="0" crossing_point="4720" exp_start_point="4584" gender="female" id="4_12_1569" intention_prob="0.8333333333" intersection="midblock" num_lanes="2" signalized="n/a" traffic_direction="OW" /><pedestrian age="adult" critical_point="12840" crossing="-1" crossing_point="12884" exp_start_point="12750" gender="male" id="4_12_1593" intention_prob="0.0333333333" intersection="four-way" num_lanes="2" signalized="CS" traffic_direction="OW" /><pedestrian age="adult" critical_point="6416" crossing="-1" crossing_point="6452" exp_start_point="6326" gender="female" id="4_12_1580" intention_prob="0.0333333333" intersection="midblock" num_lanes="2" signalized="n/a" traffic_direction="OW" /><pedestrian age="adult" critical_point="17697" crossing="0" crossing_point="17727" exp_start_point="17631" gender="male" id="4_12_1611" intention_prob="0.7666666667" intersection="T-left" num_lanes="2" signalized="n/a" traffic_direction="OW" /><pedestrian age="adult" critical_point="2300" crossing="-1" crossing_point="2330" exp_start_point="2210" gender="male" id="4_12_1552" intention_prob="0.05" intersection="midblock" num_lanes="2" signalized="n/a" traffic_direction="OW" /><pedestrian age="adult" critical_point="305" crossing="-1" crossing_point="473" exp_start_point="285" gender="female" id="4_12_1544" intention_prob="0.3833333333" intersection="T-right" num_lanes="4" signalized="n/a" traffic_direction="TW" /><pedestrian age="adult" critical_point="1148" crossing="-1" crossing_point="1195" exp_start_point="1058" gender="male" id="4_12_1545" intention_prob="0.7" intersection="T-left" num_lanes="2" signalized="n/a" traffic_direction="OW" /><pedestrian age="adult" critical_point="4723" crossing="-1" crossing_point="4750" exp_start_point="4633" gender="male" id="4_12_1571" intention_prob="0.15" intersection="midblock" num_lanes="2" signalized="n/a" traffic_direction="OW" /><pedestrian age="senior" critical_point="6033" crossing="0" crossing_point="6070" exp_start_point="5943" gender="male" id="4_12_1579" intention_prob="0.95" intersection="midblock" num_lanes="2" signalized="n/a" traffic_direction="OW" /><pedestrian age="adult" critical_point="15055" crossing="0" crossing_point="15086" exp_start_point="14965" gender="male" id="4_12_1602" intention_prob="0.9333333333" intersection="T" num_lanes="2" signalized="CS" traffic_direction="OW" /><pedestrian age="adult" critical_point="18582" crossing="-1" crossing_point="18625" exp_start_point="18492" gender="male" id="4_12_1623" intention_prob="0.1" intersection="T-left" num_lanes="2" signalized="n/a" traffic_direction="OW" /><pedestrian age="adult" critical_point="19258" crossing="-1" crossing_point="19298" exp_start_point="19168" gender="female" id="4_12_1626" intention_prob="0.1166666667" intersection="midblock" num_lanes="2" signalized="n/a" traffic_direction="OW" /><pedestrian age="adult" critical_point="19930" crossing="0" crossing_point="19968" exp_start_point="19858" gender="male" id="4_12_1627" intention_prob="0.6166666667" intersection="midblock" num_lanes="4" signalized="n/a" traffic_direction="TW" /><pedestrian age="adult" critical_point="13010" crossing="1" crossing_point="13051" exp_start_point="12983" gender="male" id="4_12_1599" intention_prob="0.9833333333" intersection="midblock" num_lanes="2" signalized="n/a" traffic_direction="OW" /><pedestrian age="senior" critical_point="15501" crossing="-1" crossing_point="15527" exp_start_point="15449" gender="male" id="4_12_1604" intention_prob="0" intersection="midblock" num_lanes="2" signalized="n/a" traffic_direction="OW" /><pedestrian age="adult" critical_point="20820" crossing="0" crossing_point="20847" exp_start_point="20730" gender="female" id="4_12_1634" intention_prob="0.9166666667" intersection="four-way" num_lanes="4" signalized="CS" traffic_direction="TW" /><pedestrian age="adult" critical_point="4424" crossing="0" crossing_point="4481" exp_start_point="4345" gender="male" id="4_12_1558" intention_prob="0.9833333333" intersection="four-way" num_lanes="2" signalized="CS" traffic_direction="OW" /><pedestrian age="child" critical_point="20773" crossing="-1" crossing_point="20793" exp_start_point="20693" gender="female" id="4_12_1631" intention_prob="0.4666666667" intersection="midblock" num_lanes="4" signalized="n/a" traffic_direction="TW" /><pedestrian age="adult" critical_point="14997" crossing="0" crossing_point="15044" exp_start_point="14727" gender="male" id="4_12_1600" intention_prob="0.9" intersection="T" num_lanes="2" signalized="CS" traffic_direction="OW" /><pedestrian age="senior" critical_point="6673" crossing="-1" crossing_point="6719" exp_start_point="6583" gender="male" id="4_12_1582" intention_prob="0.0833333333" intersection="midblock" num_lanes="2" signalized="n/a" traffic_direction="OW" /><pedestrian age="child" critical_point="12822" crossing="0" crossing_point="12891" exp_start_point="12786" gender="female" id="4_12_1590" intention_prob="0.9" intersection="four-way" num_lanes="2" signalized="CS" traffic_direction="OW" /><pedestrian age="adult" critical_point="12567" crossing="0" crossing_point="12600" exp_start_point="12492" gender="male" id="4_12_1587" intention_prob="0.95" intersection="four-way" num_lanes="2" signalized="CS" traffic_direction="OW" /><pedestrian age="adult" critical_point="16714" crossing="-1" crossing_point="16760" exp_start_point="16624" gender="male" id="4_12_1607" intention_prob="0.0833333333" intersection="midblock" num_lanes="2" signalized="n/a" traffic_direction="OW" /></ped_attributes>