<ped_attributes><pedestrian age="adult" critical_point="4443" crossing="0" crossing_point="4481" exp_start_point="4353" gender="male" id="4_8_1372" intention_prob="0.9" intersection="four-way" num_lanes="3" signalized="CS" traffic_direction="OW" /><pedestrian age="adult" critical_point="6178" crossing="0" crossing_point="6233" exp_start_point="6088" gender="female" id="4_8_1384" intention_prob="0.9666666667" intersection="four-way" num_lanes="3" signalized="CS" traffic_direction="OW" /><pedestrian age="adult" critical_point="11191" crossing="0" crossing_point="11218" exp_start_point="11155" gender="male" id="4_8_1400" intention_prob="1" intersection="midblock" num_lanes="4" signalized="CS" traffic_direction="TW" /><pedestrian age="adult" critical_point="14335" crossing="1" crossing_point="14976" exp_start_point="14245" gender="male" id="4_8_1404" intention_prob="0.9" intersection="four-way" num_lanes="2" signalized="CS" traffic_direction="OW" /><pedestrian age="adult" critical_point="4443" crossing="0" crossing_point="4469" exp_start_point="4401" gender="male" id="4_8_1374" intention_prob="0.9666666667" intersection="four-way" num_lanes="3" signalized="CS" traffic_direction="OW" /><pedestrian age="adult" critical_point="9609" crossing="0" crossing_point="9657" exp_start_point="9519" gender="female" id="4_8_1386" intention_prob="0.65" intersection="four-way" num_lanes="3" signalized="CS" traffic_direction="OW" /><pedestrian age="adult" critical_point="8799" crossing="0" crossing_point="8821" exp_start_point="8709" gender="male" id="4_8_1393" intention_prob="0.5666666667" intersection="midblock" num_lanes="3" signalized="n/a" traffic_direction="OW" /><pedestrian age="adult" critical_point="6073" crossing="0" crossing_point="6104" exp_start_point="5983" gender="female" id="4_8_1378" intention_prob="0.65" intersection="four-way" num_lanes="3" signalized="CS" traffic_direction="OW" /><pedestrian age="adult" critical_point="15942" crossing="0" crossing_point="15992" exp_start_point="15852" gender="female" id="4_8_1410" intention_prob="0.55" intersection="four-way" num_lanes="3" signalized="CS" traffic_direction="OW" /><pedestrian age="adult" critical_point="9609" crossing="0" crossing_point="9648" exp_start_point="9519" gender="female" id="4_8_1385" intention_prob="0.95" intersection="four-way" num_lanes="3" signalized="CS" traffic_direction="OW" /><pedestrian age="adult" critical_point="6168" crossing="0" crossing_point="6223" exp_start_point="6078" gender="female" id="4_8_1383" intention_prob="0.8166666667" intersection="four-way" num_lanes="3" signalized="CS" traffic_direction="OW" /><pedestrian age="adult" critical_point="9609" crossing="0" crossing_point="9643" exp_start_point="9519" gender="female" id="4_8_1387" intention_prob="0.4666666667" intersection="four-way" num_lanes="3" signalized="CS" traffic_direction="OW" /><pedestrian age="adult" critical_point="4443" crossing="0" crossing_point="4475" exp_start_point="4401" gender="female" id="4_8_1373" intention_prob="0.8333333333" intersection="four-way" num_lanes="3" signalized="CS" traffic_direction="OW" /><pedestrian age="adult" critical_point="12437" crossing="0" crossing_point="12483" exp_start_point="12385" gender="female" id="4_8_1403" intention_prob="0.95" intersection="T-left" num_lanes="4" signalized="CS" traffic_direction="TW" /><pedestrian age="adult" critical_point="8360" crossing="0" crossing_point="8416" exp_start_point="8270" gender="female" id="4_8_1391" intention_prob="0.9" intersection="four-way" num_lanes="3" signalized="CS" traffic_direction="OW" /><pedestrian age="adult" critical_point="10766" crossing="-1" crossing_point="10918" exp_start_point="10676" gender="male" id="4_8_1399" intention_prob="0.25" intersection="T" num_lanes="2" signalized="CS" traffic_direction="TW" /><pedestrian age="senior" critical_point="6079" crossing="0" crossing_point="6112" exp_start_point="6010" gender="female" id="4_8_1380" intention_prob="0.6" intersection="four-way" num_lanes="3" signalized="CS" traffic_direction="OW" /><pedestrian age="adult" critical_point="15942" crossing="0" crossing_point="15994" exp_start_point="15852" gender="male" id="4_8_1406" intention_prob="0.65" intersection="four-way" num_lanes="3" signalized="CS" traffic_direction="OW" /><pedestrian age="adult" critical_point="10249" crossing="1" crossing_point="10253" exp_start_point="10223" gender="male" id="4_8_1395" intention_prob="1" intersection="T" num_lanes="2" signalized="CS" traffic_direction="TW" /><pedestrian age="adult" critical_point="10197" crossing="1" crossing_point="10201" exp_start_point="10165" gender="female" id="4_8_1394" intention_prob="0.95" intersection="T" num_lanes="2" signalized="CS" traffic_direction="TW" /><pedestrian age="adult" critical_point="15942" crossing="0" crossing_point="15969" exp_start_point="15852" gender="male" id="4_8_1408" intention_prob="0.85" intersection="four-way" num_lanes="3" signalized="CS" traffic_direction="OW" /><pedestrian age="adult" critical_point="4446" crossing="0" crossing_point="4467" exp_start_point="4410" gender="male" id="4_8_1375" intention_prob="0.9" intersection="four-way" num_lanes="3" signalized="CS" traffic_direction="OW" /><pedestrian age="adult" critical_point="8360" crossing="0" crossing_point="8432" exp_start_point="8270" gender="female" id="4_8_1390" intention_prob="0.9666666667" intersection="four-way" num_lanes="3" signalized="CS" traffic_direction="OW" /><pedestrian age="adult" critical_point="12437" crossing="0" crossing_point="12497" exp_start_point="12347" gender="female" id="4_8_1401" intention_prob="0.9666666667" intersection="T-left" num_lanes="4" signalized="CS" traffic_direction="TW" /><pedestrian age="adult" critical_point="12437" crossing="0" crossing_point="12477" exp_start_point="12347" gender="male" id="4_8_1402" intention_prob="0.9666666667" intersection="T-left" num_lanes="4" signalized="CS" traffic_direction="TW" /><pedestrian age="adult" critical_point="10640" crossing="-1" crossing_point="10667" exp_start_point="10252" gender="female" id="4_8_1397" intention_prob="0.55" intersection="T" num_lanes="2" signalized="CS" traffic_direction="TW" /><pedestrian age="adult" critical_point="14335" crossing="1" crossing_point="14983" exp_start_point="14245" gender="female" id="4_8_1405" intention_prob="0.9333333333" intersection="four-way" num_lanes="2" signalized="CS" traffic_direction="OW" /><pedestrian age="adult" critical_point="15942" crossing="0" crossing_point="15964" exp_start_point="15852" gender="female" id="4_8_1409" intention_prob="0.8166666667" intersection="four-way" num_lanes="3" signalized="CS" traffic_direction="OW" /><pedestrian age="adult" critical_point="10352" crossing="1" crossing_point="10370" exp_start_point="10282" gender="female" id="4_8_1396" intention_prob="0.9833333333" intersection="T" num_lanes="2" signalized="CS" traffic_direction="TW" /><pedestrian age="senior" critical_point="6079" crossing="-1" crossing_point="6116" exp_start_point="6008" gender="male" id="4_8_1382" intention_prob="0.5666666667" intersection="four-way" num_lanes="3" signalized="CS" traffic_direction="OW" /><pedestrian age="adult" critical_point="15942" crossing="0" crossing_point="15998" exp_start_point="15852" gender="female" id="4_8_1407" intention_prob="0.6333333333" intersection="four-way" num_lanes="3" signalized="CS" traffic_direction="OW" /><pedestrian age="adult" critical_point="9609" crossing="0" crossing_point="9651" exp_start_point="9519" gender="female" id="4_8_1388" intention_prob="0.4166666667" intersection="four-way" num_lanes="3" signalized="CS" traffic_direction="OW" /><pedestrian age="adult" critical_point="1426" crossing="-1" crossing_point="1457" exp_start_point="1335" gender="female" id="4_8_1371" intention_prob="0.3" intersection="midblock" num_lanes="3" signalized="n/a" traffic_direction="OW" /><pedestrian age="adult" critical_point="10640" crossing="-1" crossing_point="10658" exp_start_point="10206" gender="male" id="4_8_1398" intention_prob="0.4666666667" intersection="T" num_lanes="2" signalized="CS" traffic_direction="TW" /><pedestrian age="senior" critical_point="8447" crossing="1" crossing_point="8468" exp_start_point="8357" gender="male" id="4_8_1392" intention_prob="1" intersection="four-way" num_lanes="3" signalized="CS" traffic_direction="OW" /><pedestrian age="senior" critical_point="6079" crossing="-1" crossing_point="6111" exp_start_point="6010" gender="female" id="4_8_1381" intention_prob="0.7333333333" intersection="four-way" num_lanes="3" signalized="CS" traffic_direction="OW" /><pedestrian age="adult" critical_point="15942" crossing="0" crossing_point="15976" exp_start_point="15852" gender="male" id="4_8_1411" intention_prob="0.8333333333" intersection="four-way" num_lanes="3" signalized="CS" traffic_direction="OW" /><pedestrian age="adult" critical_point="6073" crossing="0" crossing_point="6108" exp_start_point="6022" gender="female" id="4_8_1379" intention_prob="0.75" intersection="four-way" num_lanes="3" signalized="CS" traffic_direction="OW" /></ped_attributes>