<ped_attributes><pedestrian age="adult" critical_point="14684" crossing="1" crossing_point="14700" exp_start_point="14505" gender="female" id="4_9_1467" intention_prob="0.85" intersection="four-way" num_lanes="2" signalized="CS" traffic_direction="TW" /><pedestrian age="adult" critical_point="11488" crossing="-1" crossing_point="11518" exp_start_point="11398" gender="male" id="4_9_1461" intention_prob="0.0166666667" intersection="midblock" num_lanes="2" signalized="n/a" traffic_direction="TW" /><pedestrian age="adult" critical_point="11095" crossing="1" crossing_point="11109" exp_start_point="11066" gender="male" id="4_9_1460" intention_prob="0.9833333333" intersection="four-way" num_lanes="2" signalized="CS" traffic_direction="OW" /><pedestrian age="adult" critical_point="9382" crossing="0" crossing_point="9408" exp_start_point="9272" gender="female" id="4_9_1449" intention_prob="0.9333333333" intersection="four-way" num_lanes="3" signalized="CS" traffic_direction="TW" /><pedestrian age="adult" critical_point="15445" crossing="1" crossing_point="15488" exp_start_point="15332" gender="female" id="4_9_1468" intention_prob="0.8666666667" intersection="four-way" num_lanes="2" signalized="CS" traffic_direction="TW" /><pedestrian age="adult" critical_point="16557" crossing="1" crossing_point="16639" exp_start_point="16467" gender="male" id="4_9_1472" intention_prob="0.8333333333" intersection="four-way" num_lanes="2" signalized="CS" traffic_direction="TW" /><pedestrian age="adult" critical_point="8725" crossing="0" crossing_point="8746" exp_start_point="8635" gender="female" id="4_9_1438" intention_prob="0.7833333333" intersection="four-way" num_lanes="3" signalized="CS" traffic_direction="TW" /><pedestrian age="adult" critical_point="5683" crossing="1" crossing_point="5686" exp_start_point="5653" gender="male" id="4_9_1423" intention_prob="0.95" intersection="four-way" num_lanes="3" signalized="CS" traffic_direction="TW" /><pedestrian age="adult" critical_point="9877" crossing="0" crossing_point="9901" exp_start_point="9854" gender="male" id="4_9_1452" intention_prob="0.95" intersection="four-way" num_lanes="3" signalized="CS" traffic_direction="TW" /><pedestrian age="adult" critical_point="10261" crossing="1" crossing_point="10290" exp_start_point="10171" gender="male" id="4_9_1453" intention_prob="0.95" intersection="four-way" num_lanes="2" signalized="C" traffic_direction="OW" /><pedestrian age="adult" critical_point="8734" crossing="0" crossing_point="8744" exp_start_point="8644" gender="male" id="4_9_1437" intention_prob="0.5333333333" intersection="four-way" num_lanes="3" signalized="CS" traffic_direction="TW" /><pedestrian age="adult" critical_point="10248" crossing="-1" crossing_point="10581" exp_start_point="10158" gender="male" id="4_9_1459" intention_prob="0.1666666667" intersection="four-way" num_lanes="2" signalized="n/a" traffic_direction="OW" /><pedestrian age="adult" critical_point="14572" crossing="1" crossing_point="14639" exp_start_point="14482" gender="female" id="4_9_1464" intention_prob="0.7833333333" intersection="four-way" num_lanes="2" signalized="CS" traffic_direction="TW" /><pedestrian age="adult" critical_point="6460" crossing="1" crossing_point="6641" exp_start_point="6370" gender="male" id="4_9_1427" intention_prob="0.8666666667" intersection="four-way" num_lanes="4" signalized="CS" traffic_direction="OW" /><pedestrian age="adult" critical_point="15806" crossing="1" crossing_point="15823" exp_start_point="15748" gender="male" id="4_9_1471" intention_prob="0.8833333333" intersection="four-way" num_lanes="2" signalized="CS" traffic_direction="TW" /><pedestrian age="adult" critical_point="9301" crossing="0" crossing_point="9319" exp_start_point="9211" gender="female" id="4_9_1439" intention_prob="0.8666666667" intersection="four-way" num_lanes="3" signalized="CS" traffic_direction="TW" /><pedestrian age="adult" critical_point="9382" crossing="0" crossing_point="9403" exp_start_point="9272" gender="male" id="4_9_1448" intention_prob="0.9" intersection="four-way" num_lanes="3" signalized="CS" traffic_direction="TW" /><pedestrian age="adult" critical_point="15271" crossing="-1" crossing_point="15297" exp_start_point="15188" gender="female" id="4_9_1474" intention_prob="0.1833333333" intersection="midblock" num_lanes="3" signalized="n/a" traffic_direction="TW" /><pedestrian age="adult" critical_point="9877" crossing="0" crossing_point="9904" exp_start_point="9835" gender="male" id="4_9_1451" intention_prob="0.95" intersection="four-way" num_lanes="3" signalized="CS" traffic_direction="TW" /><pedestrian age="adult" critical_point="14572" crossing="1" crossing_point="14613" exp_start_point="14482" gender="male" id="4_9_1466" intention_prob="0.95" intersection="four-way" num_lanes="2" signalized="CS" traffic_direction="TW" /><pedestrian age="adult" critical_point="9301" crossing="0" crossing_point="9327" exp_start_point="9227" gender="female" id="4_9_1442" intention_prob="0.9833333333" intersection="four-way" num_lanes="3" signalized="CS" traffic_direction="TW" /><pedestrian age="adult" critical_point="9914" crossing="0" crossing_point="9934" exp_start_point="9830" gender="female" id="4_9_1456" intention_prob="0.9333333333" intersection="four-way" num_lanes="3" signalized="CS" traffic_direction="OW" /><pedestrian age="adult" critical_point="16557" crossing="1" crossing_point="16631" exp_start_point="16467" gender="female" id="4_9_1473" intention_prob="0.7666666667" intersection="four-way" num_lanes="2" signalized="CS" traffic_direction="TW" /><pedestrian age="adult" critical_point="10807" crossing="0" crossing_point="10827" exp_start_point="10733" gender="male" id="4_9_1457" intention_prob="0.6833333333" intersection="midblock" num_lanes="2" signalized="n/a" traffic_direction="OW" /><pedestrian age="adult" critical_point="10261" crossing="1" crossing_point="10302" exp_start_point="10171" gender="female" id="4_9_1454" intention_prob="0.9333333333" intersection="four-way" num_lanes="2" signalized="C" traffic_direction="OW" /><pedestrian age="adult" critical_point="6760" crossing="-1" crossing_point="6804" exp_start_point="6677" gender="male" id="4_9_1428" intention_prob="0.05" intersection="midblock" num_lanes="4" signalized="n/a" traffic_direction="OW" /><pedestrian age="adult" critical_point="9301" crossing="0" crossing_point="9316" exp_start_point="9211" gender="male" id="4_9_1441" intention_prob="0.9666666667" intersection="four-way" num_lanes="3" signalized="CS" traffic_direction="TW" /><pedestrian age="adult" critical_point="5677" crossing="1" crossing_point="5696" exp_start_point="5630" gender="male" id="4_9_1422" intention_prob="1" intersection="four-way" num_lanes="3" signalized="CS" traffic_direction="TW" /><pedestrian age="adult" critical_point="8869" crossing="0" crossing_point="8896" exp_start_point="8813" gender="male" id="4_9_1440" intention_prob="0.65" intersection="four-way" num_lanes="3" signalized="CS" traffic_direction="TW" /><pedestrian age="adult" critical_point="7058" crossing="0" crossing_point="7129" exp_start_point="6968" gender="female" id="4_9_1432" intention_prob="0.9333333333" intersection="four-way" num_lanes="3" signalized="n/a" traffic_direction="OW" /><pedestrian age="senior" critical_point="7058" crossing="0" crossing_point="7123" exp_start_point="6968" gender="female" id="4_9_1431" intention_prob="0.9" intersection="four-way" num_lanes="3" signalized="n/a" traffic_direction="OW" /><pedestrian age="adult" critical_point="9301" crossing="0" crossing_point="9323" exp_start_point="9211" gender="female" id="4_9_1445" intention_prob="0.95" intersection="four-way" num_lanes="3" signalized="CS" traffic_direction="TW" /><pedestrian age="adult" critical_point="8651" crossing="0" crossing_point="8669" exp_start_point="8564" gender="male" id="4_9_1434" intention_prob="0.9333333333" intersection="four-way" num_lanes="3" signalized="CS" traffic_direction="OW" /><pedestrian age="adult" critical_point="10248" crossing="-1" crossing_point="10582" exp_start_point="10158" gender="female" id="4_9_1455" intention_prob="0.3833333333" intersection="four-way" num_lanes="2" signalized="C" traffic_direction="OW" /><pedestrian age="adult" critical_point="10807" crossing="0" crossing_point="10832" exp_start_point="10733" gender="male" id="4_9_1458" intention_prob="0.5166666667" intersection="midblock" num_lanes="2" signalized="n/a" traffic_direction="OW" /><pedestrian age="adult" critical_point="7058" crossing="0" crossing_point="7124" exp_start_point="6968" gender="female" id="4_9_1433" intention_prob="0.9833333333" intersection="four-way" num_lanes="3" signalized="n/a" traffic_direction="OW" /><pedestrian age="adult" critical_point="9362" crossing="0" crossing_point="9415" exp_start_point="9272" gender="male" id="4_9_1447" intention_prob="0.9833333333" intersection="four-way" num_lanes="3" signalized="CS" traffic_direction="TW" /><pedestrian age="adult" critical_point="3988" crossing="1" crossing_point="4011" exp_start_point="3960" gender="female" id="4_9_1421" intention_prob="0.95" intersection="four-way" num_lanes="2" signalized="CS" traffic_direction="TW" /><pedestrian age="adult" critical_point="8734" crossing="0" crossing_point="8756" exp_start_point="8644" gender="female" id="4_9_1436" intention_prob="0.9166666667" intersection="four-way" num_lanes="3" signalized="CS" traffic_direction="TW" /><pedestrian age="adult" critical_point="15445" crossing="1" crossing_point="15492" exp_start_point="15332" gender="female" id="4_9_1469" intention_prob="0.9166666667" intersection="four-way" num_lanes="2" signalized="CS" traffic_direction="TW" /><pedestrian age="adult" critical_point="12402" crossing="0" crossing_point="12439" exp_start_point="12312" gender="male" id="4_9_1462" intention_prob="0.8833333333" intersection="four-way" num_lanes="2" signalized="CS" traffic_direction="TW" /><pedestrian age="adult" critical_point="15514" crossing="1" crossing_point="15532" exp_start_point="15453" gender="male" id="4_9_1470" intention_prob="1" intersection="four-way" num_lanes="2" signalized="CS" traffic_direction="TW" /><pedestrian age="adult" critical_point="5611" crossing="1" crossing_point="5613" exp_start_point="5578" gender="female" id="4_9_1420" intention_prob="0.9666666667" intersection="four-way" num_lanes="3" signalized="CS" traffic_direction="TW" /><pedestrian age="adult" critical_point="6949" crossing="0" crossing_point="6974" exp_start_point="6900" gender="female" id="4_9_1429" intention_prob="0.9666666667" intersection="midblock" num_lanes="3" signalized="n/a" traffic_direction="OW" /><pedestrian age="adult" critical_point="12402" crossing="0" crossing_point="12433" exp_start_point="12312" gender="male" id="4_9_1463" intention_prob="1" intersection="four-way" num_lanes="2" signalized="CS" traffic_direction="TW" /><pedestrian age="adult" critical_point="14572" crossing="1" crossing_point="14629" exp_start_point="14423" gender="female" id="4_9_1465" intention_prob="0.95" intersection="four-way" num_lanes="2" signalized="CS" traffic_direction="TW" /><pedestrian age="adult" critical_point="9301" crossing="0" crossing_point="9322" exp_start_point="9260" gender="female" id="4_9_1443" intention_prob="0.95" intersection="four-way" num_lanes="3" signalized="CS" traffic_direction="TW" /><pedestrian age="adult" critical_point="8651" crossing="0" crossing_point="8675" exp_start_point="8566" gender="male" id="4_9_1435" intention_prob="0.9833333333" intersection="four-way" num_lanes="3" signalized="CS" traffic_direction="OW" /><pedestrian age="adult" critical_point="4634" crossing="0" crossing_point="4678" exp_start_point="4600" gender="male" id="4_9_1412" intention_prob="0.9666666667" intersection="midblock" num_lanes="3" signalized="n/a" traffic_direction="TW" /><pedestrian age="adult" critical_point="9301" crossing="0" crossing_point="9324" exp_start_point="9279" gender="male" id="4_9_1444" intention_prob="0.9666666667" intersection="four-way" num_lanes="3" signalized="CS" traffic_direction="TW" /><pedestrian age="adult" critical_point="4908" crossing="1" crossing_point="4952" exp_start_point="4818" gender="male" id="4_9_1413" intention_prob="0.8166666667" intersection="four-way" num_lanes="3" signalized="CS" traffic_direction="TW" /><pedestrian age="adult" critical_point="6460" crossing="1" crossing_point="6632" exp_start_point="6370" gender="female" id="4_9_1426" intention_prob="0.9833333333" intersection="four-way" num_lanes="4" signalized="CS" traffic_direction="OW" /><pedestrian age="adult" critical_point="4908" crossing="1" crossing_point="4914" exp_start_point="4834" gender="female" id="4_9_1417" intention_prob="0.9333333333" intersection="four-way" num_lanes="3" signalized="CS" traffic_direction="TW" /></ped_attributes>