<ped_attributes><pedestrian age="adult" critical_point="4391" crossing="0" crossing_point="4438" exp_start_point="4301" gender="female" id="4_5_1205" intention_prob="0.6833333333" intersection="four-way" num_lanes="4" signalized="CS" traffic_direction="TW" /><pedestrian age="adult" critical_point="11013" crossing="1" crossing_point="11060" exp_start_point="10962" gender="female" id="4_5_1213" intention_prob="0.9333333333" intersection="T-right" num_lanes="4" signalized="CS" traffic_direction="TW" /><pedestrian age="adult" critical_point="15246" crossing="-1" crossing_point="15268" exp_start_point="15156" gender="female" id="4_5_1230" intention_prob="0.5333333333" intersection="T-right" num_lanes="2" signalized="CS" traffic_direction="OW" /><pedestrian age="adult" critical_point="14965" crossing="1" crossing_point="14981" exp_start_point="14926" gender="female" id="4_5_1228" intention_prob="0.9333333333" intersection="T-right" num_lanes="2" signalized="CS" traffic_direction="OW" /><pedestrian age="child" critical_point="11039" crossing="1" crossing_point="11065" exp_start_point="10895" gender="female" id="4_5_1211" intention_prob="0.9" intersection="T-right" num_lanes="4" signalized="CS" traffic_direction="TW" /><pedestrian age="adult" critical_point="11124" crossing="1" crossing_point="11139" exp_start_point="11005" gender="male" id="4_5_1215" intention_prob="1" intersection="T-right" num_lanes="4" signalized="CS" traffic_direction="TW" /><pedestrian age="adult" critical_point="11103" crossing="1" crossing_point="11119" exp_start_point="11013" gender="female" id="4_5_1218" intention_prob="0.9333333333" intersection="T-right" num_lanes="4" signalized="CS" traffic_direction="TW" /><pedestrian age="adult" critical_point="11383" crossing="1" crossing_point="11399" exp_start_point="11309" gender="female" id="4_5_1219" intention_prob="0.9833333333" intersection="T-right" num_lanes="4" signalized="CS" traffic_direction="TW" /><pedestrian age="adult" critical_point="11145" crossing="1" crossing_point="11158" exp_start_point="11055" gender="female" id="4_5_1216" intention_prob="0.9833333333" intersection="T-right" num_lanes="4" signalized="CS" traffic_direction="TW" /><pedestrian age="adult" critical_point="13467" crossing="-1" crossing_point="13708" exp_start_point="13400" gender="male" id="4_5_1223" intention_prob="0.2333333333" intersection="T-left" num_lanes="2" signalized="CS" traffic_direction="TW" /><pedestrian age="adult" critical_point="9511" crossing="0" crossing_point="9562" exp_start_point="9421" gender="female" id="4_5_1210" intention_prob="0.9166666667" intersection="T-right" num_lanes="4" signalized="CS" traffic_direction="TW" /><pedestrian age="child" critical_point="4391" crossing="0" crossing_point="4435" exp_start_point="4301" gender="male" id="4_5_1206" intention_prob="0.6833333333" intersection="four-way" num_lanes="4" signalized="CS" traffic_direction="TW" /><pedestrian age="adult" critical_point="14940" crossing="1" crossing_point="14965" exp_start_point="14872" gender="female" id="4_5_1226" intention_prob="0.9666666667" intersection="T-right" num_lanes="2" signalized="CS" traffic_direction="OW" /><pedestrian age="adult" critical_point="6440" crossing="-1" crossing_point="6482" exp_start_point="6350" gender="male" id="4_5_1208" intention_prob="0.4333333333" intersection="four-way" num_lanes="4" signalized="CS" traffic_direction="TW" /><pedestrian age="adult" critical_point="11099" crossing="1" crossing_point="11121" exp_start_point="11013" gender="female" id="4_5_1217" intention_prob="0.8333333333" intersection="T-right" num_lanes="4" signalized="CS" traffic_direction="TW" /><pedestrian age="adult" critical_point="15209" crossing="-1" crossing_point="15328" exp_start_point="15119" gender="male" id="4_5_1231" intention_prob="0.1666666667" intersection="T-right" num_lanes="2" signalized="CS" traffic_direction="OW" /><pedestrian age="adult" critical_point="13467" crossing="-1" crossing_point="13687" exp_start_point="13429" gender="female" id="4_5_1224" intention_prob="0.0666666667" intersection="T-left" num_lanes="2" signalized="CS" traffic_direction="TW" /><pedestrian age="senior" critical_point="14977" crossing="1" crossing_point="15024" exp_start_point="14887" gender="male" id="4_5_1225" intention_prob="0.9833333333" intersection="T-right" num_lanes="2" signalized="CS" traffic_direction="OW" /><pedestrian age="child" critical_point="13486" crossing="1" crossing_point="13540" exp_start_point="13406" gender="female" id="4_5_1222" intention_prob="0.8166666667" intersection="T-left" num_lanes="2" signalized="CS" traffic_direction="TW" /><pedestrian age="adult" critical_point="11086" crossing="1" crossing_point="11103" exp_start_point="10996" gender="male" id="4_5_1214" intention_prob="0.9666666667" intersection="T-right" num_lanes="4" signalized="CS" traffic_direction="TW" /><pedestrian age="adult" critical_point="4420" crossing="0" crossing_point="4442" exp_start_point="4361" gender="female" id="4_5_1207" intention_prob="0.8166666667" intersection="four-way" num_lanes="4" signalized="CS" traffic_direction="TW" /><pedestrian age="adult" critical_point="15231" crossing="-1" crossing_point="15250" exp_start_point="15181" gender="female" id="4_5_1229" intention_prob="0.55" intersection="T-right" num_lanes="2" signalized="CS" traffic_direction="OW" /><pedestrian age="adult" critical_point="13510" crossing="1" crossing_point="13535" exp_start_point="13420" gender="female" id="4_5_1221" intention_prob="0.9666666667" intersection="T-left" num_lanes="2" signalized="CS" traffic_direction="TW" /><pedestrian age="adult" critical_point="9506" crossing="0" crossing_point="9558" exp_start_point="9416" gender="male" id="4_5_1209" intention_prob="0.95" intersection="T-right" num_lanes="4" signalized="CS" traffic_direction="TW" /></ped_attributes>