<ped_attributes><pedestrian age="adult" critical_point="4470" crossing="0" crossing_point="4510" exp_start_point="4421" gender="male" id="4_15_1683" intention_prob="0.9" intersection="midblock" num_lanes="2" signalized="n/a" traffic_direction="OW" /><pedestrian age="adult" critical_point="1033" crossing="0" crossing_point="1041" exp_start_point="943" gender="female" id="4_15_1677" intention_prob="0.8666666667" intersection="four-way" num_lanes="2" signalized="CS" traffic_direction="TW" /><pedestrian age="senior" critical_point="3618" crossing="1" crossing_point="3632" exp_start_point="3508" gender="female" id="4_15_1679" intention_prob="0.9833333333" intersection="T-right" num_lanes="2" signalized="CS" traffic_direction="OW" /><pedestrian age="adult" critical_point="11598" crossing="0" crossing_point="11642" exp_start_point="11508" gender="female" id="4_15_1696" intention_prob="0.75" intersection="midblock" num_lanes="2" signalized="n/a" traffic_direction="OW" /><pedestrian age="adult" critical_point="15899" crossing="-1" crossing_point="15924" exp_start_point="15809" gender="female" id="4_15_1708" intention_prob="0.2333333333" intersection="four-way" num_lanes="4" signalized="CS" traffic_direction="TW" /><pedestrian age="child" critical_point="14017" crossing="-1" crossing_point="14077" exp_start_point="13927" gender="female" id="4_15_1710" intention_prob="0.1" intersection="T-right" num_lanes="2" signalized="S" traffic_direction="OW" /><pedestrian age="adult" critical_point="9537" crossing="1" crossing_point="9553" exp_start_point="9387" gender="female" id="4_15_1697" intention_prob="0.9833333333" intersection="T" num_lanes="2" signalized="CS" traffic_direction="OW" /><pedestrian age="adult" critical_point="9537" crossing="1" crossing_point="9545" exp_start_point="9387" gender="male" id="4_15_1699" intention_prob="0.9833333333" intersection="T" num_lanes="2" signalized="CS" traffic_direction="OW" /><pedestrian age="adult" critical_point="3707" crossing="1" crossing_point="3724" exp_start_point="3607" gender="female" id="4_15_1681" intention_prob="0.9666666667" intersection="T-right" num_lanes="2" signalized="CS" traffic_direction="OW" /><pedestrian age="adult" critical_point="9721" crossing="-1" crossing_point="9789" exp_start_point="9631" gender="female" id="4_15_1703" intention_prob="0.3666666667" intersection="T" num_lanes="2" signalized="CS" traffic_direction="OW" /><pedestrian age="adult" critical_point="1018" crossing="0" crossing_point="1069" exp_start_point="928" gender="female" id="4_15_1674" intention_prob="0.7" intersection="four-way" num_lanes="2" signalized="CS" traffic_direction="TW" /><pedestrian age="adult" critical_point="9328" crossing="-1" crossing_point="9395" exp_start_point="9238" gender="female" id="4_15_1695" intention_prob="0.0333333333" intersection="midblock" num_lanes="2" signalized="n/a" traffic_direction="OW" /><pedestrian age="adult" critical_point="9710" crossing="1" crossing_point="9713" exp_start_point="9688" gender="female" id="4_15_1701" intention_prob="0.8833333333" intersection="T" num_lanes="2" signalized="CS" traffic_direction="OW" /><pedestrian age="adult" critical_point="857" crossing="0" crossing_point="898" exp_start_point="767" gender="female" id="4_15_1672" intention_prob="0.9833333333" intersection="four-way" num_lanes="2" signalized="CS" traffic_direction="TW" /><pedestrian age="adult" critical_point="4805" crossing="-1" crossing_point="4859" exp_start_point="4715" gender="male" id="4_15_1686" intention_prob="0.15" intersection="midblock" num_lanes="2" signalized="n/a" traffic_direction="OW" /><pedestrian age="adult" critical_point="7272" crossing="1" crossing_point="7275" exp_start_point="7209" gender="female" id="4_15_1692" intention_prob="0.9333333333" intersection="midblock" num_lanes="2" signalized="CS" traffic_direction="OW" /><pedestrian age="adult" critical_point="9577" crossing="1" crossing_point="9585" exp_start_point="9541" gender="male" id="4_15_1700" intention_prob="1" intersection="T" num_lanes="2" signalized="CS" traffic_direction="OW" /><pedestrian age="adult" critical_point="6416" crossing="1" crossing_point="6418" exp_start_point="6326" gender="male" id="4_15_1689" intention_prob="0.9833333333" intersection="midblock" num_lanes="2" signalized="n/a" traffic_direction="OW" /><pedestrian age="adult" critical_point="4805" crossing="-1" crossing_point="4856" exp_start_point="4715" gender="female" id="4_15_1684" intention_prob="0.05" intersection="midblock" num_lanes="2" signalized="n/a" traffic_direction="OW" /><pedestrian age="adult" critical_point="9344" crossing="0" crossing_point="9421" exp_start_point="9254" gender="female" id="4_15_1694" intention_prob="0.9666666667" intersection="midblock" num_lanes="2" signalized="n/a" traffic_direction="OW" /><pedestrian age="adult" critical_point="4805" crossing="-1" crossing_point="4847" exp_start_point="4715" gender="male" id="4_15_1685" intention_prob="0.05" intersection="midblock" num_lanes="2" signalized="n/a" traffic_direction="OW" /><pedestrian age="adult" critical_point="2588" crossing="1" crossing_point="2602" exp_start_point="2498" gender="male" id="4_15_1678" intention_prob="0.9333333333" intersection="T-left" num_lanes="2" signalized="CS" traffic_direction="OW" /><pedestrian age="adult" critical_point="4470" crossing="0" crossing_point="4516" exp_start_point="4421" gender="male" id="4_15_1682" intention_prob="0.8666666667" intersection="midblock" num_lanes="2" signalized="n/a" traffic_direction="OW" /><pedestrian age="adult" critical_point="9571" crossing="1" crossing_point="9573" exp_start_point="9525" gender="male" id="4_15_1698" intention_prob="0.9666666667" intersection="T" num_lanes="2" signalized="CS" traffic_direction="OW" /><pedestrian age="adult" critical_point="6492" crossing="1" crossing_point="6498" exp_start_point="6402" gender="male" id="4_15_1691" intention_prob="0.8833333333" intersection="midblock" num_lanes="2" signalized="n/a" traffic_direction="OW" /><pedestrian age="adult" critical_point="7517" crossing="1" crossing_point="7519" exp_start_point="7468" gender="male" id="4_15_1693" intention_prob="0.9333333333" intersection="midblock" num_lanes="2" signalized="n/a" traffic_direction="OW" /><pedestrian age="adult" critical_point="3630" crossing="1" crossing_point="3675" exp_start_point="3533" gender="male" id="4_15_1680" intention_prob="0.9333333333" intersection="T-right" num_lanes="2" signalized="CS" traffic_direction="OW" /><pedestrian age="adult" critical_point="14017" crossing="-1" crossing_point="14113" exp_start_point="13927" gender="male" id="4_15_1709" intention_prob="0" intersection="T-right" num_lanes="2" signalized="S" traffic_direction="OW" /><pedestrian age="senior" critical_point="1018" crossing="0" crossing_point="1056" exp_start_point="928" gender="female" id="4_15_1676" intention_prob="0.9833333333" intersection="four-way" num_lanes="2" signalized="CS" traffic_direction="TW" /><pedestrian age="senior" critical_point="1018" crossing="0" crossing_point="1052" exp_start_point="928" gender="male" id="4_15_1675" intention_prob="0.9666666667" intersection="four-way" num_lanes="2" signalized="CS" traffic_direction="TW" /><pedestrian age="adult" critical_point="9721" crossing="-1" crossing_point="9797" exp_start_point="9631" gender="male" id="4_15_1702" intention_prob="0.4" intersection="T" num_lanes="2" signalized="CS" traffic_direction="OW" /><pedestrian age="adult" critical_point="12469" crossing="-1" crossing_point="12501" exp_start_point="12379" gender="female" id="4_15_1704" intention_prob="0.1333333333" intersection="midblock" num_lanes="2" signalized="n/a" traffic_direction="OW" /><pedestrian age="adult" critical_point="6377" crossing="1" crossing_point="6454" exp_start_point="6359" gender="female" id="4_15_1690" intention_prob="0.75" intersection="midblock" num_lanes="2" signalized="n/a" traffic_direction="OW" /><pedestrian age="adult" critical_point="12477" crossing="-1" crossing_point="12514" exp_start_point="12387" gender="female" id="4_15_1705" intention_prob="0.2166666667" intersection="midblock" num_lanes="2" signalized="n/a" traffic_direction="OW" /><pedestrian age="adult" critical_point="12591" crossing="-1" crossing_point="12650" exp_start_point="12501" gender="male" id="4_15_1706" intention_prob="0.0666666667" intersection="midblock" num_lanes="2" signalized="n/a" traffic_direction="OW" /><pedestrian age="senior" critical_point="857" crossing="0" crossing_point="895" exp_start_point="767" gender="male" id="4_15_1673" intention_prob="0.9333333333" intersection="four-way" num_lanes="2" signalized="CS" traffic_direction="TW" /><pedestrian age="adult" critical_point="12591" crossing="-1" crossing_point="12642" exp_start_point="12501" gender="male" id="4_15_1707" intention_prob="0.0833333333" intersection="midblock" num_lanes="2" signalized="n/a" traffic_direction="OW" /></ped_attributes>