<ped_attributes><pedestrian age="adult" critical_point="16628" crossing="0" crossing_point="16645" exp_start_point="16574" gender="female" id="4_14_1668" intention_prob="0.7833333333" intersection="T-right" num_lanes="4" signalized="CS" traffic_direction="TW" /><pedestrian age="senior" critical_point="9062" crossing="-1" crossing_point="9093" exp_start_point="8972" gender="male" id="4_14_1663" intention_prob="0.1166666667" intersection="midblock" num_lanes="4" signalized="n/a" traffic_direction="TW" /><pedestrian age="adult" critical_point="15453" crossing="0" crossing_point="15479" exp_start_point="15363" gender="female" id="4_14_1666" intention_prob="0.9333333333" intersection="T-right" num_lanes="4" signalized="CS" traffic_direction="TW" /><pedestrian age="adult" critical_point="3214" crossing="-1" crossing_point="3241" exp_start_point="3124" gender="male" id="4_14_1658" intention_prob="0.0666666667" intersection="midblock" num_lanes="4" signalized="n/a" traffic_direction="TW" /><pedestrian age="adult" critical_point="8379" crossing="0" crossing_point="8396" exp_start_point="8289" gender="male" id="4_14_1662" intention_prob="0.8666666667" intersection="four-way" num_lanes="4" signalized="CS" traffic_direction="TW" /><pedestrian age="adult" critical_point="4067" crossing="0" crossing_point="4094" exp_start_point="3977" gender="male" id="4_14_1660" intention_prob="0.9166666667" intersection="T-right" num_lanes="4" signalized="n/a" traffic_direction="TW" /><pedestrian age="adult" critical_point="3643" crossing="0" crossing_point="3665" exp_start_point="3559" gender="male" id="4_14_1659" intention_prob="0.6833333333" intersection="midblock" num_lanes="4" signalized="n/a" traffic_direction="TW" /><pedestrian age="adult" critical_point="16736" crossing="0" crossing_point="16798" exp_start_point="16609" gender="male" id="4_14_1671" intention_prob="0.9333333333" intersection="T-right" num_lanes="2" signalized="CS" traffic_direction="TW" /><pedestrian age="adult" critical_point="16736" crossing="0" crossing_point="16802" exp_start_point="16609" gender="male" id="4_14_1670" intention_prob="0.95" intersection="T-right" num_lanes="2" signalized="CS" traffic_direction="TW" /><pedestrian age="adult" critical_point="16632" crossing="0" crossing_point="16647" exp_start_point="16542" gender="female" id="4_14_1667" intention_prob="0.7666666667" intersection="T-right" num_lanes="4" signalized="CS" traffic_direction="TW" /><pedestrian age="adult" critical_point="12177" crossing="0" crossing_point="12200" exp_start_point="12087" gender="female" id="4_14_1664" intention_prob="0.9333333333" intersection="four-way" num_lanes="4" signalized="CS" traffic_direction="TW" /><pedestrian age="adult" critical_point="12617" crossing="0" crossing_point="12633" exp_start_point="12527" gender="male" id="4_14_1665" intention_prob="0.7833333333" intersection="midblock" num_lanes="4" signalized="n/a" traffic_direction="TW" /><pedestrian age="senior" critical_point="8379" crossing="0" crossing_point="8392" exp_start_point="8289" gender="male" id="4_14_1661" intention_prob="0.9833333333" intersection="four-way" num_lanes="4" signalized="CS" traffic_direction="TW" /><pedestrian age="adult" critical_point="16632" crossing="0" crossing_point="16651" exp_start_point="16565" gender="female" id="4_14_1669" intention_prob="0.85" intersection="T-right" num_lanes="4" signalized="CS" traffic_direction="TW" /></ped_attributes>