<ped_attributes><pedestrian age="adult" critical_point="1544" crossing="0" crossing_point="1592" exp_start_point="1454" gender="female" id="4_3_1126" intention_prob="0.8833333333" intersection="midblock" num_lanes="2" signalized="n/a" traffic_direction="OW" /><pedestrian age="adult" critical_point="14065" crossing="-1" crossing_point="14122" exp_start_point="13975" gender="male" id="4_3_1156" intention_prob="0.0166666667" intersection="T-left" num_lanes="2" signalized="n/a" traffic_direction="OW" /><pedestrian age="adult" critical_point="15056" crossing="0" crossing_point="15088" exp_start_point="14966" gender="male" id="4_3_1161" intention_prob="0.6833333333" intersection="midblock" num_lanes="2" signalized="n/a" traffic_direction="OW" /><pedestrian age="adult" critical_point="14603" crossing="0" crossing_point="14649" exp_start_point="14513" gender="male" id="4_3_1158" intention_prob="0.95" intersection="midblock" num_lanes="2" signalized="n/a" traffic_direction="OW" /><pedestrian age="adult" critical_point="5836" crossing="0" crossing_point="5904" exp_start_point="5746" gender="male" id="4_3_1142" intention_prob="0.9" intersection="T" num_lanes="2" signalized="CS" traffic_direction="OW" /><pedestrian age="adult" critical_point="383" crossing="-1" crossing_point="436" exp_start_point="293" gender="male" id="4_3_1124" intention_prob="0.2666666667" intersection="midblock" num_lanes="2" signalized="n/a" traffic_direction="OW" /><pedestrian age="adult" critical_point="3513" crossing="-1" crossing_point="3556" exp_start_point="3423" gender="male" id="4_3_1137" intention_prob="0.0833333333" intersection="midblock" num_lanes="2" signalized="n/a" traffic_direction="OW" /><pedestrian age="adult" critical_point="15065" crossing="-1" crossing_point="15100" exp_start_point="14975" gender="female" id="4_3_1163" intention_prob="0.15" intersection="T-left" num_lanes="2" signalized="n/a" traffic_direction="OW" /><pedestrian age="adult" critical_point="13448" crossing="0" crossing_point="13494" exp_start_point="13358" gender="female" id="4_3_1152" intention_prob="0.85" intersection="midblock" num_lanes="2" signalized="n/a" traffic_direction="OW" /><pedestrian age="adult" critical_point="14084" crossing="1" crossing_point="14122" exp_start_point="14046" gender="female" id="4_3_1154" intention_prob="0.7333333333" intersection="T-left" num_lanes="2" signalized="C" traffic_direction="OW" /><pedestrian age="adult" critical_point="3236" crossing="-1" crossing_point="3346" exp_start_point="3146" gender="female" id="4_3_1134" intention_prob="0.0166666667" intersection="midblock" num_lanes="2" signalized="n/a" traffic_direction="OW" /><pedestrian age="senior" critical_point="12704" crossing="0" crossing_point="12721" exp_start_point="12614" gender="male" id="4_3_1147" intention_prob="0.9833333333" intersection="T" num_lanes="2" signalized="CS" traffic_direction="OW" /><pedestrian age="adult" critical_point="11362" crossing="-1" crossing_point="11393" exp_start_point="11308" gender="female" id="4_3_1143" intention_prob="0.1166666667" intersection="T-right" num_lanes="2" signalized="CS" traffic_direction="OW" /><pedestrian age="adult" critical_point="1471" crossing="-1" crossing_point="1504" exp_start_point="1381" gender="female" id="4_3_1127" intention_prob="0.2166666667" intersection="midblock" num_lanes="2" signalized="n/a" traffic_direction="OW" /><pedestrian age="adult" critical_point="5476" crossing="-1" crossing_point="5508" exp_start_point="5335" gender="male" id="4_3_1138" intention_prob="0.0166666667" intersection="midblock" num_lanes="2" signalized="n/a" traffic_direction="OW" /><pedestrian age="senior" critical_point="1380" crossing="-1" crossing_point="1414" exp_start_point="1290" gender="male" id="4_3_1125" intention_prob="0.8166666667" intersection="T-left" num_lanes="2" signalized="n/a" traffic_direction="OW" /><pedestrian age="adult" critical_point="3236" crossing="-1" crossing_point="3358" exp_start_point="3146" gender="female" id="4_3_1135" intention_prob="0.05" intersection="midblock" num_lanes="2" signalized="n/a" traffic_direction="OW" /><pedestrian age="adult" critical_point="12704" crossing="0" crossing_point="12730" exp_start_point="12614" gender="male" id="4_3_1149" intention_prob="1" intersection="T" num_lanes="2" signalized="CS" traffic_direction="OW" /><pedestrian age="adult" critical_point="15020" crossing="0" crossing_point="15065" exp_start_point="14930" gender="male" id="4_3_1160" intention_prob="0.9666666667" intersection="midblock" num_lanes="2" signalized="n/a" traffic_direction="OW" /><pedestrian age="adult" critical_point="15414" crossing="-1" crossing_point="15436" exp_start_point="15324" gender="female" id="4_3_1164" intention_prob="0.15" intersection="midblock" num_lanes="2" signalized="n/a" traffic_direction="OW" /><pedestrian age="adult" critical_point="2363" crossing="-1" crossing_point="2402" exp_start_point="2273" gender="male" id="4_3_1129" intention_prob="0.2333333333" intersection="T-right" num_lanes="2" signalized="CS" traffic_direction="OW" /><pedestrian age="senior" critical_point="12704" crossing="-1" crossing_point="12752" exp_start_point="12647" gender="male" id="4_3_1150" intention_prob="0.65" intersection="T" num_lanes="2" signalized="CS" traffic_direction="OW" /><pedestrian age="adult" critical_point="940" crossing="1" crossing_point="937" exp_start_point="840" gender="male" id="4_3_1123" intention_prob="0.7833333333" intersection="midblock" num_lanes="2" signalized="n/a" traffic_direction="OW" /><pedestrian age="adult" critical_point="2363" crossing="-1" crossing_point="2395" exp_start_point="2273" gender="male" id="4_3_1132" intention_prob="0.25" intersection="T-right" num_lanes="2" signalized="CS" traffic_direction="OW" /><pedestrian age="adult" critical_point="11362" crossing="-1" crossing_point="11381" exp_start_point="11308" gender="male" id="4_3_1144" intention_prob="0.2166666667" intersection="T-right" num_lanes="2" signalized="CS" traffic_direction="OW" /><pedestrian age="adult" critical_point="5806" crossing="0" crossing_point="5898" exp_start_point="5748" gender="female" id="4_3_1141" intention_prob="0.7666666667" intersection="T" num_lanes="2" signalized="CS" traffic_direction="OW" /><pedestrian age="adult" critical_point="5560" crossing="-1" crossing_point="5606" exp_start_point="5403" gender="female" id="4_3_1139" intention_prob="0.0166666667" intersection="midblock" num_lanes="2" signalized="n/a" traffic_direction="OW" /><pedestrian age="adult" critical_point="15649" crossing="-1" crossing_point="15672" exp_start_point="15559" gender="male" id="4_3_1165" intention_prob="0.1833333333" intersection="midblock" num_lanes="2" signalized="n/a" traffic_direction="OW" /><pedestrian age="adult" critical_point="15065" crossing="-1" crossing_point="15094" exp_start_point="14975" gender="male" id="4_3_1162" intention_prob="0.0666666667" intersection="T-left" num_lanes="2" signalized="n/a" traffic_direction="OW" /><pedestrian age="adult" critical_point="3236" crossing="-1" crossing_point="3451" exp_start_point="3146" gender="male" id="4_3_1133" intention_prob="0.0666666667" intersection="midblock" num_lanes="2" signalized="n/a" traffic_direction="OW" /><pedestrian age="senior" critical_point="4108" crossing="-1" crossing_point="4160" exp_start_point="4018" gender="female" id="4_3_1140" intention_prob="0.3666666667" intersection="midblock" num_lanes="2" signalized="n/a" traffic_direction="OW" /><pedestrian age="adult" critical_point="11362" crossing="-1" crossing_point="11374" exp_start_point="11329" gender="male" id="4_3_1145" intention_prob="0.3166666667" intersection="T-right" num_lanes="2" signalized="CS" traffic_direction="OW" /><pedestrian age="adult" critical_point="14084" crossing="-1" crossing_point="14406" exp_start_point="14035" gender="male" id="4_3_1157" intention_prob="0.4666666667" intersection="T-left" num_lanes="2" signalized="n/a" traffic_direction="OW" /><pedestrian age="adult" critical_point="2000" crossing="0" crossing_point="2016" exp_start_point="1834" gender="male" id="4_3_1128" intention_prob="0.5833333333" intersection="midblock" num_lanes="2" signalized="n/a" traffic_direction="OW" /><pedestrian age="senior" critical_point="13018" crossing="0" crossing_point="13071" exp_start_point="12928" gender="male" id="4_3_1151" intention_prob="0.8666666667" intersection="T-right" num_lanes="2" signalized="n/a" traffic_direction="OW" /><pedestrian age="adult" critical_point="2363" crossing="-1" crossing_point="2395" exp_start_point="2273" gender="male" id="4_3_1131" intention_prob="0.2" intersection="T-right" num_lanes="2" signalized="CS" traffic_direction="OW" /><pedestrian age="adult" critical_point="3281" crossing="-1" crossing_point="3461" exp_start_point="3185" gender="female" id="4_3_1136" intention_prob="0.0166666667" intersection="midblock" num_lanes="2" signalized="n/a" traffic_direction="OW" /><pedestrian age="adult" critical_point="2363" crossing="-1" crossing_point="2383" exp_start_point="2273" gender="male" id="4_3_1130" intention_prob="0.1833333333" intersection="T-right" num_lanes="2" signalized="CS" traffic_direction="OW" /><pedestrian age="adult" critical_point="15935" crossing="0" crossing_point="15953" exp_start_point="15785" gender="male" id="4_3_1166" intention_prob="0.7666666667" intersection="T" num_lanes="2" signalized="CS" traffic_direction="OW" /><pedestrian age="adult" critical_point="13598" crossing="-1" crossing_point="13645" exp_start_point="13508" gender="male" id="4_3_1153" intention_prob="0.1" intersection="midblock" num_lanes="2" signalized="n/a" traffic_direction="OW" /><pedestrian age="adult" critical_point="452" crossing="0" crossing_point="506" exp_start_point="362" gender="male" id="4_3_1122" intention_prob="0.9833333333" intersection="midblock" num_lanes="2" signalized="n/a" traffic_direction="OW" /><pedestrian age="adult" critical_point="14084" crossing="-1" crossing_point="14501" exp_start_point="14027" gender="male" id="4_3_1155" intention_prob="0.3666666667" intersection="T-left" num_lanes="2" signalized="C" traffic_direction="OW" /></ped_attributes>