<ped_attributes><pedestrian age="senior" critical_point="17761" crossing="0" crossing_point="17814" exp_start_point="17731" gender="male" id="4_6_1283" intention_prob="0.9" intersection="four-way" num_lanes="4" signalized="CS" traffic_direction="TW" /><pedestrian age="adult" critical_point="3720" crossing="0" crossing_point="3763" exp_start_point="3669" gender="female" id="4_6_1237" intention_prob="0.8" intersection="midblock" num_lanes="2" signalized="n/a" traffic_direction="OW" /><pedestrian age="adult" critical_point="5627" crossing="1" crossing_point="5664" exp_start_point="5537" gender="male" id="4_6_1238" intention_prob="0.9" intersection="midblock" num_lanes="2" signalized="n/a" traffic_direction="OW" /><pedestrian age="senior" critical_point="6126" crossing="1" crossing_point="6133" exp_start_point="6066" gender="male" id="4_6_1245" intention_prob="0.9166666667" intersection="four-way" num_lanes="2" signalized="CS" traffic_direction="TW" /><pedestrian age="adult" critical_point="9442" crossing="0" crossing_point="9483" exp_start_point="9397" gender="female" id="4_6_1258" intention_prob="0.9333333333" intersection="T-left" num_lanes="4" signalized="CS" traffic_direction="TW" /><pedestrian age="adult" critical_point="17465" crossing="-1" crossing_point="17489" exp_start_point="17375" gender="female" id="4_6_1269" intention_prob="0.1666666667" intersection="midblock" num_lanes="6" signalized="n/a" traffic_direction="TW" /><pedestrian age="adult" critical_point="6136" crossing="1" crossing_point="6135" exp_start_point="6046" gender="female" id="4_6_1240" intention_prob="0.95" intersection="four-way" num_lanes="2" signalized="CS" traffic_direction="TW" /><pedestrian age="adult" critical_point="17761" crossing="0" crossing_point="17804" exp_start_point="17671" gender="female" id="4_6_1281" intention_prob="0.9" intersection="four-way" num_lanes="4" signalized="CS" traffic_direction="TW" /><pedestrian age="adult" critical_point="7158" crossing="0" crossing_point="7199" exp_start_point="7064" gender="female" id="4_6_1252" intention_prob="0.9666666667" intersection="four-way" num_lanes="2" signalized="CS" traffic_direction="TW" /><pedestrian age="adult" critical_point="11925" crossing="0" crossing_point="11965" exp_start_point="11885" gender="female" id="4_6_1263" intention_prob="0.8333333333" intersection="four-way" num_lanes="2" signalized="CS" traffic_direction="TW" /><pedestrian age="adult" critical_point="17753" crossing="0" crossing_point="17781" exp_start_point="17676" gender="male" id="4_6_1275" intention_prob="0.7333333333" intersection="four-way" num_lanes="4" signalized="CS" traffic_direction="TW" /><pedestrian age="senior" critical_point="3053" crossing="1" crossing_point="3089" exp_start_point="2963" gender="female" id="4_6_1234" intention_prob="0.8" intersection="T-left" num_lanes="2" signalized="C" traffic_direction="TW" /><pedestrian age="adult" critical_point="9442" crossing="0" crossing_point="9503" exp_start_point="9403" gender="female" id="4_6_1257" intention_prob="0.65" intersection="T-left" num_lanes="4" signalized="CS" traffic_direction="TW" /><pedestrian age="adult" critical_point="7555" crossing="1" crossing_point="7562" exp_start_point="7465" gender="male" id="4_6_1253" intention_prob="0.9666666667" intersection="midblock" num_lanes="2" signalized="n/a" traffic_direction="OW" /><pedestrian age="adult" critical_point="6136" crossing="1" crossing_point="6180" exp_start_point="6046" gender="male" id="4_6_1246" intention_prob="0.8666666667" intersection="four-way" num_lanes="2" signalized="CS" traffic_direction="TW" /><pedestrian age="adult" critical_point="6148" crossing="1" crossing_point="6147" exp_start_point="6133" gender="male" id="4_6_1249" intention_prob="1" intersection="four-way" num_lanes="2" signalized="CS" traffic_direction="TW" /><pedestrian age="adult" critical_point="9427" crossing="0" crossing_point="9475" exp_start_point="9345" gender="female" id="4_6_1261" intention_prob="0.9" intersection="T-left" num_lanes="4" signalized="CS" traffic_direction="TW" /><pedestrian age="senior" critical_point="17761" crossing="0" crossing_point="17788" exp_start_point="17657" gender="female" id="4_6_1277" intention_prob="0.4666666667" intersection="four-way" num_lanes="4" signalized="CS" traffic_direction="TW" /><pedestrian age="adult" critical_point="8151" crossing="1" crossing_point="8158" exp_start_point="8061" gender="female" id="4_6_1254" intention_prob="0.9333333333" intersection="T" num_lanes="2" signalized="CS" traffic_direction="OW" /><pedestrian age="adult" critical_point="9456" crossing="0" crossing_point="9492" exp_start_point="9434" gender="female" id="4_6_1260" intention_prob="0.6833333333" intersection="T-left" num_lanes="4" signalized="CS" traffic_direction="TW" /><pedestrian age="adult" critical_point="6155" crossing="1" crossing_point="6155" exp_start_point="6072" gender="female" id="4_6_1247" intention_prob="0.9833333333" intersection="four-way" num_lanes="2" signalized="CS" traffic_direction="TW" /><pedestrian age="senior" critical_point="6150" crossing="1" crossing_point="6129" exp_start_point="6105" gender="male" id="4_6_1248" intention_prob="0.9833333333" intersection="four-way" num_lanes="2" signalized="CS" traffic_direction="TW" /><pedestrian age="adult" critical_point="11914" crossing="0" crossing_point="11950" exp_start_point="11732" gender="male" id="4_6_1262" intention_prob="0.8333333333" intersection="four-way" num_lanes="2" signalized="CS" traffic_direction="TW" /><pedestrian age="adult" critical_point="9442" crossing="0" crossing_point="9508" exp_start_point="9352" gender="female" id="4_6_1255" intention_prob="0.45" intersection="T-left" num_lanes="4" signalized="CS" traffic_direction="TW" /><pedestrian age="senior" critical_point="17761" crossing="0" crossing_point="17817" exp_start_point="17687" gender="female" id="4_6_1284" intention_prob="0.9333333333" intersection="four-way" num_lanes="4" signalized="CS" traffic_direction="TW" /><pedestrian age="adult" critical_point="17761" crossing="0" crossing_point="17806" exp_start_point="17671" gender="female" id="4_6_1280" intention_prob="0.8333333333" intersection="four-way" num_lanes="4" signalized="CS" traffic_direction="TW" /><pedestrian age="adult" critical_point="3720" crossing="0" crossing_point="3766" exp_start_point="3630" gender="male" id="4_6_1236" intention_prob="0.75" intersection="midblock" num_lanes="2" signalized="n/a" traffic_direction="OW" /><pedestrian age="senior" critical_point="6120" crossing="1" crossing_point="6120" exp_start_point="6030" gender="female" id="4_6_1243" intention_prob="0.8" intersection="four-way" num_lanes="2" signalized="CS" traffic_direction="TW" /><pedestrian age="adult" critical_point="6128" crossing="1" crossing_point="6139" exp_start_point="6038" gender="male" id="4_6_1242" intention_prob="0.9333333333" intersection="four-way" num_lanes="2" signalized="CS" traffic_direction="TW" /><pedestrian age="adult" critical_point="2631" crossing="1" crossing_point="3038" exp_start_point="2465" gender="male" id="4_6_1232" intention_prob="0.5333333333" intersection="T-left" num_lanes="2" signalized="C" traffic_direction="TW" /><pedestrian age="adult" critical_point="3081" crossing="1" crossing_point="3098" exp_start_point="3037" gender="female" id="4_6_1235" intention_prob="0.8833333333" intersection="T-left" num_lanes="2" signalized="C" traffic_direction="TW" /><pedestrian age="adult" critical_point="6269" crossing="1" crossing_point="6305" exp_start_point="6179" gender="male" id="4_6_1250" intention_prob="1" intersection="four-way" num_lanes="2" signalized="CS" traffic_direction="TW" /><pedestrian age="adult" critical_point="12077" crossing="0" crossing_point="12139" exp_start_point="11987" gender="male" id="4_6_1264" intention_prob="0.95" intersection="four-way" num_lanes="4" signalized="CS" traffic_direction="TW" /><pedestrian age="adult" critical_point="9456" crossing="0" crossing_point="9495" exp_start_point="9428" gender="female" id="4_6_1259" intention_prob="0.7833333333" intersection="T-left" num_lanes="4" signalized="CS" traffic_direction="TW" /><pedestrian age="adult" critical_point="2631" crossing="1" crossing_point="3039" exp_start_point="2465" gender="female" id="4_6_1233" intention_prob="0.55" intersection="T-left" num_lanes="2" signalized="C" traffic_direction="TW" /><pedestrian age="adult" critical_point="5627" crossing="1" crossing_point="5675" exp_start_point="5537" gender="female" id="4_6_1239" intention_prob="0.9666666667" intersection="midblock" num_lanes="2" signalized="n/a" traffic_direction="OW" /><pedestrian age="adult" critical_point="15814" crossing="-1" crossing_point="15876" exp_start_point="15744" gender="male" id="4_6_1268" intention_prob="0.05" intersection="T-right" num_lanes="2" signalized="n/a" traffic_direction="OW" /><pedestrian age="adult" critical_point="17748" crossing="0" crossing_point="17812" exp_start_point="17693" gender="female" id="4_6_1282" intention_prob="0.95" intersection="four-way" num_lanes="4" signalized="CS" traffic_direction="TW" /><pedestrian age="adult" critical_point="9442" crossing="0" crossing_point="9477" exp_start_point="9364" gender="female" id="4_6_1256" intention_prob="0.8333333333" intersection="T-left" num_lanes="4" signalized="CS" traffic_direction="TW" /><pedestrian age="adult" critical_point="17761" crossing="0" crossing_point="17803" exp_start_point="17671" gender="male" id="4_6_1279" intention_prob="0.8833333333" intersection="four-way" num_lanes="4" signalized="CS" traffic_direction="TW" /><pedestrian age="adult" critical_point="17761" crossing="0" crossing_point="17786" exp_start_point="17681" gender="female" id="4_6_1276" intention_prob="0.7333333333" intersection="four-way" num_lanes="4" signalized="CS" traffic_direction="TW" /><pedestrian age="adult" critical_point="6136" crossing="1" crossing_point="6171" exp_start_point="6004" gender="male" id="4_6_1241" intention_prob="0.9833333333" intersection="four-way" num_lanes="2" signalized="CS" traffic_direction="TW" /><pedestrian age="adult" critical_point="7158" crossing="0" crossing_point="7203" exp_start_point="7093" gender="male" id="4_6_1251" intention_prob="0.9" intersection="four-way" num_lanes="2" signalized="CS" traffic_direction="TW" /><pedestrian age="adult" critical_point="6107" crossing="1" crossing_point="6113" exp_start_point="6057" gender="female" id="4_6_1244" intention_prob="0.9666666667" intersection="four-way" num_lanes="2" signalized="CS" traffic_direction="TW" /><pedestrian age="adult" critical_point="13440" crossing="0" crossing_point="13484" exp_start_point="13424" gender="female" id="4_6_1265" intention_prob="0.85" intersection="four-way" num_lanes="4" signalized="CS" traffic_direction="TW" /></ped_attributes>