<ped_attributes><pedestrian age="adult" critical_point="2950" crossing="1" crossing_point="2964" exp_start_point="2850" gender="male" id="2_2_189" intention_prob="0.9166666667" intersection="four-way" num_lanes="4" signalized="CS" traffic_direction="TW" /><pedestrian age="adult" critical_point="16638" crossing="1" crossing_point="16647" exp_start_point="16500" gender="female" id="2_2_178" intention_prob="0.95" intersection="midblock" num_lanes="2" signalized="n/a" traffic_direction="OW" /><pedestrian age="adult" critical_point="8620" crossing="1" crossing_point="8639" exp_start_point="8568" gender="female" id="2_2_157" intention_prob="1" intersection="four-way" num_lanes="2" signalized="CS" traffic_direction="TW" /><pedestrian age="adult" critical_point="8538" crossing="1" crossing_point="8552" exp_start_point="8434" gender="male" id="2_2_158" intention_prob="0.9833333333" intersection="four-way" num_lanes="2" signalized="CS" traffic_direction="TW" /><pedestrian age="adult" critical_point="2760" crossing="1" crossing_point="2766" exp_start_point="2670" gender="female" id="2_2_180" intention_prob="0.9833333333" intersection="four-way" num_lanes="4" signalized="CS" traffic_direction="TW" /><pedestrian age="adult" critical_point="3605" crossing="1" crossing_point="3627" exp_start_point="3515" gender="female" id="2_2_184" intention_prob="0.9166666667" intersection="four-way" num_lanes="4" signalized="CS" traffic_direction="TW" /><pedestrian age="senior" critical_point="4414" crossing="1" crossing_point="4411" exp_start_point="4324" gender="male" id="2_2_193" intention_prob="0.95" intersection="four-way" num_lanes="4" signalized="CS" traffic_direction="TW" /><pedestrian age="adult" critical_point="5791" crossing="1" crossing_point="5831" exp_start_point="5643" gender="female" id="2_2_153" intention_prob="1" intersection="four-way" num_lanes="2" signalized="CS" traffic_direction="TW" /><pedestrian age="adult" critical_point="2255" crossing="0" crossing_point="2285" exp_start_point="2165" gender="female" id="2_2_146" intention_prob="0.95" intersection="four-way" num_lanes="4" signalized="CS" traffic_direction="TW" /><pedestrian age="adult" critical_point="12318" crossing="-1" crossing_point="12366" exp_start_point="12228" gender="male" id="2_2_165" intention_prob="0.1666666667" intersection="midblock" num_lanes="2" signalized="n/a" traffic_direction="OW" /><pedestrian age="senior" critical_point="14118" crossing="0" crossing_point="14151" exp_start_point="13976" gender="female" id="2_2_168" intention_prob="0.95" intersection="T" num_lanes="2" signalized="CS" traffic_direction="OW" /><pedestrian age="adult" critical_point="5310" crossing="1" crossing_point="5572" exp_start_point="5220" gender="female" id="2_2_151" intention_prob="0.7833333333" intersection="four-way" num_lanes="2" signalized="CS" traffic_direction="TW" /><pedestrian age="senior" critical_point="16628" crossing="1" crossing_point="16640" exp_start_point="16538" gender="male" id="2_2_177" intention_prob="0.8166666667" intersection="midblock" num_lanes="2" signalized="n/a" traffic_direction="OW" /><pedestrian age="adult" critical_point="14229" crossing="0" crossing_point="14265" exp_start_point="14139" gender="female" id="2_2_171" intention_prob="0.9833333333" intersection="T" num_lanes="4" signalized="CS" traffic_direction="TW" /><pedestrian age="adult" critical_point="3724" crossing="1" crossing_point="3755" exp_start_point="3634" gender="female" id="2_2_191" intention_prob="1" intersection="four-way" num_lanes="4" signalized="CS" traffic_direction="TW" /><pedestrian age="adult" critical_point="4789" crossing="-1" crossing_point="4832" exp_start_point="4699" gender="male" id="2_2_148" intention_prob="0.1333333333" intersection="midblock" num_lanes="4" signalized="n/a" traffic_direction="TW" /><pedestrian age="adult" critical_point="4786" crossing="-1" crossing_point="4828" exp_start_point="4696" gender="male" id="2_2_149" intention_prob="0.0833333333" intersection="midblock" num_lanes="4" signalized="n/a" traffic_direction="TW" /><pedestrian age="adult" critical_point="2848" crossing="1" crossing_point="2858" exp_start_point="2758" gender="female" id="2_2_182" intention_prob="1" intersection="four-way" num_lanes="4" signalized="CS" traffic_direction="TW" /><pedestrian age="adult" critical_point="5759" crossing="1" crossing_point="5799" exp_start_point="5580" gender="female" id="2_2_154" intention_prob="0.9833333333" intersection="four-way" num_lanes="2" signalized="CS" traffic_direction="TW" /><pedestrian age="senior" critical_point="2892" crossing="-1" crossing_point="2935" exp_start_point="2802" gender="male" id="2_2_186" intention_prob="0.4666666667" intersection="four-way" num_lanes="4" signalized="CS" traffic_direction="TW" /><pedestrian age="adult" critical_point="3023" crossing="1" crossing_point="3041" exp_start_point="2964" gender="male" id="2_2_188" intention_prob="0.85" intersection="four-way" num_lanes="4" signalized="CS" traffic_direction="TW" /><pedestrian age="adult" critical_point="11209" crossing="-1" crossing_point="11243" exp_start_point="11170" gender="male" id="2_2_163" intention_prob="0.25" intersection="midblock" num_lanes="2" signalized="n/a" traffic_direction="OW" /><pedestrian age="adult" critical_point="4198" crossing="1" crossing_point="4168" exp_start_point="4147" gender="male" id="2_2_185" intention_prob="0.9333333333" intersection="four-way" num_lanes="4" signalized="CS" traffic_direction="TW" /><pedestrian age="adult" critical_point="11553" crossing="-1" crossing_point="11592" exp_start_point="11503" gender="male" id="2_2_164" intention_prob="0.1166666667" intersection="midblock" num_lanes="2" signalized="n/a" traffic_direction="OW" /><pedestrian age="adult" critical_point="16688" crossing="-1" crossing_point="16713" exp_start_point="16598" gender="male" id="2_2_176" intention_prob="0.0333333333" intersection="midblock" num_lanes="2" signalized="n/a" traffic_direction="OW" /><pedestrian age="senior" critical_point="10758" crossing="1" crossing_point="10771" exp_start_point="10664" gender="male" id="2_2_161" intention_prob="0.65" intersection="T-left" num_lanes="2" signalized="CS" traffic_direction="OW" /><pedestrian age="adult" critical_point="3903" crossing="1" crossing_point="3895" exp_start_point="3837" gender="male" id="2_2_190" intention_prob="0.9666666667" intersection="four-way" num_lanes="4" signalized="CS" traffic_direction="TW" /><pedestrian age="adult" critical_point="5727" crossing="1" crossing_point="5781" exp_start_point="5637" gender="female" id="2_2_155" intention_prob="0.95" intersection="four-way" num_lanes="2" signalized="CS" traffic_direction="TW" /><pedestrian age="adult" critical_point="15736" crossing="-1" crossing_point="15805" exp_start_point="15646" gender="male" id="2_2_172" intention_prob="0.1833333333" intersection="midblock" num_lanes="2" signalized="n/a" traffic_direction="OW" /><pedestrian age="adult" critical_point="16622" crossing="-1" crossing_point="16678" exp_start_point="16532" gender="female" id="2_2_175" intention_prob="0.0833333333" intersection="midblock" num_lanes="2" signalized="n/a" traffic_direction="OW" /><pedestrian age="adult" critical_point="16497" crossing="1" crossing_point="16517" exp_start_point="16442" gender="female" id="2_2_174" intention_prob="0.9833333333" intersection="midblock" num_lanes="2" signalized="n/a" traffic_direction="OW" /><pedestrian age="adult" critical_point="10576" crossing="1" crossing_point="10596" exp_start_point="10486" gender="male" id="2_2_159" intention_prob="0.9833333333" intersection="T-left" num_lanes="2" signalized="CS" traffic_direction="OW" /><pedestrian age="adult" critical_point="2781" crossing="1" crossing_point="2790" exp_start_point="2691" gender="female" id="2_2_181" intention_prob="0.95" intersection="four-way" num_lanes="4" signalized="CS" traffic_direction="TW" /><pedestrian age="adult" critical_point="4567" crossing="0" crossing_point="4621" exp_start_point="4477" gender="female" id="2_2_192" intention_prob="0.9166666667" intersection="four-way" num_lanes="4" signalized="CS" traffic_direction="TW" /><pedestrian age="adult" critical_point="12831" crossing="-1" crossing_point="12863" exp_start_point="12741" gender="male" id="2_2_166" intention_prob="0.3666666667" intersection="midblock" num_lanes="2" signalized="n/a" traffic_direction="OW" /><pedestrian age="adult" critical_point="15731" crossing="-1" crossing_point="15802" exp_start_point="15641" gender="male" id="2_2_173" intention_prob="0.0666666667" intersection="midblock" num_lanes="2" signalized="n/a" traffic_direction="OW" /><pedestrian age="senior" critical_point="14117" crossing="0" crossing_point="14156" exp_start_point="14027" gender="male" id="2_2_167" intention_prob="0.85" intersection="T" num_lanes="2" signalized="CS" traffic_direction="OW" /><pedestrian age="adult" critical_point="5310" crossing="1" crossing_point="5762" exp_start_point="5220" gender="female" id="2_2_150" intention_prob="0.8" intersection="four-way" num_lanes="2" signalized="CS" traffic_direction="TW" /><pedestrian age="adult" critical_point="2268" crossing="0" crossing_point="2290" exp_start_point="2178" gender="female" id="2_2_147" intention_prob="0.9166666667" intersection="four-way" num_lanes="4" signalized="CS" traffic_direction="TW" /><pedestrian age="adult" critical_point="5745" crossing="1" crossing_point="5756" exp_start_point="5612" gender="male" id="2_2_152" intention_prob="0.9333333333" intersection="four-way" num_lanes="2" signalized="CS" traffic_direction="TW" /><pedestrian age="adult" critical_point="6862" crossing="1" crossing_point="6869" exp_start_point="6807" gender="male" id="2_2_156" intention_prob="0.9833333333" intersection="four-way" num_lanes="2" signalized="CS" traffic_direction="TW" /><pedestrian age="senior" critical_point="17134" crossing="-1" crossing_point="17180" exp_start_point="17044" gender="female" id="2_2_179" intention_prob="0.5666666667" intersection="midblock" num_lanes="2" signalized="n/a" traffic_direction="OW" /><pedestrian age="adult" critical_point="14145" crossing="0" crossing_point="14169" exp_start_point="14055" gender="female" id="2_2_169" intention_prob="0.8666666667" intersection="T" num_lanes="4" signalized="CS" traffic_direction="TW" /><pedestrian age="adult" critical_point="2848" crossing="1" crossing_point="2867" exp_start_point="2758" gender="female" id="2_2_183" intention_prob="0.9666666667" intersection="four-way" num_lanes="4" signalized="CS" traffic_direction="TW" /><pedestrian age="adult" critical_point="14145" crossing="0" crossing_point="14173" exp_start_point="14055" gender="female" id="2_2_170" intention_prob="0.9166666667" intersection="T" num_lanes="4" signalized="CS" traffic_direction="TW" /><pedestrian age="adult" critical_point="2944" crossing="1" crossing_point="2988" exp_start_point="2854" gender="male" id="2_2_187" intention_prob="0.8666666667" intersection="four-way" num_lanes="4" signalized="CS" traffic_direction="TW" /><pedestrian age="senior" critical_point="10790" crossing="1" crossing_point="10868" exp_start_point="10700" gender="female" id="2_2_160" intention_prob="1" intersection="T-left" num_lanes="2" signalized="CS" traffic_direction="OW" /></ped_attributes>