<ped_attributes><pedestrian age="adult" critical_point="2438" crossing="-1" crossing_point="2457" exp_start_point="2370" gender="female" id="2_3_203" intention_prob="0.1" intersection="midblock" num_lanes="4" signalized="n/a" traffic_direction="TW" /><pedestrian age="adult" critical_point="4789" crossing="0" crossing_point="4820" exp_start_point="4723" gender="male" id="2_3_212" intention_prob="0.7666666667" intersection="T-right" num_lanes="4" signalized="CS" traffic_direction="TW" /><pedestrian age="senior" critical_point="3934" crossing="0" crossing_point="3959" exp_start_point="3844" gender="male" id="2_3_210" intention_prob="0.9333333333" intersection="four-way" num_lanes="4" signalized="CS" traffic_direction="TW" /><pedestrian age="adult" critical_point="4789" crossing="0" crossing_point="4817" exp_start_point="4705" gender="male" id="2_3_211" intention_prob="0.8166666667" intersection="T-right" num_lanes="4" signalized="CS" traffic_direction="TW" /><pedestrian age="adult" critical_point="1164" crossing="1" crossing_point="1178" exp_start_point="1074" gender="female" id="2_3_197" intention_prob="1" intersection="T" num_lanes="2" signalized="CS" traffic_direction="TW" /><pedestrian age="adult" critical_point="2178" crossing="0" crossing_point="2205" exp_start_point="2088" gender="female" id="2_3_216" intention_prob="0.7" intersection="midblock" num_lanes="4" signalized="CS" traffic_direction="TW" /><pedestrian age="senior" critical_point="5845" crossing="0" crossing_point="5955" exp_start_point="5755" gender="male" id="2_3_206" intention_prob="0.75" intersection="midblock" num_lanes="4" signalized="CS" traffic_direction="TW" /><pedestrian age="adult" critical_point="5984" crossing="0" crossing_point="6041" exp_start_point="5894" gender="male" id="2_3_204" intention_prob="0.9" intersection="midblock" num_lanes="4" signalized="CS" traffic_direction="TW" /><pedestrian age="senior" critical_point="1416" crossing="1" crossing_point="1434" exp_start_point="1326" gender="male" id="2_3_200" intention_prob="1" intersection="T" num_lanes="2" signalized="CS" traffic_direction="TW" /><pedestrian age="adult" critical_point="2192" crossing="0" crossing_point="2217" exp_start_point="2102" gender="male" id="2_3_215" intention_prob="0.9333333333" intersection="midblock" num_lanes="4" signalized="CS" traffic_direction="TW" /><pedestrian age="adult" critical_point="3752" crossing="0" crossing_point="3778" exp_start_point="3663" gender="female" id="2_3_207" intention_prob="0.6833333333" intersection="four-way" num_lanes="4" signalized="CS" traffic_direction="TW" /><pedestrian age="adult" critical_point="5988" crossing="0" crossing_point="6050" exp_start_point="5926" gender="male" id="2_3_205" intention_prob="0.95" intersection="midblock" num_lanes="4" signalized="CS" traffic_direction="TW" /><pedestrian age="senior" critical_point="1416" crossing="1" crossing_point="1436" exp_start_point="1326" gender="female" id="2_3_201" intention_prob="0.9333333333" intersection="T" num_lanes="2" signalized="CS" traffic_direction="TW" /><pedestrian age="adult" critical_point="4789" crossing="0" crossing_point="4824" exp_start_point="4691" gender="male" id="2_3_209" intention_prob="0.9666666667" intersection="T-right" num_lanes="4" signalized="CS" traffic_direction="TW" /><pedestrian age="adult" critical_point="1700" crossing="0" crossing_point="1718" exp_start_point="1597" gender="male" id="2_3_199" intention_prob="0.6333333333" intersection="T" num_lanes="4" signalized="n/a" traffic_direction="TW" /><pedestrian age="senior" critical_point="1364" crossing="1" crossing_point="1365" exp_start_point="1310" gender="male" id="2_3_196" intention_prob="0.9" intersection="T" num_lanes="2" signalized="CS" traffic_direction="TW" /><pedestrian age="adult" critical_point="1289" crossing="1" crossing_point="1305" exp_start_point="1199" gender="female" id="2_3_198" intention_prob="0.9833333333" intersection="T" num_lanes="2" signalized="CS" traffic_direction="TW" /><pedestrian age="adult" critical_point="1137" crossing="1" crossing_point="1137" exp_start_point="1086" gender="male" id="2_3_195" intention_prob="1" intersection="T" num_lanes="2" signalized="CS" traffic_direction="TW" /><pedestrian age="adult" critical_point="3931" crossing="0" crossing_point="3957" exp_start_point="3841" gender="female" id="2_3_208" intention_prob="0.8666666667" intersection="four-way" num_lanes="4" signalized="CS" traffic_direction="TW" /><pedestrian age="adult" critical_point="2181" crossing="0" crossing_point="2208" exp_start_point="2115" gender="female" id="2_3_213" intention_prob="0.95" intersection="midblock" num_lanes="4" signalized="CS" traffic_direction="TW" /><pedestrian age="adult" critical_point="948" crossing="1" crossing_point="965" exp_start_point="858" gender="female" id="2_3_194" intention_prob="0.95" intersection="T" num_lanes="2" signalized="CS" traffic_direction="TW" /><pedestrian age="adult" critical_point="2184" crossing="0" crossing_point="2211" exp_start_point="2115" gender="female" id="2_3_214" intention_prob="0.95" intersection="midblock" num_lanes="4" signalized="CS" traffic_direction="TW" /><pedestrian age="adult" critical_point="1616" crossing="1" crossing_point="1633" exp_start_point="1526" gender="female" id="2_3_202" intention_prob="1" intersection="T" num_lanes="2" signalized="CS" traffic_direction="TW" /><pedestrian age="adult" critical_point="2192" crossing="0" crossing_point="2219" exp_start_point="2109" gender="male" id="2_3_217" intention_prob="0.8833333333" intersection="midblock" num_lanes="4" signalized="CS" traffic_direction="TW" /></ped_attributes>