<ped_attributes><pedestrian age="adult" critical_point="2338" crossing="1" crossing_point="2366" exp_start_point="2138" gender="male" id="6_5_1861" intention_prob="0.85" intersection="four-way" num_lanes="4" signalized="CS" traffic_direction="TW" /><pedestrian age="adult" critical_point="1934" crossing="1" crossing_point="1960" exp_start_point="1844" gender="male" id="6_5_1862" intention_prob="0.9333333333" intersection="four-way" num_lanes="4" signalized="CS" traffic_direction="TW" /><pedestrian age="adult" critical_point="823" crossing="-1" crossing_point="854" exp_start_point="733" gender="male" id="6_5_1859" intention_prob="0.7333333333" intersection="T-left" num_lanes="4" signalized="CS" traffic_direction="TW" /><pedestrian age="adult" critical_point="1934" crossing="1" crossing_point="1973" exp_start_point="1878" gender="male" id="6_5_1864" intention_prob="0.8833333333" intersection="four-way" num_lanes="4" signalized="CS" traffic_direction="TW" /><pedestrian age="adult" critical_point="765" crossing="0" crossing_point="799" exp_start_point="675" gender="female" id="6_5_1858" intention_prob="0.95" intersection="T-right" num_lanes="4" signalized="CS" traffic_direction="TW" /><pedestrian age="adult" critical_point="13438" crossing="0" crossing_point="13462" exp_start_point="13348" gender="male" id="6_5_1870" intention_prob="0.6333333333" intersection="midblock" num_lanes="4" signalized="n/a" traffic_direction="TW" /><pedestrian age="adult" critical_point="3034" crossing="-1" crossing_point="3044" exp_start_point="2944" gender="female" id="6_5_1866" intention_prob="0.6333333333" intersection="midblock" num_lanes="4" signalized="n/a" traffic_direction="TW" /><pedestrian age="adult" critical_point="2266" crossing="1" crossing_point="2326" exp_start_point="2176" gender="female" id="6_5_1863" intention_prob="0.8666666667" intersection="four-way" num_lanes="4" signalized="CS" traffic_direction="TW" /><pedestrian age="adult" critical_point="8327" crossing="-1" crossing_point="8367" exp_start_point="8237" gender="female" id="6_5_1878" intention_prob="0.2" intersection="midblock" num_lanes="4" signalized="n/a" traffic_direction="TW" /><pedestrian age="adult" critical_point="8745" crossing="-1" crossing_point="8768" exp_start_point="8668" gender="female" id="6_5_1868" intention_prob="0.0166666667" intersection="midblock" num_lanes="4" signalized="n/a" traffic_direction="TW" /><pedestrian age="senior" critical_point="13749" crossing="0" crossing_point="13768" exp_start_point="13659" gender="male" id="6_5_1871" intention_prob="0.7833333333" intersection="midblock" num_lanes="4" signalized="n/a" traffic_direction="TW" /><pedestrian age="adult" critical_point="8310" crossing="-1" crossing_point="8335" exp_start_point="8220" gender="male" id="6_5_1876" intention_prob="0.0666666667" intersection="midblock" num_lanes="4" signalized="n/a" traffic_direction="TW" /><pedestrian age="adult" critical_point="715" crossing="0" crossing_point="737" exp_start_point="688" gender="female" id="6_5_1857" intention_prob="0.7166666667" intersection="T-right" num_lanes="4" signalized="CS" traffic_direction="TW" /><pedestrian age="adult" critical_point="3006" crossing="-1" crossing_point="3031" exp_start_point="2916" gender="male" id="6_5_1865" intention_prob="0.8" intersection="midblock" num_lanes="4" signalized="n/a" traffic_direction="TW" /><pedestrian age="adult" critical_point="14543" crossing="-1" crossing_point="14571" exp_start_point="14453" gender="female" id="6_5_1873" intention_prob="0.15" intersection="midblock" num_lanes="4" signalized="n/a" traffic_direction="TW" /><pedestrian age="senior" critical_point="715" crossing="0" crossing_point="747" exp_start_point="645" gender="male" id="6_5_1856" intention_prob="0.9333333333" intersection="T-right" num_lanes="4" signalized="CS" traffic_direction="TW" /><pedestrian age="adult" critical_point="5790" crossing="0" crossing_point="5841" exp_start_point="5700" gender="male" id="6_5_1867" intention_prob="0.4333333333" intersection="midblock" num_lanes="4" signalized="n/a" traffic_direction="TW" /><pedestrian age="adult" critical_point="765" crossing="0" crossing_point="801" exp_start_point="680" gender="female" id="6_5_1860" intention_prob="0.8833333333" intersection="T-right" num_lanes="4" signalized="CS" traffic_direction="TW" /><pedestrian age="adult" critical_point="16121" crossing="0" crossing_point="16161" exp_start_point="16046" gender="male" id="6_5_1874" intention_prob="0.9833333333" intersection="four-way" num_lanes="4" signalized="CS" traffic_direction="TW" /><pedestrian age="adult" critical_point="8310" crossing="-1" crossing_point="8341" exp_start_point="8280" gender="male" id="6_5_1877" intention_prob="0.1" intersection="midblock" num_lanes="4" signalized="n/a" traffic_direction="TW" /><pedestrian age="senior" critical_point="13989" crossing="-1" crossing_point="13859" exp_start_point="13846" gender="male" id="6_5_1872" intention_prob="0.15" intersection="midblock" num_lanes="4" signalized="n/a" traffic_direction="TW" /><pedestrian age="adult" critical_point="17764" crossing="-1" crossing_point="17596" exp_start_point="17567" gender="female" id="6_5_1875" intention_prob="0.15" intersection="midblock" num_lanes="4" signalized="n/a" traffic_direction="TW" /></ped_attributes>