<ped_attributes><pedestrian age="adult" critical_point="17084" crossing="-1" crossing_point="17112" exp_start_point="16994" gender="female" id="6_2_1799" intention_prob="0.0333333333" intersection="midblock" num_lanes="2" signalized="n/a" traffic_direction="TW" /><pedestrian age="adult" critical_point="7809" crossing="0" crossing_point="7844" exp_start_point="7711" gender="male" id="6_2_1776" intention_prob="0.95" intersection="T-right" num_lanes="2" signalized="n/a" traffic_direction="TW" /><pedestrian age="adult" critical_point="11489" crossing="0" crossing_point="11580" exp_start_point="11413" gender="male" id="6_2_1786" intention_prob="0.85" intersection="T-left" num_lanes="2" signalized="C" traffic_direction="TW" /><pedestrian age="adult" critical_point="7870" crossing="0" crossing_point="7920" exp_start_point="7780" gender="male" id="6_2_1777" intention_prob="0.7833333333" intersection="T-right" num_lanes="2" signalized="n/a" traffic_direction="TW" /><pedestrian age="adult" critical_point="119" crossing="1" crossing_point="126" exp_start_point="17" gender="male" id="6_2_1803" intention_prob="0.9333333333" intersection="four-way" num_lanes="2" signalized="CS" traffic_direction="TW" /><pedestrian age="adult" critical_point="7694" crossing="1" crossing_point="7698" exp_start_point="7609" gender="male" id="6_2_1775" intention_prob="0.8166666667" intersection="T-right" num_lanes="2" signalized="n/a" traffic_direction="TW" /><pedestrian age="adult" critical_point="8393" crossing="1" crossing_point="8421" exp_start_point="8272" gender="male" id="6_2_1784" intention_prob="0.95" intersection="T-right" num_lanes="2" signalized="CS" traffic_direction="TW" /><pedestrian age="adult" critical_point="990" crossing="0" crossing_point="1016" exp_start_point="900" gender="female" id="6_2_1764" intention_prob="0.95" intersection="midblock" num_lanes="2" signalized="n/a" traffic_direction="TW" /><pedestrian age="adult" critical_point="12705" crossing="0" crossing_point="12765" exp_start_point="12689" gender="male" id="6_2_1801" intention_prob="0.7833333333" intersection="T-left" num_lanes="2" signalized="CS" traffic_direction="TW" /><pedestrian age="adult" critical_point="990" crossing="0" crossing_point="1018" exp_start_point="900" gender="female" id="6_2_1763" intention_prob="0.9333333333" intersection="midblock" num_lanes="2" signalized="n/a" traffic_direction="TW" /><pedestrian age="adult" critical_point="12641" crossing="-1" crossing_point="12717" exp_start_point="12559" gender="male" id="6_2_1787" intention_prob="0.0166666667" intersection="T-right" num_lanes="2" signalized="CS" traffic_direction="TW" /><pedestrian age="adult" critical_point="8393" crossing="1" crossing_point="8396" exp_start_point="8272" gender="female" id="6_2_1782" intention_prob="0.9666666667" intersection="T-right" num_lanes="2" signalized="CS" traffic_direction="TW" /><pedestrian age="adult" critical_point="14036" crossing="0" crossing_point="14071" exp_start_point="13946" gender="male" id="6_2_1796" intention_prob="0.85" intersection="T" num_lanes="2" signalized="CS" traffic_direction="TW" /><pedestrian age="adult" critical_point="9237" crossing="1" crossing_point="9267" exp_start_point="9218" gender="male" id="6_2_1785" intention_prob="0.8" intersection="four-way" num_lanes="2" signalized="CS" traffic_direction="TW" /><pedestrian age="adult" critical_point="8302" crossing="1" crossing_point="8315" exp_start_point="8212" gender="male" id="6_2_1779" intention_prob="0.9833333333" intersection="T-right" num_lanes="2" signalized="CS" traffic_direction="TW" /><pedestrian age="adult" critical_point="14040" crossing="0" crossing_point="14088" exp_start_point="13942" gender="male" id="6_2_1797" intention_prob="0.8666666667" intersection="T" num_lanes="2" signalized="CS" traffic_direction="TW" /><pedestrian age="senior" critical_point="7038" crossing="1" crossing_point="7079" exp_start_point="6948" gender="male" id="6_2_1773" intention_prob="0.9166666667" intersection="four-way" num_lanes="2" signalized="CS" traffic_direction="TW" /><pedestrian age="adult" critical_point="6440" crossing="1" crossing_point="6547" exp_start_point="6274" gender="male" id="6_2_1770" intention_prob="0.8" intersection="midblock" num_lanes="2" signalized="n/a" traffic_direction="TW" /><pedestrian age="adult" critical_point="13314" crossing="0" crossing_point="13471" exp_start_point="13224" gender="male" id="6_2_1792" intention_prob="0.5333333333" intersection="T" num_lanes="2" signalized="CS" traffic_direction="TW" /><pedestrian age="adult" critical_point="3076" crossing="-1" crossing_point="3176" exp_start_point="2986" gender="male" id="6_2_1766" intention_prob="0.4833333333" intersection="T-right" num_lanes="2" signalized="C" traffic_direction="TW" /><pedestrian age="adult" critical_point="5211" crossing="1" crossing_point="5230" exp_start_point="5163" gender="male" id="6_2_1769" intention_prob="0.9166666667" intersection="four-way" num_lanes="2" signalized="CS" traffic_direction="TW" /><pedestrian age="adult" critical_point="17084" crossing="-1" crossing_point="17111" exp_start_point="16994" gender="female" id="6_2_1800" intention_prob="0.0333333333" intersection="midblock" num_lanes="2" signalized="n/a" traffic_direction="TW" /><pedestrian age="adult" critical_point="1782" crossing="1" crossing_point="1814" exp_start_point="1673" gender="male" id="6_2_1802" intention_prob="0.9333333333" intersection="T-left" num_lanes="2" signalized="CS" traffic_direction="TW" /><pedestrian age="adult" critical_point="13296" crossing="0" crossing_point="13463" exp_start_point="13206" gender="female" id="6_2_1789" intention_prob="0.9333333333" intersection="T" num_lanes="2" signalized="CS" traffic_direction="TW" /><pedestrian age="adult" critical_point="3511" crossing="-1" crossing_point="3605" exp_start_point="3400" gender="male" id="6_2_1768" intention_prob="0.4833333333" intersection="four-way" num_lanes="2" signalized="CS" traffic_direction="TW" /><pedestrian age="adult" critical_point="12962" crossing="-1" crossing_point="13017" exp_start_point="12900" gender="male" id="6_2_1788" intention_prob="0.0666666667" intersection="midblock" num_lanes="2" signalized="n/a" traffic_direction="TW" /><pedestrian age="adult" critical_point="7023" crossing="-1" crossing_point="7095" exp_start_point="6933" gender="female" id="6_2_1771" intention_prob="0.5333333333" intersection="four-way" num_lanes="2" signalized="CS" traffic_direction="TW" /><pedestrian age="adult" critical_point="119" crossing="1" crossing_point="126" exp_start_point="29" gender="male" id="6_2_1804" intention_prob="0.95" intersection="four-way" num_lanes="2" signalized="CS" traffic_direction="TW" /><pedestrian age="adult" critical_point="13314" crossing="0" crossing_point="13440" exp_start_point="13224" gender="male" id="6_2_1794" intention_prob="0.7" intersection="T" num_lanes="2" signalized="CS" traffic_direction="TW" /><pedestrian age="adult" critical_point="328" crossing="1" crossing_point="352" exp_start_point="238" gender="male" id="6_2_1806" intention_prob="0.85" intersection="four-way" num_lanes="2" signalized="CS" traffic_direction="TW" /><pedestrian age="adult" critical_point="8302" crossing="1" crossing_point="8312" exp_start_point="8212" gender="female" id="6_2_1781" intention_prob="0.9833333333" intersection="T-right" num_lanes="2" signalized="CS" traffic_direction="TW" /><pedestrian age="adult" critical_point="3076" crossing="-1" crossing_point="3163" exp_start_point="2986" gender="male" id="6_2_1767" intention_prob="0.3333333333" intersection="T-right" num_lanes="2" signalized="C" traffic_direction="TW" /><pedestrian age="adult" critical_point="7023" crossing="-1" crossing_point="7117" exp_start_point="6933" gender="female" id="6_2_1772" intention_prob="0.5666666667" intersection="four-way" num_lanes="2" signalized="CS" traffic_direction="TW" /><pedestrian age="adult" critical_point="2906" crossing="0" crossing_point="2949" exp_start_point="2868" gender="male" id="6_2_1765" intention_prob="0.7666666667" intersection="midblock" num_lanes="2" signalized="n/a" traffic_direction="TW" /><pedestrian age="adult" critical_point="14088" crossing="-1" crossing_point="14120" exp_start_point="13998" gender="male" id="6_2_1798" intention_prob="0.3833333333" intersection="T" num_lanes="2" signalized="CS" traffic_direction="TW" /><pedestrian age="senior" critical_point="201" crossing="1" crossing_point="221" exp_start_point="111" gender="male" id="6_2_1805" intention_prob="1" intersection="four-way" num_lanes="2" signalized="CS" traffic_direction="TW" /><pedestrian age="adult" critical_point="13296" crossing="0" crossing_point="13449" exp_start_point="13206" gender="female" id="6_2_1791" intention_prob="0.95" intersection="T" num_lanes="2" signalized="CS" traffic_direction="TW" /><pedestrian age="adult" critical_point="8302" crossing="1" crossing_point="8335" exp_start_point="8212" gender="male" id="6_2_1780" intention_prob="0.8666666667" intersection="T-right" num_lanes="2" signalized="CS" traffic_direction="TW" /><pedestrian age="adult" critical_point="8732" crossing="0" crossing_point="8792" exp_start_point="8642" gender="male" id="6_2_1790" intention_prob="0.9833333333" intersection="T-right" num_lanes="2" signalized="CS" traffic_direction="TW" /><pedestrian age="senior" critical_point="7420" crossing="-1" crossing_point="7444" exp_start_point="7342" gender="male" id="6_2_1774" intention_prob="0.15" intersection="midblock" num_lanes="2" signalized="n/a" traffic_direction="TW" /><pedestrian age="adult" critical_point="8178" crossing="1" crossing_point="8194" exp_start_point="8134" gender="male" id="6_2_1778" intention_prob="0.9" intersection="T-right" num_lanes="2" signalized="CS" traffic_direction="TW" /></ped_attributes>