<ped_attributes><pedestrian age="adult" critical_point="283" crossing="-1" crossing_point="321" exp_start_point="173" gender="female" id="6_4_1855" intention_prob="0.4666666667" intersection="T-left" num_lanes="4" signalized="CS" traffic_direction="TW" /><pedestrian age="adult" critical_point="10140" crossing="-1" crossing_point="10200" exp_start_point="10051" gender="female" id="6_4_1853" intention_prob="0.3" intersection="midblock" num_lanes="4" signalized="n/a" traffic_direction="TW" /><pedestrian age="adult" critical_point="1305" crossing="-1" crossing_point="1336" exp_start_point="1215" gender="male" id="6_4_1824" intention_prob="0.3666666667" intersection="midblock" num_lanes="2" signalized="n/a" traffic_direction="OW" /><pedestrian age="adult" critical_point="8184" crossing="1" crossing_point="8200" exp_start_point="8047" gender="female" id="6_4_1831" intention_prob="0.7" intersection="T-right" num_lanes="4" signalized="CS" traffic_direction="TW" /><pedestrian age="adult" critical_point="7773" crossing="-1" crossing_point="7817" exp_start_point="7683" gender="male" id="6_4_1839" intention_prob="0.0166666667" intersection="midblock" num_lanes="4" signalized="n/a" traffic_direction="TW" /><pedestrian age="adult" critical_point="12937" crossing="0" crossing_point="12977" exp_start_point="12787" gender="male" id="6_4_1832" intention_prob="0.9333333333" intersection="T-left" num_lanes="4" signalized="n/a" traffic_direction="TW" /><pedestrian age="adult" critical_point="363" crossing="1" crossing_point="386" exp_start_point="300" gender="male" id="6_4_1823" intention_prob="0.7333333333" intersection="T-right" num_lanes="2" signalized="C" traffic_direction="TW" /><pedestrian age="adult" critical_point="16095" crossing="0" crossing_point="16136" exp_start_point="16035" gender="female" id="6_4_1834" intention_prob="0.85" intersection="T-left" num_lanes="4" signalized="CS" traffic_direction="TW" /><pedestrian age="adult" critical_point="16095" crossing="0" crossing_point="16123" exp_start_point="16005" gender="female" id="6_4_1836" intention_prob="0.9166666667" intersection="T-left" num_lanes="4" signalized="CS" traffic_direction="TW" /><pedestrian age="adult" critical_point="8106" crossing="1" crossing_point="8120" exp_start_point="8016" gender="female" id="6_4_1842" intention_prob="0.85" intersection="T-right" num_lanes="4" signalized="CS" traffic_direction="TW" /><pedestrian age="adult" critical_point="7975" crossing="1" crossing_point="8027" exp_start_point="7891" gender="female" id="6_4_1830" intention_prob="0.7666666667" intersection="T-right" num_lanes="4" signalized="CS" traffic_direction="TW" /><pedestrian age="senior" critical_point="8106" crossing="1" crossing_point="8159" exp_start_point="8016" gender="female" id="6_4_1843" intention_prob="0.8333333333" intersection="T-right" num_lanes="4" signalized="CS" traffic_direction="TW" /><pedestrian age="adult" critical_point="7617" crossing="-1" crossing_point="7696" exp_start_point="7527" gender="male" id="6_4_1838" intention_prob="0.0166666667" intersection="midblock" num_lanes="4" signalized="n/a" traffic_direction="TW" /><pedestrian age="adult" critical_point="9973" crossing="0" crossing_point="10024" exp_start_point="9883" gender="female" id="6_4_1845" intention_prob="0.9666666667" intersection="T-left" num_lanes="4" signalized="CS" traffic_direction="TW" /><pedestrian age="adult" critical_point="16095" crossing="0" crossing_point="16118" exp_start_point="16005" gender="female" id="6_4_1837" intention_prob="0.8833333333" intersection="T-left" num_lanes="4" signalized="CS" traffic_direction="TW" /><pedestrian age="adult" critical_point="10113" crossing="0" crossing_point="10191" exp_start_point="10023" gender="female" id="6_4_1847" intention_prob="0.9166666667" intersection="T-left" num_lanes="4" signalized="CS" traffic_direction="TW" /><pedestrian age="adult" critical_point="6827" crossing="0" crossing_point="6849" exp_start_point="6737" gender="female" id="6_4_1841" intention_prob="0.95" intersection="midblock" num_lanes="4" signalized="CS" traffic_direction="TW" /><pedestrian age="adult" critical_point="16095" crossing="0" crossing_point="16129" exp_start_point="16030" gender="male" id="6_4_1833" intention_prob="0.9" intersection="T-left" num_lanes="4" signalized="CS" traffic_direction="TW" /><pedestrian age="adult" critical_point="7268" crossing="-1" crossing_point="7294" exp_start_point="7178" gender="male" id="6_4_1828" intention_prob="0.3" intersection="midblock" num_lanes="4" signalized="n/a" traffic_direction="TW" /><pedestrian age="adult" critical_point="10113" crossing="0" crossing_point="10146" exp_start_point="10023" gender="female" id="6_4_1850" intention_prob="0.75" intersection="midblock" num_lanes="4" signalized="CS" traffic_direction="TW" /><pedestrian age="senior" critical_point="10225" crossing="-1" crossing_point="10264" exp_start_point="9632" gender="female" id="6_4_1849" intention_prob="0.3833333333" intersection="midblock" num_lanes="4" signalized="n/a" traffic_direction="TW" /><pedestrian age="adult" critical_point="7328" crossing="0" crossing_point="7354" exp_start_point="7305" gender="male" id="6_4_1829" intention_prob="0.65" intersection="midblock" num_lanes="4" signalized="n/a" traffic_direction="TW" /><pedestrian age="adult" critical_point="6722" crossing="0" crossing_point="6766" exp_start_point="6632" gender="female" id="6_4_1826" intention_prob="0.9666666667" intersection="four-way" num_lanes="4" signalized="CS" traffic_direction="TW" /><pedestrian age="adult" critical_point="10113" crossing="0" crossing_point="10181" exp_start_point="10023" gender="female" id="6_4_1846" intention_prob="0.95" intersection="T-left" num_lanes="4" signalized="CS" traffic_direction="TW" /><pedestrian age="adult" critical_point="10134" crossing="-1" crossing_point="10188" exp_start_point="10053" gender="female" id="6_4_1852" intention_prob="0.3166666667" intersection="midblock" num_lanes="4" signalized="n/a" traffic_direction="TW" /><pedestrian age="adult" critical_point="7773" crossing="-1" crossing_point="7818" exp_start_point="7683" gender="male" id="6_4_1840" intention_prob="0.1" intersection="midblock" num_lanes="4" signalized="n/a" traffic_direction="TW" /><pedestrian age="adult" critical_point="8177" crossing="1" crossing_point="8197" exp_start_point="8002" gender="female" id="6_4_1844" intention_prob="0.9833333333" intersection="T-right" num_lanes="4" signalized="CS" traffic_direction="TW" /><pedestrian age="adult" critical_point="16095" crossing="0" crossing_point="16108" exp_start_point="16005" gender="female" id="6_4_1835" intention_prob="0.8833333333" intersection="T-left" num_lanes="4" signalized="CS" traffic_direction="TW" /><pedestrian age="adult" critical_point="10147" crossing="-1" crossing_point="10226" exp_start_point="10097" gender="female" id="6_4_1854" intention_prob="0.3833333333" intersection="midblock" num_lanes="4" signalized="n/a" traffic_direction="TW" /><pedestrian age="adult" critical_point="10113" crossing="0" crossing_point="10151" exp_start_point="10023" gender="male" id="6_4_1851" intention_prob="0.65" intersection="midblock" num_lanes="4" signalized="CS" traffic_direction="TW" /><pedestrian age="adult" critical_point="363" crossing="1" crossing_point="386" exp_start_point="300" gender="female" id="6_4_1822" intention_prob="0.8833333333" intersection="T-right" num_lanes="2" signalized="C" traffic_direction="TW" /></ped_attributes>