<ped_attributes><pedestrian age="adult" critical_point="389" crossing="0" crossing_point="420" exp_start_point="366" gender="male" id="6_3_1809" intention_prob="0.95" intersection="four-way" num_lanes="2" signalized="CS" traffic_direction="TW" /><pedestrian age="adult" critical_point="14306" crossing="0" crossing_point="14344" exp_start_point="14216" gender="male" id="6_3_1819" intention_prob="0.9166666667" intersection="midblock" num_lanes="2" signalized="n/a" traffic_direction="TW" /><pedestrian age="adult" critical_point="456" crossing="0" crossing_point="495" exp_start_point="366" gender="male" id="6_3_1811" intention_prob="1" intersection="four-way" num_lanes="2" signalized="CS" traffic_direction="TW" /><pedestrian age="adult" critical_point="13312" crossing="1" crossing_point="13317" exp_start_point="13261" gender="male" id="6_3_1818" intention_prob="1" intersection="four-way" num_lanes="4" signalized="CS" traffic_direction="TW" /><pedestrian age="adult" critical_point="3323" crossing="1" crossing_point="3358" exp_start_point="3293" gender="female" id="6_3_1812" intention_prob="0.8333333333" intersection="four-way" num_lanes="2" signalized="CS" traffic_direction="TW" /><pedestrian age="adult" critical_point="10976" crossing="1" crossing_point="10980" exp_start_point="10886" gender="female" id="6_3_1815" intention_prob="0.9" intersection="midblock" num_lanes="2" signalized="n/a" traffic_direction="TW" /><pedestrian age="adult" critical_point="3517" crossing="1" crossing_point="3518" exp_start_point="3494" gender="male" id="6_3_1813" intention_prob="0.9833333333" intersection="four-way" num_lanes="2" signalized="CS" traffic_direction="TW" /><pedestrian age="adult" critical_point="11192" crossing="1" crossing_point="11198" exp_start_point="10960" gender="male" id="6_3_1816" intention_prob="0.4833333333" intersection="midblock" num_lanes="2" signalized="n/a" traffic_direction="TW" /><pedestrian age="adult" critical_point="181" crossing="-1" crossing_point="219" exp_start_point="108" gender="male" id="6_3_1807" intention_prob="0.1666666667" intersection="midblock" num_lanes="2" signalized="n/a" traffic_direction="TW" /><pedestrian age="adult" critical_point="17437" crossing="1" crossing_point="17440" exp_start_point="17357" gender="male" id="6_3_1820" intention_prob="0.9166666667" intersection="four-way" num_lanes="2" signalized="CS" traffic_direction="TW" /><pedestrian age="adult" critical_point="12553" crossing="0" crossing_point="12582" exp_start_point="12472" gender="male" id="6_3_1817" intention_prob="0.7666666667" intersection="midblock" num_lanes="2" signalized="n/a" traffic_direction="TW" /><pedestrian age="adult" critical_point="298" crossing="-1" crossing_point="334" exp_start_point="234" gender="male" id="6_3_1808" intention_prob="0.0333333333" intersection="midblock" num_lanes="2" signalized="n/a" traffic_direction="TW" /><pedestrian age="adult" critical_point="12073" crossing="-1" crossing_point="12102" exp_start_point="11988" gender="male" id="6_3_1821" intention_prob="0.2" intersection="midblock" num_lanes="2" signalized="n/a" traffic_direction="TW" /><pedestrian age="adult" critical_point="389" crossing="0" crossing_point="402" exp_start_point="299" gender="female" id="6_3_1810" intention_prob="0.8833333333" intersection="four-way" num_lanes="2" signalized="CS" traffic_direction="TW" /><pedestrian age="senior" critical_point="4379" crossing="0" crossing_point="4405" exp_start_point="4289" gender="male" id="6_3_1814" intention_prob="0.95" intersection="midblock" num_lanes="2" signalized="n/a" traffic_direction="TW" /></ped_attributes>