<ped_attributes><pedestrian age="senior" critical_point="4347" crossing="0" crossing_point="4374" exp_start_point="4257" gender="male" id="6_6_1882" intention_prob="0.85" intersection="T-right" num_lanes="4" signalized="CS" traffic_direction="TW" /><pedestrian age="adult" critical_point="238" crossing="0" crossing_point="306" exp_start_point="148" gender="female" id="6_6_1894" intention_prob="0.8666666667" intersection="T-right" num_lanes="4" signalized="CS" traffic_direction="TW" /><pedestrian age="adult" critical_point="16667" crossing="0" crossing_point="16699" exp_start_point="16597" gender="female" id="6_6_1888" intention_prob="0.5666666667" intersection="T-left" num_lanes="4" signalized="CS" traffic_direction="TW" /><pedestrian age="adult" critical_point="3837" crossing="-1" crossing_point="3866" exp_start_point="3747" gender="male" id="6_6_1880" intention_prob="0.0666666667" intersection="midblock" num_lanes="4" signalized="n/a" traffic_direction="TW" /><pedestrian age="adult" critical_point="16235" crossing="0" crossing_point="16284" exp_start_point="16213" gender="female" id="6_6_1887" intention_prob="0.8166666667" intersection="four-way" num_lanes="4" signalized="CS" traffic_direction="TW" /><pedestrian age="senior" critical_point="16278" crossing="0" crossing_point="16305" exp_start_point="16188" gender="female" id="6_6_1885" intention_prob="0.9833333333" intersection="four-way" num_lanes="4" signalized="CS" traffic_direction="TW" /><pedestrian age="adult" critical_point="238" crossing="0" crossing_point="311" exp_start_point="148" gender="female" id="6_6_1893" intention_prob="0.7666666667" intersection="T-right" num_lanes="4" signalized="CS" traffic_direction="TW" /><pedestrian age="adult" critical_point="7102" crossing="0" crossing_point="7140" exp_start_point="7012" gender="male" id="6_6_1884" intention_prob="0.8166666667" intersection="T-right" num_lanes="4" signalized="CS" traffic_direction="TW" /><pedestrian age="adult" critical_point="6947" crossing="-1" crossing_point="7001" exp_start_point="6857" gender="male" id="6_6_1883" intention_prob="0.2" intersection="midblock" num_lanes="4" signalized="n/a" traffic_direction="TW" /><pedestrian age="adult" critical_point="4242" crossing="-1" crossing_point="4268" exp_start_point="4152" gender="male" id="6_6_1881" intention_prob="0.4166666667" intersection="midblock" num_lanes="4" signalized="n/a" traffic_direction="TW" /><pedestrian age="adult" critical_point="16673" crossing="0" crossing_point="16704" exp_start_point="16636" gender="female" id="6_6_1890" intention_prob="0.8166666667" intersection="T-left" num_lanes="4" signalized="CS" traffic_direction="TW" /><pedestrian age="adult" critical_point="16996" crossing="0" crossing_point="17026" exp_start_point="16906" gender="male" id="6_6_1891" intention_prob="0.9833333333" intersection="four-way" num_lanes="4" signalized="n/a" traffic_direction="TW" /><pedestrian age="adult" critical_point="16235" crossing="0" crossing_point="16251" exp_start_point="16209" gender="female" id="6_6_1886" intention_prob="0.7333333333" intersection="four-way" num_lanes="4" signalized="CS" traffic_direction="TW" /><pedestrian age="adult" critical_point="16667" crossing="0" crossing_point="16699" exp_start_point="16603" gender="female" id="6_6_1889" intention_prob="0.7166666667" intersection="T-left" num_lanes="4" signalized="CS" traffic_direction="TW" /><pedestrian age="adult" critical_point="231" crossing="0" crossing_point="314" exp_start_point="141" gender="female" id="6_6_1892" intention_prob="0.8166666667" intersection="T-right" num_lanes="4" signalized="CS" traffic_direction="TW" /><pedestrian age="adult" critical_point="2463" crossing="-1" crossing_point="2493" exp_start_point="2373" gender="male" id="6_6_1879" intention_prob="0.5333333333" intersection="midblock" num_lanes="4" signalized="n/a" traffic_direction="TW" /></ped_attributes>