<ped_attributes><pedestrian age="adult" critical_point="8700" crossing="0" crossing_point="8737" exp_start_point="8610" gender="female" id="6_9_1967" intention_prob="0.95" intersection="four-way" num_lanes="2" signalized="CS" traffic_direction="TW" /><pedestrian age="adult" critical_point="11826" crossing="0" crossing_point="11836" exp_start_point="11736" gender="male" id="6_9_1983" intention_prob="0.7833333333" intersection="four-way" num_lanes="4" signalized="CS" traffic_direction="TW" /><pedestrian age="adult" critical_point="1785" crossing="0" crossing_point="1852" exp_start_point="1695" gender="female" id="6_9_1941" intention_prob="0.8833333333" intersection="four-way" num_lanes="4" signalized="CS" traffic_direction="TW" /><pedestrian age="adult" critical_point="12863" crossing="-1" crossing_point="12887" exp_start_point="12773" gender="male" id="6_9_1972" intention_prob="0.1" intersection="midblock" num_lanes="4" signalized="n/a" traffic_direction="TW" /><pedestrian age="adult" critical_point="2701" crossing="0" crossing_point="2721" exp_start_point="2602" gender="male" id="6_9_1944" intention_prob="0.8166666667" intersection="four-way" num_lanes="2" signalized="CS" traffic_direction="TW" /><pedestrian age="senior" critical_point="8054" crossing="0" crossing_point="8104" exp_start_point="7964" gender="female" id="6_9_1960" intention_prob="0.75" intersection="four-way" num_lanes="2" signalized="CS" traffic_direction="TW" /><pedestrian age="senior" critical_point="8092" crossing="-1" crossing_point="8113" exp_start_point="8002" gender="male" id="6_9_1961" intention_prob="0.1333333333" intersection="midblock" num_lanes="2" signalized="n/a" traffic_direction="TW" /><pedestrian age="senior" critical_point="2212" crossing="0" crossing_point="2240" exp_start_point="2185" gender="male" id="6_9_1942" intention_prob="0.4166666667" intersection="midblock" num_lanes="2" signalized="n/a" traffic_direction="TW" /><pedestrian age="adult" critical_point="2701" crossing="0" crossing_point="2726" exp_start_point="2597" gender="male" id="6_9_1945" intention_prob="0.9833333333" intersection="four-way" num_lanes="2" signalized="CS" traffic_direction="TW" /><pedestrian age="senior" critical_point="11645" crossing="0" crossing_point="11738" exp_start_point="11555" gender="female" id="6_9_1975" intention_prob="0.9333333333" intersection="four-way" num_lanes="4" signalized="CS" traffic_direction="TW" /><pedestrian age="adult" critical_point="4100" crossing="-1" crossing_point="4176" exp_start_point="4010" gender="male" id="6_9_1952" intention_prob="0.1833333333" intersection="four-way" num_lanes="2" signalized="n/a" traffic_direction="TW" /><pedestrian age="senior" critical_point="13237" crossing="0" crossing_point="13266" exp_start_point="13147" gender="female" id="6_9_1986" intention_prob="1" intersection="four-way" num_lanes="4" signalized="CS" traffic_direction="TW" /><pedestrian age="adult" critical_point="12300" crossing="0" crossing_point="12331" exp_start_point="12225" gender="female" id="6_9_1971" intention_prob="0.9833333333" intersection="T-left" num_lanes="3" signalized="CS" traffic_direction="TW" /><pedestrian age="adult" critical_point="11826" crossing="0" crossing_point="11831" exp_start_point="11736" gender="female" id="6_9_1989" intention_prob="0.8" intersection="four-way" num_lanes="4" signalized="CS" traffic_direction="TW" /><pedestrian age="adult" critical_point="11645" crossing="0" crossing_point="11734" exp_start_point="11555" gender="female" id="6_9_1980" intention_prob="0.9" intersection="four-way" num_lanes="4" signalized="CS" traffic_direction="TW" /><pedestrian age="adult" critical_point="7731" crossing="0" crossing_point="7759" exp_start_point="7641" gender="female" id="6_9_1959" intention_prob="0.45" intersection="midblock" num_lanes="2" signalized="CS" traffic_direction="TW" /><pedestrian age="adult" critical_point="9586" crossing="0" crossing_point="9612" exp_start_point="9496" gender="female" id="6_9_1969" intention_prob="0.6" intersection="four-way" num_lanes="3" signalized="CS" traffic_direction="TW" /><pedestrian age="adult" critical_point="13481" crossing="0" crossing_point="13505" exp_start_point="13447" gender="male" id="6_9_1973" intention_prob="0.5333333333" intersection="midblock" num_lanes="4" signalized="n/a" traffic_direction="TW" /><pedestrian age="adult" critical_point="8582" crossing="0" crossing_point="8629" exp_start_point="8492" gender="female" id="6_9_1964" intention_prob="0.95" intersection="four-way" num_lanes="2" signalized="CS" traffic_direction="TW" /><pedestrian age="adult" critical_point="11645" crossing="0" crossing_point="11725" exp_start_point="11555" gender="female" id="6_9_1981" intention_prob="0.7" intersection="four-way" num_lanes="4" signalized="CS" traffic_direction="TW" /><pedestrian age="adult" critical_point="13137" crossing="0" crossing_point="13165" exp_start_point="13075" gender="female" id="6_9_1985" intention_prob="0.9666666667" intersection="four-way" num_lanes="4" signalized="CS" traffic_direction="TW" /><pedestrian age="adult" critical_point="2701" crossing="0" crossing_point="2725" exp_start_point="2611" gender="male" id="6_9_1943" intention_prob="0.9333333333" intersection="four-way" num_lanes="2" signalized="CS" traffic_direction="TW" /><pedestrian age="adult" critical_point="11826" crossing="0" crossing_point="11850" exp_start_point="11736" gender="male" id="6_9_1988" intention_prob="0.9" intersection="four-way" num_lanes="4" signalized="CS" traffic_direction="TW" /><pedestrian age="adult" critical_point="8582" crossing="0" crossing_point="8607" exp_start_point="8457" gender="male" id="6_9_1962" intention_prob="0.8333333333" intersection="four-way" num_lanes="2" signalized="CS" traffic_direction="TW" /><pedestrian age="adult" critical_point="2628" crossing="0" crossing_point="2654" exp_start_point="2538" gender="female" id="6_9_1946" intention_prob="0.8166666667" intersection="four-way" num_lanes="2" signalized="CS" traffic_direction="TW" /><pedestrian age="adult" critical_point="4835" crossing="0" crossing_point="4872" exp_start_point="4807" gender="female" id="6_9_1956" intention_prob="0.8166666667" intersection="four-way" num_lanes="2" signalized="CS" traffic_direction="TW" /><pedestrian age="adult" critical_point="1785" crossing="0" crossing_point="1845" exp_start_point="1695" gender="female" id="6_9_1940" intention_prob="0.85" intersection="four-way" num_lanes="4" signalized="CS" traffic_direction="TW" /><pedestrian age="adult" critical_point="2628" crossing="0" crossing_point="2659" exp_start_point="2538" gender="female" id="6_9_1948" intention_prob="0.9333333333" intersection="four-way" num_lanes="2" signalized="CS" traffic_direction="TW" /><pedestrian age="adult" critical_point="13140" crossing="0" crossing_point="13168" exp_start_point="13050" gender="female" id="6_9_1984" intention_prob="0.9166666667" intersection="four-way" num_lanes="4" signalized="CS" traffic_direction="TW" /><pedestrian age="adult" critical_point="2798" crossing="-1" crossing_point="2853" exp_start_point="2708" gender="male" id="6_9_1949" intention_prob="0.0833333333" intersection="midblock" num_lanes="2" signalized="n/a" traffic_direction="TW" /><pedestrian age="adult" critical_point="11826" crossing="0" crossing_point="11841" exp_start_point="11726" gender="female" id="6_9_1982" intention_prob="0.9333333333" intersection="four-way" num_lanes="4" signalized="CS" traffic_direction="TW" /><pedestrian age="adult" critical_point="11835" crossing="0" crossing_point="11860" exp_start_point="11765" gender="female" id="6_9_1977" intention_prob="0.9666666667" intersection="four-way" num_lanes="4" signalized="CS" traffic_direction="TW" /><pedestrian age="adult" critical_point="3578" crossing="0" crossing_point="3600" exp_start_point="3488" gender="female" id="6_9_1950" intention_prob="0.9" intersection="four-way" num_lanes="2" signalized="CS" traffic_direction="TW" /><pedestrian age="adult" critical_point="17557" crossing="-1" crossing_point="17999" exp_start_point="17372" gender="female" id="6_9_1974" intention_prob="0" intersection="midblock" num_lanes="4" signalized="n/a" traffic_direction="TW" /><pedestrian age="adult" critical_point="13137" crossing="0" crossing_point="13162" exp_start_point="13076" gender="female" id="6_9_1987" intention_prob="0.9166666667" intersection="four-way" num_lanes="4" signalized="CS" traffic_direction="TW" /><pedestrian age="senior" critical_point="11835" crossing="0" crossing_point="11861" exp_start_point="11769" gender="male" id="6_9_1976" intention_prob="0.8833333333" intersection="four-way" num_lanes="4" signalized="CS" traffic_direction="TW" /><pedestrian age="adult" critical_point="9586" crossing="0" crossing_point="9609" exp_start_point="9496" gender="male" id="6_9_1970" intention_prob="0.7333333333" intersection="four-way" num_lanes="3" signalized="CS" traffic_direction="TW" /><pedestrian age="adult" critical_point="11835" crossing="0" crossing_point="11863" exp_start_point="11766" gender="female" id="6_9_1978" intention_prob="0.8833333333" intersection="four-way" num_lanes="4" signalized="CS" traffic_direction="TW" /><pedestrian age="senior" critical_point="4835" crossing="0" crossing_point="4863" exp_start_point="4745" gender="male" id="6_9_1955" intention_prob="0.9666666667" intersection="four-way" num_lanes="2" signalized="CS" traffic_direction="TW" /><pedestrian age="adult" critical_point="4100" crossing="-1" crossing_point="4171" exp_start_point="4010" gender="male" id="6_9_1951" intention_prob="0.25" intersection="four-way" num_lanes="2" signalized="n/a" traffic_direction="TW" /><pedestrian age="adult" critical_point="11645" crossing="0" crossing_point="11703" exp_start_point="11555" gender="female" id="6_9_1979" intention_prob="0.95" intersection="four-way" num_lanes="4" signalized="CS" traffic_direction="TW" /><pedestrian age="adult" critical_point="5167" crossing="-1" crossing_point="5191" exp_start_point="5077" gender="male" id="6_9_1957" intention_prob="0.05" intersection="midblock" num_lanes="2" signalized="n/a" traffic_direction="TW" /><pedestrian age="adult" critical_point="4938" crossing="0" crossing_point="4981" exp_start_point="4848" gender="male" id="6_9_1953" intention_prob="0.85" intersection="four-way" num_lanes="2" signalized="CS" traffic_direction="TW" /><pedestrian age="senior" critical_point="8700" crossing="0" crossing_point="8733" exp_start_point="8610" gender="female" id="6_9_1966" intention_prob="0.9666666667" intersection="four-way" num_lanes="2" signalized="CS" traffic_direction="TW" /><pedestrian age="adult" critical_point="8700" crossing="0" crossing_point="8743" exp_start_point="8610" gender="female" id="6_9_1968" intention_prob="0.9166666667" intersection="four-way" num_lanes="2" signalized="CS" traffic_direction="TW" /><pedestrian age="adult" critical_point="1785" crossing="0" crossing_point="1821" exp_start_point="1695" gender="male" id="6_9_1939" intention_prob="0.9666666667" intersection="four-way" num_lanes="4" signalized="CS" traffic_direction="TW" /><pedestrian age="senior" critical_point="2628" crossing="0" crossing_point="2646" exp_start_point="2538" gender="female" id="6_9_1947" intention_prob="0.7833333333" intersection="four-way" num_lanes="2" signalized="CS" traffic_direction="TW" /><pedestrian age="adult" critical_point="4938" crossing="0" crossing_point="4958" exp_start_point="4856" gender="male" id="6_9_1954" intention_prob="0.9166666667" intersection="four-way" num_lanes="2" signalized="CS" traffic_direction="TW" /><pedestrian age="senior" critical_point="8582" crossing="0" crossing_point="8625" exp_start_point="8492" gender="male" id="6_9_1965" intention_prob="0.9833333333" intersection="four-way" num_lanes="2" signalized="CS" traffic_direction="TW" /></ped_attributes>