<ped_attributes><pedestrian age="adult" critical_point="15477" crossing="1" crossing_point="15598" exp_start_point="15387" gender="male" id="3_4_378" intention_prob="0.95" intersection="T" num_lanes="4" signalized="CS" traffic_direction="TW" /><pedestrian age="adult" critical_point="9563" crossing="1" crossing_point="9832" exp_start_point="9464" gender="female" id="3_4_353" intention_prob="0.9833333333" intersection="T" num_lanes="2" signalized="CS" traffic_direction="OW" /><pedestrian age="adult" critical_point="15604" crossing="1" crossing_point="15630" exp_start_point="15514" gender="female" id="3_4_376" intention_prob="0.9833333333" intersection="T" num_lanes="4" signalized="CS" traffic_direction="TW" /><pedestrian age="adult" critical_point="11336" crossing="-1" crossing_point="11372" exp_start_point="11246" gender="male" id="3_4_358" intention_prob="0.5166666667" intersection="midblock" num_lanes="2" signalized="n/a" traffic_direction="OW" /><pedestrian age="adult" critical_point="8372" crossing="1" crossing_point="8385" exp_start_point="8282" gender="female" id="3_4_356" intention_prob="1" intersection="four-way" num_lanes="2" signalized="CS" traffic_direction="OW" /><pedestrian age="senior" critical_point="14094" crossing="-1" crossing_point="14149" exp_start_point="14004" gender="male" id="3_4_370" intention_prob="0.0833333333" intersection="midblock" num_lanes="2" signalized="n/a" traffic_direction="OW" /><pedestrian age="adult" critical_point="15603" crossing="1" crossing_point="15692" exp_start_point="15513" gender="female" id="3_4_382" intention_prob="0.8666666667" intersection="T" num_lanes="4" signalized="CS" traffic_direction="TW" /><pedestrian age="senior" critical_point="15609" crossing="1" crossing_point="15745" exp_start_point="15519" gender="male" id="3_4_375" intention_prob="0.9166666667" intersection="T" num_lanes="4" signalized="CS" traffic_direction="TW" /><pedestrian age="senior" critical_point="11751" crossing="-1" crossing_point="11787" exp_start_point="11661" gender="female" id="3_4_360" intention_prob="0" intersection="midblock" num_lanes="2" signalized="n/a" traffic_direction="OW" /><pedestrian age="senior" critical_point="9575" crossing="1" crossing_point="9901" exp_start_point="9440" gender="female" id="3_4_354" intention_prob="0.95" intersection="T" num_lanes="2" signalized="CS" traffic_direction="OW" /><pedestrian age="adult" critical_point="15594" crossing="1" crossing_point="15660" exp_start_point="15504" gender="male" id="3_4_380" intention_prob="0.9833333333" intersection="T" num_lanes="4" signalized="CS" traffic_direction="TW" /><pedestrian age="adult" critical_point="15632" crossing="1" crossing_point="15684" exp_start_point="15519" gender="female" id="3_4_383" intention_prob="0.95" intersection="T" num_lanes="4" signalized="CS" traffic_direction="TW" /><pedestrian age="adult" critical_point="1655" crossing="0" crossing_point="1683" exp_start_point="1568" gender="female" id="3_4_345" intention_prob="0.8666666667" intersection="T-left" num_lanes="4" signalized="CS" traffic_direction="TW" /><pedestrian age="adult" critical_point="12027" crossing="1" crossing_point="12040" exp_start_point="11981" gender="male" id="3_4_361" intention_prob="0.9" intersection="T-left" num_lanes="2" signalized="n/a" traffic_direction="OW" /><pedestrian age="adult" critical_point="8237" crossing="0" crossing_point="8283" exp_start_point="8147" gender="male" id="3_4_348" intention_prob="0.9833333333" intersection="four-way" num_lanes="2" signalized="CS" traffic_direction="OW" /><pedestrian age="senior" critical_point="2482" crossing="-1" crossing_point="2517" exp_start_point="2392" gender="male" id="3_4_346" intention_prob="0.5333333333" intersection="four-way" num_lanes="4" signalized="CS" traffic_direction="TW" /><pedestrian age="adult" critical_point="1599" crossing="0" crossing_point="1628" exp_start_point="1509" gender="female" id="3_4_344" intention_prob="0.6333333333" intersection="T-left" num_lanes="4" signalized="CS" traffic_direction="TW" /><pedestrian age="senior" critical_point="15720" crossing="1" crossing_point="15719" exp_start_point="15637" gender="male" id="3_4_381" intention_prob="1" intersection="T" num_lanes="4" signalized="CS" traffic_direction="TW" /><pedestrian age="adult" critical_point="9439" crossing="1" crossing_point="9445" exp_start_point="9397" gender="female" id="3_4_350" intention_prob="1" intersection="T" num_lanes="2" signalized="CS" traffic_direction="OW" /><pedestrian age="adult" critical_point="12234" crossing="-1" crossing_point="12285" exp_start_point="12144" gender="female" id="3_4_362" intention_prob="0.1333333333" intersection="midblock" num_lanes="2" signalized="n/a" traffic_direction="OW" /><pedestrian age="adult" critical_point="14705" crossing="-1" crossing_point="14761" exp_start_point="14615" gender="female" id="3_4_372" intention_prob="0.35" intersection="midblock" num_lanes="2" signalized="n/a" traffic_direction="OW" /><pedestrian age="adult" critical_point="9563" crossing="1" crossing_point="9847" exp_start_point="9473" gender="female" id="3_4_352" intention_prob="0.95" intersection="T" num_lanes="2" signalized="CS" traffic_direction="OW" /><pedestrian age="senior" critical_point="13630" crossing="-1" crossing_point="13682" exp_start_point="13540" gender="male" id="3_4_366" intention_prob="0.1833333333" intersection="midblock" num_lanes="2" signalized="n/a" traffic_direction="OW" /><pedestrian age="senior" critical_point="12231" crossing="-1" crossing_point="12277" exp_start_point="12141" gender="female" id="3_4_363" intention_prob="0.05" intersection="midblock" num_lanes="2" signalized="n/a" traffic_direction="OW" /><pedestrian age="adult" critical_point="9807" crossing="1" crossing_point="9818" exp_start_point="9773" gender="male" id="3_4_355" intention_prob="0.9166666667" intersection="T" num_lanes="2" signalized="CS" traffic_direction="OW" /><pedestrian age="senior" critical_point="15475" crossing="1" crossing_point="15504" exp_start_point="15250" gender="male" id="3_4_374" intention_prob="0.9833333333" intersection="T" num_lanes="4" signalized="CS" traffic_direction="TW" /><pedestrian age="adult" critical_point="14025" crossing="-1" crossing_point="14082" exp_start_point="13935" gender="female" id="3_4_371" intention_prob="0.2" intersection="midblock" num_lanes="2" signalized="n/a" traffic_direction="OW" /><pedestrian age="adult" critical_point="15587" crossing="1" crossing_point="15659" exp_start_point="15497" gender="male" id="3_4_377" intention_prob="0.8333333333" intersection="T" num_lanes="4" signalized="CS" traffic_direction="TW" /><pedestrian age="adult" critical_point="15597" crossing="1" crossing_point="15622" exp_start_point="15507" gender="male" id="3_4_379" intention_prob="0.8333333333" intersection="T" num_lanes="4" signalized="CS" traffic_direction="TW" /><pedestrian age="adult" critical_point="9563" crossing="1" crossing_point="9809" exp_start_point="9449" gender="female" id="3_4_351" intention_prob="0.9666666667" intersection="T" num_lanes="2" signalized="CS" traffic_direction="OW" /><pedestrian age="adult" critical_point="10192" crossing="1" crossing_point="10212" exp_start_point="10161" gender="male" id="3_4_357" intention_prob="0.9666666667" intersection="T" num_lanes="2" signalized="CS" traffic_direction="OW" /><pedestrian age="adult" critical_point="13065" crossing="-1" crossing_point="13119" exp_start_point="12953" gender="female" id="3_4_364" intention_prob="0.2666666667" intersection="midblock" num_lanes="2" signalized="n/a" traffic_direction="OW" /><pedestrian age="adult" critical_point="8304" crossing="1" crossing_point="8312" exp_start_point="8291" gender="female" id="3_4_349" intention_prob="0.8833333333" intersection="four-way" num_lanes="2" signalized="CS" traffic_direction="OW" /></ped_attributes>