<ped_attributes><pedestrian age="adult" critical_point="12855" crossing="0" crossing_point="12878" exp_start_point="12505" gender="female" id="3_8_546" intention_prob="0.9666666667" intersection="T" num_lanes="2" signalized="CS" traffic_direction="OW" /><pedestrian age="senior" critical_point="6971" crossing="1" crossing_point="7015" exp_start_point="6881" gender="female" id="3_8_534" intention_prob="1" intersection="T-left" num_lanes="2" signalized="CS" traffic_direction="TW" /><pedestrian age="adult" critical_point="12860" crossing="0" crossing_point="12905" exp_start_point="12711" gender="female" id="3_8_549" intention_prob="0.9166666667" intersection="T" num_lanes="2" signalized="CS" traffic_direction="OW" /><pedestrian age="adult" critical_point="15143" crossing="1" crossing_point="15174" exp_start_point="15053" gender="female" id="3_8_554" intention_prob="0.9166666667" intersection="four-way" num_lanes="2" signalized="C" traffic_direction="OW" /><pedestrian age="adult" critical_point="15553" crossing="-1" crossing_point="15577" exp_start_point="15531" gender="female" id="3_8_556" intention_prob="0.3666666667" intersection="midblock" num_lanes="2" signalized="n/a" traffic_direction="OW" /><pedestrian age="adult" critical_point="10187" crossing="0" crossing_point="10219" exp_start_point="10097" gender="female" id="3_8_541" intention_prob="0.75" intersection="four-way" num_lanes="2" signalized="CS" traffic_direction="TW" /><pedestrian age="adult" critical_point="16242" crossing="0" crossing_point="16259" exp_start_point="16152" gender="female" id="3_8_559" intention_prob="1" intersection="four-way" num_lanes="2" signalized="CS" traffic_direction="TW" /><pedestrian age="adult" critical_point="17082" crossing="0" crossing_point="17136" exp_start_point="17006" gender="male" id="3_8_561" intention_prob="0.9833333333" intersection="T" num_lanes="2" signalized="CS" traffic_direction="TW" /><pedestrian age="adult" critical_point="8334" crossing="0" crossing_point="8436" exp_start_point="8060" gender="male" id="3_8_537" intention_prob="0.95" intersection="midblock" num_lanes="2" signalized="n/a" traffic_direction="TW" /><pedestrian age="adult" critical_point="5803" crossing="1" crossing_point="5819" exp_start_point="5713" gender="male" id="3_8_529" intention_prob="0.9166666667" intersection="T-left" num_lanes="4" signalized="CS" traffic_direction="TW" /><pedestrian age="senior" critical_point="10187" crossing="0" crossing_point="10213" exp_start_point="10097" gender="male" id="3_8_540" intention_prob="1" intersection="four-way" num_lanes="2" signalized="CS" traffic_direction="TW" /><pedestrian age="adult" critical_point="13040" crossing="1" crossing_point="13060" exp_start_point="12950" gender="male" id="3_8_550" intention_prob="0.9666666667" intersection="T" num_lanes="4" signalized="CS" traffic_direction="TW" /><pedestrian age="adult" critical_point="16121" crossing="0" crossing_point="16142" exp_start_point="16060" gender="female" id="3_8_557" intention_prob="0.6166666667" intersection="midblock" num_lanes="2" signalized="n/a" traffic_direction="OW" /><pedestrian age="senior" critical_point="7558" crossing="1" crossing_point="7615" exp_start_point="7468" gender="male" id="3_8_535" intention_prob="0.9833333333" intersection="T-left" num_lanes="2" signalized="CS" traffic_direction="TW" /><pedestrian age="senior" critical_point="15149" crossing="1" crossing_point="15187" exp_start_point="15059" gender="female" id="3_8_555" intention_prob="0.9166666667" intersection="four-way" num_lanes="2" signalized="C" traffic_direction="OW" /><pedestrian age="adult" critical_point="5808" crossing="1" crossing_point="5833" exp_start_point="5718" gender="female" id="3_8_528" intention_prob="0.9333333333" intersection="T-left" num_lanes="4" signalized="CS" traffic_direction="TW" /><pedestrian age="adult" critical_point="16210" crossing="0" crossing_point="16261" exp_start_point="16132" gender="female" id="3_8_558" intention_prob="0.9166666667" intersection="four-way" num_lanes="2" signalized="CS" traffic_direction="TW" /><pedestrian age="adult" critical_point="6706" crossing="1" crossing_point="6764" exp_start_point="6616" gender="female" id="3_8_533" intention_prob="0.8833333333" intersection="T-left" num_lanes="2" signalized="CS" traffic_direction="TW" /><pedestrian age="adult" critical_point="11295" crossing="-1" crossing_point="11348" exp_start_point="11205" gender="male" id="3_8_544" intention_prob="0.0666666667" intersection="midblock" num_lanes="2" signalized="n/a" traffic_direction="OW" /><pedestrian age="adult" critical_point="14952" crossing="-1" crossing_point="15139" exp_start_point="14862" gender="female" id="3_8_553" intention_prob="0.8666666667" intersection="four-way" num_lanes="2" signalized="CS" traffic_direction="OW" /><pedestrian age="adult" critical_point="5790" crossing="-1" crossing_point="7923" exp_start_point="5700" gender="male" id="3_8_531" intention_prob="0.25" intersection="T-left" num_lanes="4" signalized="CS" traffic_direction="TW" /><pedestrian age="adult" critical_point="5813" crossing="1" crossing_point="5845" exp_start_point="5723" gender="male" id="3_8_530" intention_prob="0.9666666667" intersection="T-left" num_lanes="4" signalized="CS" traffic_direction="TW" /><pedestrian age="adult" critical_point="5830" crossing="1" crossing_point="5914" exp_start_point="5740" gender="female" id="3_8_532" intention_prob="0.6166666667" intersection="T-left" num_lanes="4" signalized="CS" traffic_direction="TW" /><pedestrian age="adult" critical_point="16930" crossing="0" crossing_point="16967" exp_start_point="16840" gender="male" id="3_8_560" intention_prob="0.5333333333" intersection="midblock" num_lanes="2" signalized="CS" traffic_direction="TW" /><pedestrian age="adult" critical_point="7896" crossing="-1" crossing_point="7522" exp_start_point="7740" gender="female" id="3_8_536" intention_prob="0.8666666667" intersection="T-left" num_lanes="2" signalized="CS" traffic_direction="TW" /><pedestrian age="adult" critical_point="12851" crossing="0" crossing_point="12865" exp_start_point="12761" gender="male" id="3_8_547" intention_prob="0.5666666667" intersection="T" num_lanes="2" signalized="CS" traffic_direction="OW" /><pedestrian age="adult" critical_point="772" crossing="-1" crossing_point="874" exp_start_point="682" gender="male" id="3_8_526" intention_prob="0.1166666667" intersection="midblock" num_lanes="2" signalized="CS" traffic_direction="OW" /><pedestrian age="adult" critical_point="8614" crossing="-1" crossing_point="8670" exp_start_point="8524" gender="male" id="3_8_539" intention_prob="0.0333333333" intersection="midblock" num_lanes="2" signalized="n/a" traffic_direction="TW" /><pedestrian age="adult" critical_point="12847" crossing="-1" crossing_point="12863" exp_start_point="12757" gender="female" id="3_8_545" intention_prob="0.0833333333" intersection="T" num_lanes="2" signalized="CS" traffic_direction="OW" /><pedestrian age="adult" critical_point="13729" crossing="1" crossing_point="13750" exp_start_point="13639" gender="female" id="3_8_552" intention_prob="0.5833333333" intersection="midblock" num_lanes="1" signalized="n/a" traffic_direction="OW" /><pedestrian age="adult" critical_point="12851" crossing="0" crossing_point="12874" exp_start_point="12761" gender="male" id="3_8_548" intention_prob="0.6166666667" intersection="T" num_lanes="2" signalized="CS" traffic_direction="OW" /><pedestrian age="adult" critical_point="2152" crossing="1" crossing_point="2180" exp_start_point="2062" gender="male" id="3_8_527" intention_prob="0.9666666667" intersection="four-way" num_lanes="2" signalized="CS" traffic_direction="OW" /><pedestrian age="adult" critical_point="11183" crossing="-1" crossing_point="11234" exp_start_point="11112" gender="male" id="3_8_543" intention_prob="0.1166666667" intersection="midblock" num_lanes="2" signalized="n/a" traffic_direction="OW" /><pedestrian age="adult" critical_point="8340" crossing="0" crossing_point="8427" exp_start_point="8060" gender="female" id="3_8_538" intention_prob="1" intersection="midblock" num_lanes="2" signalized="n/a" traffic_direction="TW" /><pedestrian age="adult" critical_point="17083" crossing="0" crossing_point="17128" exp_start_point="17036" gender="male" id="3_8_562" intention_prob="0.9666666667" intersection="T" num_lanes="2" signalized="CS" traffic_direction="TW" /><pedestrian age="adult" critical_point="13588" crossing="0" crossing_point="13645" exp_start_point="13521" gender="male" id="3_8_551" intention_prob="0.95" intersection="T-left" num_lanes="1" signalized="C" traffic_direction="OW" /><pedestrian age="adult" critical_point="10187" crossing="0" crossing_point="10222" exp_start_point="10128" gender="female" id="3_8_542" intention_prob="0.9166666667" intersection="four-way" num_lanes="2" signalized="CS" traffic_direction="TW" /></ped_attributes>