<ped_attributes><pedestrian age="adult" critical_point="15906" crossing="0" crossing_point="15974" exp_start_point="15816" gender="female" id="3_15_887" intention_prob="0.95" intersection="four-way" num_lanes="3" signalized="CS" traffic_direction="OW" /><pedestrian age="adult" critical_point="3173" crossing="1" crossing_point="3207" exp_start_point="3083" gender="female" id="3_15_831" intention_prob="0.9333333333" intersection="four-way" num_lanes="4" signalized="CS" traffic_direction="TW" /><pedestrian age="adult" critical_point="3627" crossing="1" crossing_point="3985" exp_start_point="3529" gender="male" id="3_15_838" intention_prob="0.9" intersection="four-way" num_lanes="4" signalized="CS" traffic_direction="TW" /><pedestrian age="adult" critical_point="13062" crossing="-1" crossing_point="13098" exp_start_point="13009" gender="male" id="3_15_884" intention_prob="0.0666666667" intersection="four-way" num_lanes="6" signalized="CS" traffic_direction="TW" /><pedestrian age="adult" critical_point="6934" crossing="0" crossing_point="6975" exp_start_point="6865" gender="male" id="3_15_866" intention_prob="0.6833333333" intersection="four-way" num_lanes="4" signalized="CS" traffic_direction="TW" /><pedestrian age="adult" critical_point="4077" crossing="1" crossing_point="4213" exp_start_point="3987" gender="male" id="3_15_843" intention_prob="0.9666666667" intersection="four-way" num_lanes="4" signalized="CS" traffic_direction="TW" /><pedestrian age="adult" critical_point="4928" crossing="-1" crossing_point="4978" exp_start_point="4853" gender="female" id="3_15_850" intention_prob="0.3666666667" intersection="midblock" num_lanes="4" signalized="n/a" traffic_direction="TW" /><pedestrian age="adult" critical_point="6987" crossing="-1" crossing_point="7041" exp_start_point="6905" gender="male" id="3_15_878" intention_prob="0.2666666667" intersection="midblock" num_lanes="4" signalized="n/a" traffic_direction="TW" /><pedestrian age="adult" critical_point="6972" crossing="-1" crossing_point="7026" exp_start_point="6957" gender="male" id="3_15_882" intention_prob="0.35" intersection="midblock" num_lanes="4" signalized="n/a" traffic_direction="TW" /><pedestrian age="adult" critical_point="13037" crossing="0" crossing_point="13106" exp_start_point="13006" gender="female" id="3_15_886" intention_prob="0.8833333333" intersection="four-way" num_lanes="6" signalized="CS" traffic_direction="TW" /><pedestrian age="adult" critical_point="3208" crossing="1" crossing_point="3272" exp_start_point="3118" gender="male" id="3_15_832" intention_prob="0.9166666667" intersection="four-way" num_lanes="4" signalized="CS" traffic_direction="TW" /><pedestrian age="adult" critical_point="7954" crossing="-1" crossing_point="8036" exp_start_point="7864" gender="male" id="3_15_889" intention_prob="0.2833333333" intersection="four-way" num_lanes="4" signalized="CS" traffic_direction="TW" /><pedestrian age="adult" critical_point="6445" crossing="0" crossing_point="6730" exp_start_point="6355" gender="female" id="3_15_863" intention_prob="0.7333333333" intersection="four-way" num_lanes="4" signalized="CS" traffic_direction="TW" /><pedestrian age="adult" critical_point="7954" crossing="-1" crossing_point="8041" exp_start_point="7864" gender="female" id="3_15_888" intention_prob="0.3833333333" intersection="four-way" num_lanes="4" signalized="CS" traffic_direction="TW" /><pedestrian age="adult" critical_point="3173" crossing="1" crossing_point="3242" exp_start_point="3083" gender="female" id="3_15_829" intention_prob="0.8666666667" intersection="four-way" num_lanes="4" signalized="CS" traffic_direction="TW" /><pedestrian age="adult" critical_point="4949" crossing="0" crossing_point="4992" exp_start_point="4859" gender="female" id="3_15_860" intention_prob="0.4166666667" intersection="midblock" num_lanes="4" signalized="n/a" traffic_direction="TW" /><pedestrian age="senior" critical_point="5455" crossing="1" crossing_point="5504" exp_start_point="5419" gender="female" id="3_15_858" intention_prob="0.6833333333" intersection="four-way" num_lanes="4" signalized="CS" traffic_direction="TW" /><pedestrian age="adult" critical_point="4873" crossing="-1" crossing_point="4895" exp_start_point="4835" gender="female" id="3_15_846" intention_prob="0.3333333333" intersection="midblock" num_lanes="4" signalized="n/a" traffic_direction="TW" /><pedestrian age="adult" critical_point="13062" crossing="0" crossing_point="13110" exp_start_point="12972" gender="male" id="3_15_885" intention_prob="0.6166666667" intersection="four-way" num_lanes="6" signalized="CS" traffic_direction="TW" /><pedestrian age="adult" critical_point="7758" crossing="1" crossing_point="7798" exp_start_point="7711" gender="male" id="3_15_891" intention_prob="0.9333333333" intersection="four-way" num_lanes="4" signalized="CS" traffic_direction="TW" /><pedestrian age="adult" critical_point="4854" crossing="-1" crossing_point="4871" exp_start_point="4825" gender="male" id="3_15_845" intention_prob="0.5166666667" intersection="midblock" num_lanes="4" signalized="n/a" traffic_direction="TW" /><pedestrian age="adult" critical_point="7089" crossing="-1" crossing_point="7115" exp_start_point="7051" gender="male" id="3_15_883" intention_prob="0.5333333333" intersection="midblock" num_lanes="4" signalized="n/a" traffic_direction="TW" /><pedestrian age="adult" critical_point="6916" crossing="0" crossing_point="6945" exp_start_point="6901" gender="female" id="3_15_872" intention_prob="0.9833333333" intersection="four-way" num_lanes="4" signalized="CS" traffic_direction="TW" /><pedestrian age="adult" critical_point="3499" crossing="1" crossing_point="3520" exp_start_point="3422" gender="female" id="3_15_835" intention_prob="0.9333333333" intersection="four-way" num_lanes="4" signalized="CS" traffic_direction="TW" /><pedestrian age="senior" critical_point="6994" crossing="-1" crossing_point="7050" exp_start_point="6934" gender="female" id="3_15_876" intention_prob="0.35" intersection="midblock" num_lanes="4" signalized="n/a" traffic_direction="TW" /><pedestrian age="adult" critical_point="4966" crossing="-1" crossing_point="5014" exp_start_point="4876" gender="male" id="3_15_852" intention_prob="0.5666666667" intersection="midblock" num_lanes="4" signalized="n/a" traffic_direction="TW" /><pedestrian age="adult" critical_point="6978" crossing="-1" crossing_point="7034" exp_start_point="6888" gender="male" id="3_15_877" intention_prob="0.4333333333" intersection="midblock" num_lanes="4" signalized="n/a" traffic_direction="TW" /><pedestrian age="adult" critical_point="3310" crossing="1" crossing_point="3332" exp_start_point="3229" gender="female" id="3_15_834" intention_prob="0.8666666667" intersection="four-way" num_lanes="4" signalized="CS" traffic_direction="TW" /><pedestrian age="adult" critical_point="5099" crossing="-1" crossing_point="5126" exp_start_point="5075" gender="female" id="3_15_855" intention_prob="0.6166666667" intersection="midblock" num_lanes="4" signalized="n/a" traffic_direction="TW" /><pedestrian age="adult" critical_point="6915" crossing="0" crossing_point="6948" exp_start_point="6875" gender="male" id="3_15_871" intention_prob="0.9166666667" intersection="four-way" num_lanes="4" signalized="CS" traffic_direction="TW" /><pedestrian age="adult" critical_point="6994" crossing="-1" crossing_point="7055" exp_start_point="6904" gender="male" id="3_15_875" intention_prob="0.2833333333" intersection="midblock" num_lanes="4" signalized="n/a" traffic_direction="TW" /><pedestrian age="adult" critical_point="10593" crossing="0" crossing_point="10655" exp_start_point="10503" gender="female" id="3_15_893" intention_prob="0.8833333333" intersection="four-way" num_lanes="4" signalized="CS" traffic_direction="TW" /><pedestrian age="adult" critical_point="5127" crossing="0" crossing_point="5154" exp_start_point="5057" gender="female" id="3_15_857" intention_prob="0.5" intersection="midblock" num_lanes="4" signalized="n/a" traffic_direction="TW" /><pedestrian age="adult" critical_point="6923" crossing="0" crossing_point="6961" exp_start_point="6872" gender="male" id="3_15_868" intention_prob="0.7833333333" intersection="four-way" num_lanes="4" signalized="CS" traffic_direction="TW" /><pedestrian age="senior" critical_point="6971" crossing="-1" crossing_point="7003" exp_start_point="6881" gender="male" id="3_15_874" intention_prob="0.4333333333" intersection="midblock" num_lanes="4" signalized="n/a" traffic_direction="TW" /><pedestrian age="adult" critical_point="3173" crossing="1" crossing_point="3200" exp_start_point="3083" gender="male" id="3_15_827" intention_prob="1" intersection="four-way" num_lanes="4" signalized="CS" traffic_direction="TW" /><pedestrian age="adult" critical_point="4892" crossing="-1" crossing_point="4908" exp_start_point="4861" gender="male" id="3_15_847" intention_prob="0.4833333333" intersection="midblock" num_lanes="4" signalized="n/a" traffic_direction="TW" /><pedestrian age="senior" critical_point="7786" crossing="1" crossing_point="7820" exp_start_point="7660" gender="male" id="3_15_892" intention_prob="0.9666666667" intersection="four-way" num_lanes="4" signalized="CS" traffic_direction="TW" /><pedestrian age="adult" critical_point="6614" crossing="0" crossing_point="6776" exp_start_point="6524" gender="male" id="3_15_865" intention_prob="1" intersection="four-way" num_lanes="4" signalized="CS" traffic_direction="TW" /><pedestrian age="adult" critical_point="6982" crossing="-1" crossing_point="7002" exp_start_point="6892" gender="male" id="3_15_896" intention_prob="0.5166666667" intersection="midblock" num_lanes="4" signalized="n/a" traffic_direction="TW" /><pedestrian age="adult" critical_point="6914" crossing="0" crossing_point="6938" exp_start_point="6882" gender="female" id="3_15_873" intention_prob="0.8833333333" intersection="four-way" num_lanes="4" signalized="CS" traffic_direction="TW" /><pedestrian age="adult" critical_point="4007" crossing="1" crossing_point="4014" exp_start_point="3869" gender="male" id="3_15_836" intention_prob="1" intersection="four-way" num_lanes="4" signalized="CS" traffic_direction="TW" /><pedestrian age="adult" critical_point="3173" crossing="1" crossing_point="3232" exp_start_point="3083" gender="male" id="3_15_828" intention_prob="0.9666666667" intersection="four-way" num_lanes="4" signalized="CS" traffic_direction="TW" /><pedestrian age="adult" critical_point="4077" crossing="1" crossing_point="4213" exp_start_point="3987" gender="female" id="3_15_842" intention_prob="0.9833333333" intersection="four-way" num_lanes="4" signalized="CS" traffic_direction="TW" /><pedestrian age="adult" critical_point="3657" crossing="1" crossing_point="4015" exp_start_point="3567" gender="male" id="3_15_839" intention_prob="0.9" intersection="four-way" num_lanes="4" signalized="CS" traffic_direction="TW" /><pedestrian age="adult" critical_point="4971" crossing="-1" crossing_point="5019" exp_start_point="4881" gender="female" id="3_15_853" intention_prob="0.6166666667" intersection="midblock" num_lanes="4" signalized="n/a" traffic_direction="TW" /><pedestrian age="adult" critical_point="5455" crossing="1" crossing_point="5513" exp_start_point="5421" gender="female" id="3_15_859" intention_prob="0.7" intersection="four-way" num_lanes="4" signalized="CS" traffic_direction="TW" /><pedestrian age="adult" critical_point="4059" crossing="1" crossing_point="4083" exp_start_point="3573" gender="female" id="3_15_837" intention_prob="0.9" intersection="four-way" num_lanes="4" signalized="CS" traffic_direction="TW" /><pedestrian age="adult" critical_point="6923" crossing="0" crossing_point="6965" exp_start_point="6869" gender="female" id="3_15_867" intention_prob="0.8833333333" intersection="four-way" num_lanes="4" signalized="CS" traffic_direction="TW" /><pedestrian age="adult" critical_point="3755" crossing="1" crossing_point="4000" exp_start_point="3669" gender="male" id="3_15_840" intention_prob="0.9833333333" intersection="four-way" num_lanes="4" signalized="CS" traffic_direction="TW" /><pedestrian age="senior" critical_point="5455" crossing="1" crossing_point="5483" exp_start_point="5423" gender="male" id="3_15_861" intention_prob="0.7" intersection="four-way" num_lanes="4" signalized="CS" traffic_direction="TW" /><pedestrian age="adult" critical_point="10662" crossing="0" crossing_point="10692" exp_start_point="10586" gender="female" id="3_15_895" intention_prob="0.95" intersection="four-way" num_lanes="4" signalized="CS" traffic_direction="TW" /><pedestrian age="adult" critical_point="3337" crossing="1" crossing_point="3365" exp_start_point="3247" gender="female" id="3_15_833" intention_prob="0.9833333333" intersection="four-way" num_lanes="4" signalized="CS" traffic_direction="TW" /><pedestrian age="adult" critical_point="10597" crossing="0" crossing_point="10673" exp_start_point="10507" gender="female" id="3_15_894" intention_prob="0.9333333333" intersection="four-way" num_lanes="4" signalized="CS" traffic_direction="TW" /><pedestrian age="adult" critical_point="4940" crossing="-1" crossing_point="4984" exp_start_point="4850" gender="female" id="3_15_851" intention_prob="0.5166666667" intersection="midblock" num_lanes="4" signalized="n/a" traffic_direction="TW" /><pedestrian age="adult" critical_point="4153" crossing="1" crossing_point="4173" exp_start_point="4046" gender="male" id="3_15_841" intention_prob="0.7833333333" intersection="four-way" num_lanes="4" signalized="CS" traffic_direction="TW" /><pedestrian age="adult" critical_point="5080" crossing="0" crossing_point="5108" exp_start_point="4990" gender="female" id="3_15_854" intention_prob="0.3333333333" intersection="midblock" num_lanes="4" signalized="n/a" traffic_direction="TW" /><pedestrian age="adult" critical_point="5144" crossing="-1" crossing_point="5171" exp_start_point="5054" gender="female" id="3_15_856" intention_prob="0.5333333333" intersection="midblock" num_lanes="4" signalized="n/a" traffic_direction="TW" /><pedestrian age="adult" critical_point="4938" crossing="-1" crossing_point="4966" exp_start_point="4848" gender="female" id="3_15_848" intention_prob="0.4833333333" intersection="midblock" num_lanes="4" signalized="n/a" traffic_direction="TW" /><pedestrian age="adult" critical_point="6917" crossing="0" crossing_point="6957" exp_start_point="6874" gender="male" id="3_15_869" intention_prob="0.9333333333" intersection="four-way" num_lanes="4" signalized="CS" traffic_direction="TW" /><pedestrian age="adult" critical_point="4919" crossing="-1" crossing_point="4958" exp_start_point="4829" gender="female" id="3_15_849" intention_prob="0.45" intersection="midblock" num_lanes="4" signalized="n/a" traffic_direction="TW" /><pedestrian age="adult" critical_point="6529" crossing="0" crossing_point="6786" exp_start_point="6413" gender="male" id="3_15_864" intention_prob="0.95" intersection="four-way" num_lanes="4" signalized="CS" traffic_direction="TW" /><pedestrian age="adult" critical_point="3235" crossing="1" crossing_point="3252" exp_start_point="3215" gender="male" id="3_15_830" intention_prob="0.9833333333" intersection="four-way" num_lanes="4" signalized="CS" traffic_direction="TW" /><pedestrian age="adult" critical_point="4846" crossing="-1" crossing_point="4863" exp_start_point="4818" gender="female" id="3_15_844" intention_prob="0.4666666667" intersection="midblock" num_lanes="4" signalized="n/a" traffic_direction="TW" /><pedestrian age="senior" critical_point="7027" crossing="-1" crossing_point="7076" exp_start_point="6937" gender="female" id="3_15_881" intention_prob="0.2166666667" intersection="midblock" num_lanes="4" signalized="n/a" traffic_direction="TW" /><pedestrian age="adult" critical_point="5455" crossing="1" crossing_point="5573" exp_start_point="5420" gender="male" id="3_15_862" intention_prob="0.8166666667" intersection="four-way" num_lanes="4" signalized="CS" traffic_direction="TW" /><pedestrian age="adult" critical_point="7746" crossing="1" crossing_point="7769" exp_start_point="7715" gender="female" id="3_15_890" intention_prob="0.8833333333" intersection="four-way" num_lanes="4" signalized="CS" traffic_direction="TW" /><pedestrian age="senior" critical_point="6917" crossing="0" crossing_point="6952" exp_start_point="6874" gender="male" id="3_15_870" intention_prob="0.95" intersection="four-way" num_lanes="4" signalized="CS" traffic_direction="TW" /></ped_attributes>