<ped_attributes><pedestrian age="adult" critical_point="3601" crossing="1" crossing_point="3623" exp_start_point="3496" gender="male" id="3_16_939" intention_prob="0.9833333333" intersection="four-way" num_lanes="3" signalized="CS" traffic_direction="TW" /><pedestrian age="adult" critical_point="3114" crossing="1" crossing_point="3120" exp_start_point="2982" gender="female" id="3_16_932" intention_prob="0.9666666667" intersection="four-way" num_lanes="3" signalized="CS" traffic_direction="TW" /><pedestrian age="adult" critical_point="3376" crossing="1" crossing_point="3393" exp_start_point="3273" gender="female" id="3_16_937" intention_prob="0.95" intersection="four-way" num_lanes="3" signalized="CS" traffic_direction="TW" /><pedestrian age="adult" critical_point="15330" crossing="1" crossing_point="15344" exp_start_point="15240" gender="female" id="3_16_915" intention_prob="1" intersection="T-left" num_lanes="4" signalized="CS" traffic_direction="TW" /><pedestrian age="senior" critical_point="3770" crossing="1" crossing_point="3787" exp_start_point="3692" gender="male" id="3_16_924" intention_prob="0.9833333333" intersection="four-way" num_lanes="3" signalized="CS" traffic_direction="TW" /><pedestrian age="adult" critical_point="3055" crossing="1" crossing_point="3073" exp_start_point="2937" gender="female" id="3_16_933" intention_prob="0.9833333333" intersection="four-way" num_lanes="3" signalized="CS" traffic_direction="TW" /><pedestrian age="adult" critical_point="9678" crossing="1" crossing_point="9700" exp_start_point="9588" gender="female" id="3_16_906" intention_prob="0.7166666667" intersection="midblock" num_lanes="4" signalized="n/a" traffic_direction="TW" /><pedestrian age="senior" critical_point="2565" crossing="1" crossing_point="2576" exp_start_point="2475" gender="male" id="3_16_919" intention_prob="0.8333333333" intersection="midblock" num_lanes="3" signalized="CS" traffic_direction="TW" /><pedestrian age="adult" critical_point="12229" crossing="0" crossing_point="12250" exp_start_point="12164" gender="male" id="3_16_946" intention_prob="0.9666666667" intersection="four-way" num_lanes="4" signalized="CS" traffic_direction="TW" /><pedestrian age="adult" critical_point="16186" crossing="0" crossing_point="16204" exp_start_point="16096" gender="female" id="3_16_917" intention_prob="0.4833333333" intersection="T-left" num_lanes="4" signalized="CS" traffic_direction="TW" /><pedestrian age="adult" critical_point="2797" crossing="1" crossing_point="2825" exp_start_point="2721" gender="female" id="3_16_922" intention_prob="1" intersection="four-way" num_lanes="3" signalized="CS" traffic_direction="TW" /><pedestrian age="adult" critical_point="14494" crossing="-1" crossing_point="14515" exp_start_point="14404" gender="male" id="3_16_912" intention_prob="0.0333333333" intersection="midblock" num_lanes="4" signalized="n/a" traffic_direction="TW" /><pedestrian age="senior" critical_point="2815" crossing="1" crossing_point="2830" exp_start_point="2771" gender="female" id="3_16_930" intention_prob="0.9" intersection="four-way" num_lanes="3" signalized="CS" traffic_direction="TW" /><pedestrian age="adult" critical_point="6024" crossing="0" crossing_point="6076" exp_start_point="5934" gender="male" id="3_16_904" intention_prob="0.9333333333" intersection="midblock" num_lanes="4" signalized="n/a" traffic_direction="TW" /><pedestrian age="senior" critical_point="2810" crossing="1" crossing_point="2815" exp_start_point="2710" gender="male" id="3_16_929" intention_prob="0.9833333333" intersection="four-way" num_lanes="3" signalized="CS" traffic_direction="TW" /><pedestrian age="adult" critical_point="3809" crossing="1" crossing_point="3836" exp_start_point="3761" gender="female" id="3_16_925" intention_prob="1" intersection="four-way" num_lanes="3" signalized="CS" traffic_direction="TW" /><pedestrian age="adult" critical_point="12550" crossing="0" crossing_point="12607" exp_start_point="12460" gender="female" id="3_16_909" intention_prob="0.8" intersection="midblock" num_lanes="4" signalized="n/a" traffic_direction="TW" /><pedestrian age="adult" critical_point="12416" crossing="0" crossing_point="12480" exp_start_point="12326" gender="male" id="3_16_908" intention_prob="0.6166666667" intersection="midblock" num_lanes="4" signalized="n/a" traffic_direction="TW" /><pedestrian age="adult" critical_point="15136" crossing="1" crossing_point="15169" exp_start_point="15046" gender="male" id="3_16_913" intention_prob="0.9833333333" intersection="T-left" num_lanes="4" signalized="CS" traffic_direction="TW" /><pedestrian age="adult" critical_point="3646" crossing="1" crossing_point="3669" exp_start_point="3534" gender="female" id="3_16_940" intention_prob="0.9833333333" intersection="four-way" num_lanes="3" signalized="CS" traffic_direction="TW" /><pedestrian age="adult" critical_point="12235" crossing="0" crossing_point="12255" exp_start_point="12178" gender="male" id="3_16_947" intention_prob="0.7833333333" intersection="four-way" num_lanes="4" signalized="CS" traffic_direction="TW" /><pedestrian age="adult" critical_point="12930" crossing="0" crossing_point="13009" exp_start_point="12840" gender="male" id="3_16_910" intention_prob="0.6333333333" intersection="midblock" num_lanes="4" signalized="n/a" traffic_direction="TW" /><pedestrian age="adult" critical_point="2541" crossing="1" crossing_point="2571" exp_start_point="2495" gender="male" id="3_16_918" intention_prob="0.9833333333" intersection="four-way" num_lanes="3" signalized="CS" traffic_direction="TW" /><pedestrian age="adult" critical_point="12929" crossing="0" crossing_point="13003" exp_start_point="12839" gender="female" id="3_16_911" intention_prob="0.5333333333" intersection="midblock" num_lanes="4" signalized="n/a" traffic_direction="TW" /><pedestrian age="adult" critical_point="3470" crossing="1" crossing_point="3493" exp_start_point="3391" gender="female" id="3_16_938" intention_prob="0.9666666667" intersection="four-way" num_lanes="3" signalized="CS" traffic_direction="TW" /><pedestrian age="adult" critical_point="1094" crossing="0" crossing_point="1142" exp_start_point="1004" gender="female" id="3_16_898" intention_prob="0.9333333333" intersection="four-way" num_lanes="3" signalized="CS" traffic_direction="OW" /><pedestrian age="adult" critical_point="4078" crossing="1" crossing_point="4134" exp_start_point="3976" gender="male" id="3_16_943" intention_prob="0.9833333333" intersection="four-way" num_lanes="3" signalized="CS" traffic_direction="TW" /><pedestrian age="adult" critical_point="3275" crossing="1" crossing_point="3293" exp_start_point="3137" gender="female" id="3_16_936" intention_prob="1" intersection="four-way" num_lanes="3" signalized="CS" traffic_direction="TW" /><pedestrian age="adult" critical_point="4549" crossing="0" crossing_point="4733" exp_start_point="4459" gender="female" id="3_16_945" intention_prob="0.85" intersection="four-way" num_lanes="3" signalized="CS" traffic_direction="TW" /><pedestrian age="adult" critical_point="1315" crossing="0" crossing_point="1340" exp_start_point="1249" gender="male" id="3_16_899" intention_prob="0.5833333333" intersection="four-way" num_lanes="3" signalized="CS" traffic_direction="OW" /><pedestrian age="adult" critical_point="2638" crossing="1" crossing_point="2651" exp_start_point="2568" gender="female" id="3_16_920" intention_prob="0.9166666667" intersection="four-way" num_lanes="3" signalized="CS" traffic_direction="TW" /><pedestrian age="adult" critical_point="2202" crossing="1" crossing_point="2230" exp_start_point="2191" gender="female" id="3_16_902" intention_prob="0.6833333333" intersection="four-way" num_lanes="2" signalized="CS" traffic_direction="TW" /><pedestrian age="senior" critical_point="2869" crossing="1" crossing_point="2883" exp_start_point="2771" gender="male" id="3_16_931" intention_prob="0.9" intersection="four-way" num_lanes="3" signalized="CS" traffic_direction="TW" /><pedestrian age="senior" critical_point="4695" crossing="0" crossing_point="4738" exp_start_point="4605" gender="female" id="3_16_927" intention_prob="0.9833333333" intersection="four-way" num_lanes="3" signalized="CS" traffic_direction="TW" /><pedestrian age="adult" critical_point="3174" crossing="1" crossing_point="3183" exp_start_point="3084" gender="female" id="3_16_935" intention_prob="1" intersection="four-way" num_lanes="3" signalized="CS" traffic_direction="TW" /><pedestrian age="adult" critical_point="5068" crossing="1" crossing_point="5098" exp_start_point="4852" gender="male" id="3_16_903" intention_prob="0.9833333333" intersection="four-way" num_lanes="4" signalized="CS" traffic_direction="TW" /><pedestrian age="adult" critical_point="15136" crossing="1" crossing_point="15184" exp_start_point="15094" gender="female" id="3_16_914" intention_prob="0.9833333333" intersection="T-left" num_lanes="4" signalized="CS" traffic_direction="TW" /><pedestrian age="adult" critical_point="2777" crossing="1" crossing_point="2788" exp_start_point="2704" gender="female" id="3_16_921" intention_prob="1" intersection="four-way" num_lanes="3" signalized="CS" traffic_direction="TW" /><pedestrian age="adult" critical_point="2629" crossing="1" crossing_point="2638" exp_start_point="2587" gender="female" id="3_16_928" intention_prob="0.9333333333" intersection="four-way" num_lanes="3" signalized="CS" traffic_direction="TW" /><pedestrian age="adult" critical_point="1790" crossing="0" crossing_point="1806" exp_start_point="1700" gender="male" id="3_16_901" intention_prob="0.8666666667" intersection="four-way" num_lanes="3" signalized="CS" traffic_direction="OW" /><pedestrian age="adult" critical_point="3060" crossing="1" crossing_point="3083" exp_start_point="2946" gender="female" id="3_16_934" intention_prob="0.9833333333" intersection="four-way" num_lanes="3" signalized="CS" traffic_direction="TW" /><pedestrian age="adult" critical_point="4112" crossing="1" crossing_point="4123" exp_start_point="4029" gender="male" id="3_16_942" intention_prob="1" intersection="four-way" num_lanes="3" signalized="CS" traffic_direction="TW" /><pedestrian age="adult" critical_point="3233" crossing="1" crossing_point="3253" exp_start_point="3165" gender="male" id="3_16_923" intention_prob="0.9666666667" intersection="four-way" num_lanes="3" signalized="CS" traffic_direction="TW" /><pedestrian age="adult" critical_point="8032" crossing="0" crossing_point="8089" exp_start_point="7942" gender="male" id="3_16_905" intention_prob="0.4166666667" intersection="T-left" num_lanes="4" signalized="CS" traffic_direction="TW" /><pedestrian age="adult" critical_point="1315" crossing="-1" crossing_point="1341" exp_start_point="1261" gender="male" id="3_16_900" intention_prob="0.1" intersection="four-way" num_lanes="3" signalized="CS" traffic_direction="OW" /><pedestrian age="adult" critical_point="4537" crossing="0" crossing_point="4745" exp_start_point="4435" gender="male" id="3_16_944" intention_prob="0.95" intersection="four-way" num_lanes="3" signalized="CS" traffic_direction="TW" /><pedestrian age="adult" critical_point="3712" crossing="1" crossing_point="3733" exp_start_point="3630" gender="female" id="3_16_941" intention_prob="0.9333333333" intersection="four-way" num_lanes="3" signalized="CS" traffic_direction="TW" /><pedestrian age="adult" critical_point="1094" crossing="0" crossing_point="1131" exp_start_point="1004" gender="male" id="3_16_897" intention_prob="1" intersection="four-way" num_lanes="3" signalized="CS" traffic_direction="OW" /><pedestrian age="adult" critical_point="15541" crossing="1" crossing_point="15563" exp_start_point="15465" gender="male" id="3_16_916" intention_prob="0.8666666667" intersection="T-left" num_lanes="4" signalized="CS" traffic_direction="TW" /><pedestrian age="adult" critical_point="12051" crossing="0" crossing_point="12092" exp_start_point="11961" gender="female" id="3_16_907" intention_prob="0.9666666667" intersection="four-way" num_lanes="4" signalized="CS" traffic_direction="TW" /><pedestrian age="adult" critical_point="4647" crossing="0" crossing_point="4715" exp_start_point="4557" gender="female" id="3_16_926" intention_prob="1" intersection="four-way" num_lanes="3" signalized="CS" traffic_direction="TW" /></ped_attributes>