<ped_attributes><pedestrian age="adult" critical_point="889" crossing="0" crossing_point="913" exp_start_point="799" gender="female" id="3_9_581" intention_prob="0.8833333333" intersection="four-way" num_lanes="3" signalized="CS" traffic_direction="TW" /><pedestrian age="adult" critical_point="778" crossing="0" crossing_point="799" exp_start_point="688" gender="male" id="3_9_565" intention_prob="0.9666666667" intersection="four-way" num_lanes="3" signalized="CS" traffic_direction="TW" /><pedestrian age="adult" critical_point="1611" crossing="0" crossing_point="1690" exp_start_point="1521" gender="female" id="3_9_584" intention_prob="0.7833333333" intersection="four-way" num_lanes="4" signalized="CS" traffic_direction="TW" /><pedestrian age="adult" critical_point="777" crossing="0" crossing_point="791" exp_start_point="687" gender="female" id="3_9_570" intention_prob="0.85" intersection="four-way" num_lanes="3" signalized="CS" traffic_direction="TW" /><pedestrian age="adult" critical_point="3315" crossing="0" crossing_point="3346" exp_start_point="3225" gender="male" id="3_9_589" intention_prob="0.9833333333" intersection="four-way" num_lanes="3" signalized="CS" traffic_direction="TW" /><pedestrian age="adult" critical_point="3325" crossing="0" crossing_point="3339" exp_start_point="3223" gender="female" id="3_9_590" intention_prob="0.9833333333" intersection="four-way" num_lanes="3" signalized="CS" traffic_direction="TW" /><pedestrian age="senior" critical_point="888" crossing="0" crossing_point="908" exp_start_point="848" gender="male" id="3_9_579" intention_prob="0.7833333333" intersection="four-way" num_lanes="3" signalized="CS" traffic_direction="TW" /><pedestrian age="adult" critical_point="3052" crossing="0" crossing_point="3114" exp_start_point="2962" gender="male" id="3_9_592" intention_prob="0.7666666667" intersection="midblock" num_lanes="3" signalized="n/a" traffic_direction="TW" /><pedestrian age="adult" critical_point="14000" crossing="1" crossing_point="14021" exp_start_point="13913" gender="male" id="3_9_621" intention_prob="0.9333333333" intersection="four-way" num_lanes="2" signalized="CS" traffic_direction="OW" /><pedestrian age="adult" critical_point="15840" crossing="0" crossing_point="15870" exp_start_point="15726" gender="female" id="3_9_628" intention_prob="0.9666666667" intersection="four-way" num_lanes="2" signalized="CS" traffic_direction="TW" /><pedestrian age="adult" critical_point="865" crossing="0" crossing_point="898" exp_start_point="775" gender="female" id="3_9_576" intention_prob="0.7666666667" intersection="four-way" num_lanes="3" signalized="CS" traffic_direction="TW" /><pedestrian age="adult" critical_point="13539" crossing="0" crossing_point="13589" exp_start_point="13449" gender="male" id="3_9_619" intention_prob="0.9666666667" intersection="midblock" num_lanes="2" signalized="n/a" traffic_direction="OW" /><pedestrian age="adult" critical_point="10991" crossing="-1" crossing_point="11036" exp_start_point="10901" gender="female" id="3_9_615" intention_prob="0.2333333333" intersection="midblock" num_lanes="4" signalized="n/a" traffic_direction="TW" /><pedestrian age="adult" critical_point="3459" crossing="0" crossing_point="3490" exp_start_point="3369" gender="female" id="3_9_599" intention_prob="1" intersection="four-way" num_lanes="2" signalized="CS" traffic_direction="TW" /><pedestrian age="adult" critical_point="14023" crossing="1" crossing_point="14040" exp_start_point="13933" gender="male" id="3_9_622" intention_prob="1" intersection="four-way" num_lanes="2" signalized="CS" traffic_direction="OW" /><pedestrian age="senior" critical_point="791" crossing="0" crossing_point="806" exp_start_point="737" gender="female" id="3_9_568" intention_prob="0.9" intersection="four-way" num_lanes="3" signalized="CS" traffic_direction="TW" /><pedestrian age="adult" critical_point="10511" crossing="0" crossing_point="10551" exp_start_point="10482" gender="male" id="3_9_610" intention_prob="0.9666666667" intersection="four-way" num_lanes="4" signalized="CS" traffic_direction="TW" /><pedestrian age="adult" critical_point="4312" crossing="-1" crossing_point="4331" exp_start_point="4222" gender="male" id="3_9_602" intention_prob="0.2833333333" intersection="midblock" num_lanes="2" signalized="n/a" traffic_direction="OW" /><pedestrian age="adult" critical_point="3804" crossing="-1" crossing_point="3834" exp_start_point="3714" gender="male" id="3_9_601" intention_prob="0.1333333333" intersection="midblock" num_lanes="2" signalized="n/a" traffic_direction="OW" /><pedestrian age="adult" critical_point="11171" crossing="1" crossing_point="11183" exp_start_point="11081" gender="female" id="3_9_617" intention_prob="0.8666666667" intersection="T-right" num_lanes="1" signalized="C" traffic_direction="OW" /><pedestrian age="adult" critical_point="12680" crossing="1" crossing_point="12704" exp_start_point="12598" gender="female" id="3_9_618" intention_prob="0.9333333333" intersection="midblock" num_lanes="2" signalized="CS" traffic_direction="OW" /><pedestrian age="adult" critical_point="1689" crossing="-1" crossing_point="1715" exp_start_point="1599" gender="male" id="3_9_586" intention_prob="0.2666666667" intersection="four-way" num_lanes="4" signalized="CS" traffic_direction="TW" /><pedestrian age="adult" critical_point="10541" crossing="0" crossing_point="10582" exp_start_point="10468" gender="male" id="3_9_606" intention_prob="0.95" intersection="four-way" num_lanes="4" signalized="CS" traffic_direction="TW" /><pedestrian age="adult" critical_point="747" crossing="0" crossing_point="801" exp_start_point="657" gender="female" id="3_9_564" intention_prob="0.8" intersection="four-way" num_lanes="3" signalized="CS" traffic_direction="TW" /><pedestrian age="adult" critical_point="11129" crossing="1" crossing_point="11163" exp_start_point="11039" gender="male" id="3_9_616" intention_prob="0.9333333333" intersection="T-right" num_lanes="1" signalized="C" traffic_direction="OW" /><pedestrian age="adult" critical_point="15345" crossing="0" crossing_point="15376" exp_start_point="15255" gender="male" id="3_9_624" intention_prob="0.9166666667" intersection="four-way" num_lanes="2" signalized="CS" traffic_direction="OW" /><pedestrian age="adult" critical_point="10551" crossing="-1" crossing_point="10607" exp_start_point="10461" gender="male" id="3_9_605" intention_prob="0.3666666667" intersection="four-way" num_lanes="4" signalized="CS" traffic_direction="TW" /><pedestrian age="adult" critical_point="742" crossing="0" crossing_point="792" exp_start_point="652" gender="male" id="3_9_629" intention_prob="0.9166666667" intersection="four-way" num_lanes="3" signalized="CS" traffic_direction="TW" /><pedestrian age="adult" critical_point="15840" crossing="0" crossing_point="15855" exp_start_point="15750" gender="female" id="3_9_627" intention_prob="0.9833333333" intersection="four-way" num_lanes="2" signalized="CS" traffic_direction="TW" /><pedestrian age="adult" critical_point="10529" crossing="0" crossing_point="10564" exp_start_point="10443" gender="male" id="3_9_607" intention_prob="0.55" intersection="four-way" num_lanes="4" signalized="CS" traffic_direction="TW" /><pedestrian age="adult" critical_point="896" crossing="0" crossing_point="920" exp_start_point="806" gender="female" id="3_9_582" intention_prob="0.8833333333" intersection="four-way" num_lanes="3" signalized="CS" traffic_direction="TW" /><pedestrian age="adult" critical_point="14000" crossing="1" crossing_point="14014" exp_start_point="13886" gender="male" id="3_9_620" intention_prob="0.9833333333" intersection="four-way" num_lanes="2" signalized="CS" traffic_direction="OW" /><pedestrian age="adult" critical_point="2543" crossing="1" crossing_point="2578" exp_start_point="2453" gender="male" id="3_9_587" intention_prob="0.9333333333" intersection="T-right" num_lanes="1" signalized="CS" traffic_direction="OW" /><pedestrian age="adult" critical_point="3462" crossing="0" crossing_point="3502" exp_start_point="3372" gender="male" id="3_9_595" intention_prob="0.9333333333" intersection="four-way" num_lanes="2" signalized="CS" traffic_direction="TW" /><pedestrian age="adult" critical_point="873" crossing="0" crossing_point="896" exp_start_point="783" gender="female" id="3_9_577" intention_prob="0.7833333333" intersection="four-way" num_lanes="3" signalized="CS" traffic_direction="TW" /><pedestrian age="adult" critical_point="789" crossing="0" crossing_point="805" exp_start_point="699" gender="male" id="3_9_566" intention_prob="0.8833333333" intersection="four-way" num_lanes="3" signalized="CS" traffic_direction="TW" /><pedestrian age="adult" critical_point="888" crossing="0" crossing_point="909" exp_start_point="798" gender="male" id="3_9_580" intention_prob="0.8166666667" intersection="four-way" num_lanes="3" signalized="CS" traffic_direction="TW" /><pedestrian age="adult" critical_point="1689" crossing="-1" crossing_point="1710" exp_start_point="1605" gender="male" id="3_9_585" intention_prob="0.3" intersection="four-way" num_lanes="4" signalized="CS" traffic_direction="TW" /><pedestrian age="adult" critical_point="10528" crossing="0" crossing_point="10567" exp_start_point="10480" gender="male" id="3_9_608" intention_prob="0.85" intersection="four-way" num_lanes="4" signalized="CS" traffic_direction="TW" /><pedestrian age="adult" critical_point="3315" crossing="0" crossing_point="3334" exp_start_point="3225" gender="female" id="3_9_591" intention_prob="0.9" intersection="four-way" num_lanes="3" signalized="CS" traffic_direction="TW" /><pedestrian age="adult" critical_point="870" crossing="0" crossing_point="901" exp_start_point="780" gender="female" id="3_9_575" intention_prob="0.9333333333" intersection="four-way" num_lanes="3" signalized="CS" traffic_direction="TW" /><pedestrian age="adult" critical_point="5076" crossing="-1" crossing_point="5638" exp_start_point="4986" gender="male" id="3_9_604" intention_prob="0.0333333333" intersection="midblock" num_lanes="2" signalized="n/a" traffic_direction="OW" /><pedestrian age="adult" critical_point="10529" crossing="0" crossing_point="10572" exp_start_point="10485" gender="female" id="3_9_611" intention_prob="0.6333333333" intersection="four-way" num_lanes="4" signalized="CS" traffic_direction="TW" /><pedestrian age="adult" critical_point="3458" crossing="0" crossing_point="3493" exp_start_point="3368" gender="female" id="3_9_597" intention_prob="0.9333333333" intersection="four-way" num_lanes="2" signalized="CS" traffic_direction="TW" /><pedestrian age="adult" critical_point="747" crossing="0" crossing_point="797" exp_start_point="669" gender="female" id="3_9_563" intention_prob="0.8" intersection="four-way" num_lanes="3" signalized="CS" traffic_direction="TW" /><pedestrian age="adult" critical_point="3457" crossing="0" crossing_point="3487" exp_start_point="3367" gender="female" id="3_9_600" intention_prob="0.9" intersection="four-way" num_lanes="2" signalized="CS" traffic_direction="TW" /><pedestrian age="adult" critical_point="15840" crossing="0" crossing_point="15877" exp_start_point="15722" gender="female" id="3_9_626" intention_prob="1" intersection="four-way" num_lanes="2" signalized="CS" traffic_direction="TW" /><pedestrian age="adult" critical_point="765" crossing="0" crossing_point="783" exp_start_point="720" gender="female" id="3_9_571" intention_prob="0.5166666667" intersection="four-way" num_lanes="3" signalized="CS" traffic_direction="TW" /><pedestrian age="adult" critical_point="15378" crossing="0" crossing_point="15432" exp_start_point="15266" gender="female" id="3_9_625" intention_prob="0.95" intersection="four-way" num_lanes="2" signalized="CS" traffic_direction="OW" /><pedestrian age="adult" critical_point="14233" crossing="1" crossing_point="14263" exp_start_point="14105" gender="female" id="3_9_623" intention_prob="0.8333333333" intersection="four-way" num_lanes="1" signalized="CS" traffic_direction="OW" /><pedestrian age="adult" critical_point="871" crossing="0" crossing_point="902" exp_start_point="781" gender="male" id="3_9_578" intention_prob="0.8" intersection="four-way" num_lanes="3" signalized="CS" traffic_direction="TW" /><pedestrian age="adult" critical_point="872" crossing="0" crossing_point="878" exp_start_point="802" gender="female" id="3_9_583" intention_prob="0.7666666667" intersection="four-way" num_lanes="3" signalized="CS" traffic_direction="TW" /><pedestrian age="adult" critical_point="3462" crossing="0" crossing_point="3498" exp_start_point="3372" gender="female" id="3_9_598" intention_prob="0.9833333333" intersection="four-way" num_lanes="2" signalized="CS" traffic_direction="TW" /><pedestrian age="adult" critical_point="2630" crossing="0" crossing_point="2669" exp_start_point="2540" gender="male" id="3_9_588" intention_prob="0.6" intersection="T-right" num_lanes="1" signalized="CS" traffic_direction="OW" /><pedestrian age="adult" critical_point="776" crossing="0" crossing_point="791" exp_start_point="735" gender="male" id="3_9_572" intention_prob="0.8166666667" intersection="four-way" num_lanes="3" signalized="CS" traffic_direction="TW" /><pedestrian age="adult" critical_point="3365" crossing="0" crossing_point="3397" exp_start_point="3275" gender="male" id="3_9_593" intention_prob="0.9333333333" intersection="four-way" num_lanes="3" signalized="CS" traffic_direction="TW" /><pedestrian age="adult" critical_point="3339" crossing="0" crossing_point="3393" exp_start_point="3249" gender="male" id="3_9_594" intention_prob="0.9" intersection="four-way" num_lanes="3" signalized="CS" traffic_direction="TW" /><pedestrian age="adult" critical_point="10511" crossing="0" crossing_point="10557" exp_start_point="10473" gender="male" id="3_9_609" intention_prob="0.95" intersection="four-way" num_lanes="4" signalized="CS" traffic_direction="TW" /></ped_attributes>