<ped_attributes><pedestrian age="adult" critical_point="18017" crossing="1" crossing_point="18036" exp_start_point="17957" gender="female" id="3_3_332" intention_prob="0.9666666667" intersection="T" num_lanes="2" signalized="CS" traffic_direction="OW" /><pedestrian age="adult" critical_point="8128" crossing="-1" crossing_point="8159" exp_start_point="8038" gender="male" id="3_3_313" intention_prob="0.0166666667" intersection="T-right" num_lanes="4" signalized="n/a" traffic_direction="TW" /><pedestrian age="adult" critical_point="20066" crossing="1" crossing_point="20164" exp_start_point="19976" gender="female" id="3_3_338" intention_prob="0.7666666667" intersection="T" num_lanes="4" signalized="CS" traffic_direction="TW" /><pedestrian age="adult" critical_point="17701" crossing="1" crossing_point="17731" exp_start_point="17611" gender="male" id="3_3_330" intention_prob="0.95" intersection="T" num_lanes="2" signalized="CS" traffic_direction="OW" /><pedestrian age="adult" critical_point="17581" crossing="1" crossing_point="17649" exp_start_point="17491" gender="female" id="3_3_327" intention_prob="0.95" intersection="T" num_lanes="2" signalized="CS" traffic_direction="OW" /><pedestrian age="adult" critical_point="20095" crossing="1" crossing_point="20137" exp_start_point="20005" gender="female" id="3_3_339" intention_prob="0.9833333333" intersection="T" num_lanes="4" signalized="CS" traffic_direction="TW" /><pedestrian age="adult" critical_point="10345" crossing="-1" crossing_point="10384" exp_start_point="10255" gender="female" id="3_3_316" intention_prob="0.3833333333" intersection="four-way" num_lanes="4" signalized="CS" traffic_direction="TW" /><pedestrian age="adult" critical_point="17557" crossing="1" crossing_point="17632" exp_start_point="17467" gender="male" id="3_3_326" intention_prob="0.95" intersection="T" num_lanes="2" signalized="CS" traffic_direction="OW" /><pedestrian age="adult" critical_point="18975" crossing="1" crossing_point="18985" exp_start_point="18921" gender="female" id="3_3_334" intention_prob="1" intersection="T" num_lanes="4" signalized="CS" traffic_direction="TW" /><pedestrian age="adult" critical_point="8132" crossing="-1" crossing_point="8167" exp_start_point="8042" gender="male" id="3_3_314" intention_prob="0" intersection="T-right" num_lanes="4" signalized="n/a" traffic_direction="TW" /><pedestrian age="adult" critical_point="20262" crossing="1" crossing_point="20279" exp_start_point="20217" gender="male" id="3_3_341" intention_prob="0.8333333333" intersection="T" num_lanes="4" signalized="CS" traffic_direction="TW" /><pedestrian age="adult" critical_point="17629" crossing="1" crossing_point="17708" exp_start_point="17539" gender="female" id="3_3_328" intention_prob="0.7833333333" intersection="T" num_lanes="2" signalized="CS" traffic_direction="OW" /><pedestrian age="senior" critical_point="20114" crossing="1" crossing_point="20246" exp_start_point="20024" gender="female" id="3_3_343" intention_prob="0.6166666667" intersection="T" num_lanes="4" signalized="CS" traffic_direction="TW" /><pedestrian age="adult" critical_point="20106" crossing="1" crossing_point="20133" exp_start_point="20016" gender="female" id="3_3_342" intention_prob="0.7166666667" intersection="T" num_lanes="4" signalized="CS" traffic_direction="TW" /><pedestrian age="adult" critical_point="1490" crossing="1" crossing_point="1550" exp_start_point="1400" gender="male" id="3_3_309" intention_prob="0.9166666667" intersection="four-way" num_lanes="2" signalized="CS" traffic_direction="TW" /><pedestrian age="adult" critical_point="18997" crossing="-1" crossing_point="19039" exp_start_point="18922" gender="male" id="3_3_333" intention_prob="0.6166666667" intersection="T" num_lanes="2" signalized="CS" traffic_direction="OW" /><pedestrian age="adult" critical_point="15811" crossing="0" crossing_point="15877" exp_start_point="15721" gender="male" id="3_3_325" intention_prob="0.75" intersection="midblock" num_lanes="2" signalized="n/a" traffic_direction="OW" /><pedestrian age="adult" critical_point="20084" crossing="1" crossing_point="20134" exp_start_point="19994" gender="male" id="3_3_337" intention_prob="0.9333333333" intersection="T" num_lanes="4" signalized="CS" traffic_direction="TW" /><pedestrian age="adult" critical_point="1504" crossing="1" crossing_point="1643" exp_start_point="1414" gender="male" id="3_3_308" intention_prob="0.9833333333" intersection="four-way" num_lanes="2" signalized="CS" traffic_direction="TW" /><pedestrian age="adult" critical_point="20093" crossing="1" crossing_point="20134" exp_start_point="20003" gender="male" id="3_3_336" intention_prob="0.9333333333" intersection="T" num_lanes="4" signalized="CS" traffic_direction="TW" /><pedestrian age="adult" critical_point="19591" crossing="1" crossing_point="19610" exp_start_point="19525" gender="female" id="3_3_335" intention_prob="0.9833333333" intersection="T" num_lanes="2" signalized="CS" traffic_direction="OW" /><pedestrian age="adult" critical_point="11902" crossing="0" crossing_point="11962" exp_start_point="11812" gender="male" id="3_3_317" intention_prob="0.8833333333" intersection="midblock" num_lanes="4" signalized="n/a" traffic_direction="TW" /><pedestrian age="adult" critical_point="18018" crossing="1" crossing_point="18036" exp_start_point="17943" gender="male" id="3_3_331" intention_prob="1" intersection="T" num_lanes="2" signalized="CS" traffic_direction="OW" /><pedestrian age="adult" critical_point="20137" crossing="1" crossing_point="20187" exp_start_point="20047" gender="female" id="3_3_340" intention_prob="0.6333333333" intersection="T" num_lanes="4" signalized="CS" traffic_direction="TW" /><pedestrian age="adult" critical_point="17629" crossing="1" crossing_point="17708" exp_start_point="17539" gender="male" id="3_3_329" intention_prob="0.5666666667" intersection="T" num_lanes="2" signalized="CS" traffic_direction="OW" /><pedestrian age="adult" critical_point="10362" crossing="0" crossing_point="10413" exp_start_point="10336" gender="male" id="3_3_315" intention_prob="0.9333333333" intersection="four-way" num_lanes="4" signalized="CS" traffic_direction="TW" /><pedestrian age="adult" critical_point="2376" crossing="1" crossing_point="2388" exp_start_point="2324" gender="female" id="3_3_307" intention_prob="1" intersection="four-way" num_lanes="2" signalized="CS" traffic_direction="TW" /></ped_attributes>