<ped_attributes><pedestrian age="adult" critical_point="9619" crossing="-1" crossing_point="9682" exp_start_point="9529" gender="female" id="3_19_998" intention_prob="0.3" intersection="midblock" num_lanes="4" signalized="n/a" traffic_direction="TW" /><pedestrian age="adult" critical_point="7465" crossing="1" crossing_point="7474" exp_start_point="7401" gender="male" id="3_19_995" intention_prob="0.9166666667" intersection="T" num_lanes="2" signalized="CS" traffic_direction="OW" /><pedestrian age="adult" critical_point="7566" crossing="0" crossing_point="8016" exp_start_point="7476" gender="male" id="3_19_994" intention_prob="0.8166666667" intersection="T" num_lanes="2" signalized="CS" traffic_direction="OW" /><pedestrian age="adult" critical_point="9689" crossing="0" crossing_point="9700" exp_start_point="9658" gender="male" id="3_19_999" intention_prob="0.7833333333" intersection="four-way" num_lanes="4" signalized="CS" traffic_direction="TW" /><pedestrian age="adult" critical_point="4360" crossing="-1" crossing_point="4385" exp_start_point="4270" gender="female" id="3_19_993" intention_prob="0.1333333333" intersection="midblock" num_lanes="4" signalized="n/a" traffic_direction="TW" /><pedestrian age="adult" critical_point="1462" crossing="0" crossing_point="1480" exp_start_point="1372" gender="male" id="3_19_990" intention_prob="0.8666666667" intersection="four-way" num_lanes="4" signalized="CS" traffic_direction="TW" /><pedestrian age="senior" critical_point="1462" crossing="0" crossing_point="1473" exp_start_point="1372" gender="female" id="3_19_991" intention_prob="0.8333333333" intersection="four-way" num_lanes="4" signalized="CS" traffic_direction="TW" /><pedestrian age="adult" critical_point="11008" crossing="0" crossing_point="11052" exp_start_point="10918" gender="female" id="3_19_1000" intention_prob="1" intersection="four-way" num_lanes="2" signalized="CS" traffic_direction="OW" /><pedestrian age="adult" critical_point="9661" crossing="-1" crossing_point="9730" exp_start_point="9571" gender="female" id="3_19_997" intention_prob="0.1666666667" intersection="four-way" num_lanes="4" signalized="CS" traffic_direction="TW" /><pedestrian age="adult" critical_point="1462" crossing="0" crossing_point="1478" exp_start_point="1392" gender="female" id="3_19_992" intention_prob="0.9333333333" intersection="four-way" num_lanes="4" signalized="CS" traffic_direction="TW" /><pedestrian age="adult" critical_point="1424" crossing="0" crossing_point="1441" exp_start_point="1395" gender="female" id="3_19_989" intention_prob="0.5666666667" intersection="four-way" num_lanes="4" signalized="CS" traffic_direction="TW" /><pedestrian age="adult" critical_point="7906" crossing="1" crossing_point="7978" exp_start_point="7816" gender="female" id="3_19_996" intention_prob="0.7333333333" intersection="T" num_lanes="4" signalized="CS" traffic_direction="TW" /><pedestrian age="senior" critical_point="1432" crossing="0" crossing_point="1453" exp_start_point="1368" gender="female" id="3_19_988" intention_prob="0.75" intersection="four-way" num_lanes="4" signalized="CS" traffic_direction="TW" /><pedestrian age="adult" critical_point="11008" crossing="0" crossing_point="11054" exp_start_point="10918" gender="female" id="3_19_1001" intention_prob="0.9166666667" intersection="four-way" num_lanes="2" signalized="CS" traffic_direction="OW" /></ped_attributes>