<ped_attributes><pedestrian age="adult" critical_point="16565" crossing="0" crossing_point="16605" exp_start_point="16475" gender="female" id="3_7_523" intention_prob="0.8333333333" intersection="midblock" num_lanes="2" signalized="n/a" traffic_direction="OW" /><pedestrian age="adult" critical_point="7253" crossing="0" crossing_point="7277" exp_start_point="7179" gender="female" id="3_7_491" intention_prob="0.8333333333" intersection="four-way" num_lanes="3" signalized="CS" traffic_direction="TW" /><pedestrian age="adult" critical_point="8065" crossing="-1" crossing_point="8081" exp_start_point="7975" gender="male" id="3_7_498" intention_prob="0.25" intersection="midblock" num_lanes="2" signalized="n/a" traffic_direction="OW" /><pedestrian age="adult" critical_point="5439" crossing="-1" crossing_point="5460" exp_start_point="5349" gender="male" id="3_7_488" intention_prob="0.15" intersection="four-way" num_lanes="4" signalized="CS" traffic_direction="TW" /><pedestrian age="adult" critical_point="15176" crossing="1" crossing_point="15183" exp_start_point="15145" gender="female" id="3_7_518" intention_prob="0.9333333333" intersection="T" num_lanes="2" signalized="CS" traffic_direction="OW" /><pedestrian age="adult" critical_point="11169" crossing="0" crossing_point="11182" exp_start_point="11079" gender="male" id="3_7_501" intention_prob="0.85" intersection="four-way" num_lanes="6" signalized="CS" traffic_direction="TW" /><pedestrian age="adult" critical_point="3282" crossing="0" crossing_point="3305" exp_start_point="3233" gender="male" id="3_7_478" intention_prob="0.95" intersection="midblock" num_lanes="4" signalized="n/a" traffic_direction="TW" /><pedestrian age="adult" critical_point="7257" crossing="0" crossing_point="7308" exp_start_point="7167" gender="female" id="3_7_495" intention_prob="0.9166666667" intersection="four-way" num_lanes="3" signalized="CS" traffic_direction="TW" /><pedestrian age="adult" critical_point="4859" crossing="0" crossing_point="4885" exp_start_point="4736" gender="female" id="3_7_484" intention_prob="0.4" intersection="four-way" num_lanes="4" signalized="n/a" traffic_direction="TW" /><pedestrian age="adult" critical_point="13805" crossing="1" crossing_point="13823" exp_start_point="13734" gender="male" id="3_7_513" intention_prob="0.85" intersection="midblock" num_lanes="2" signalized="CS" traffic_direction="OW" /><pedestrian age="adult" critical_point="5492" crossing="0" crossing_point="5506" exp_start_point="5402" gender="male" id="3_7_489" intention_prob="0.5833333333" intersection="four-way" num_lanes="4" signalized="CS" traffic_direction="TW" /><pedestrian age="adult" critical_point="15844" crossing="-1" crossing_point="15862" exp_start_point="15790" gender="male" id="3_7_522" intention_prob="0.2333333333" intersection="midblock" num_lanes="2" signalized="n/a" traffic_direction="OW" /><pedestrian age="adult" critical_point="13444" crossing="-1" crossing_point="13482" exp_start_point="13354" gender="male" id="3_7_512" intention_prob="0.0666666667" intersection="midblock" num_lanes="2" signalized="n/a" traffic_direction="OW" /><pedestrian age="senior" critical_point="7247" crossing="0" crossing_point="7268" exp_start_point="7205" gender="female" id="3_7_492" intention_prob="0.8166666667" intersection="four-way" num_lanes="3" signalized="CS" traffic_direction="TW" /><pedestrian age="adult" critical_point="4832" crossing="0" crossing_point="4896" exp_start_point="4742" gender="male" id="3_7_481" intention_prob="0.7666666667" intersection="four-way" num_lanes="4" signalized="n/a" traffic_direction="TW" /><pedestrian age="adult" critical_point="4740" crossing="0" crossing_point="4796" exp_start_point="4650" gender="female" id="3_7_479" intention_prob="0.95" intersection="four-way" num_lanes="4" signalized="n/a" traffic_direction="TW" /><pedestrian age="adult" critical_point="7257" crossing="0" crossing_point="7303" exp_start_point="7167" gender="female" id="3_7_494" intention_prob="0.9666666667" intersection="four-way" num_lanes="3" signalized="CS" traffic_direction="TW" /><pedestrian age="adult" critical_point="12484" crossing="-1" crossing_point="13149" exp_start_point="12436" gender="male" id="3_7_511" intention_prob="0.1833333333" intersection="midblock" num_lanes="2" signalized="n/a" traffic_direction="OW" /><pedestrian age="adult" critical_point="11158" crossing="0" crossing_point="11177" exp_start_point="11068" gender="female" id="3_7_502" intention_prob="0.7" intersection="four-way" num_lanes="6" signalized="CS" traffic_direction="TW" /><pedestrian age="adult" critical_point="11838" crossing="1" crossing_point="11845" exp_start_point="11817" gender="female" id="3_7_507" intention_prob="0.9166666667" intersection="midblock" num_lanes="2" signalized="n/a" traffic_direction="OW" /><pedestrian age="adult" critical_point="7288" crossing="0" crossing_point="7313" exp_start_point="7185" gender="male" id="3_7_496" intention_prob="0.9666666667" intersection="four-way" num_lanes="3" signalized="CS" traffic_direction="TW" /><pedestrian age="adult" critical_point="8471" crossing="-1" crossing_point="8488" exp_start_point="8388" gender="female" id="3_7_499" intention_prob="0.7166666667" intersection="midblock" num_lanes="2" signalized="n/a" traffic_direction="OW" /><pedestrian age="adult" critical_point="9338" crossing="-1" crossing_point="9362" exp_start_point="9248" gender="female" id="3_7_500" intention_prob="0.1833333333" intersection="midblock" num_lanes="6" signalized="n/a" traffic_direction="TW" /><pedestrian age="adult" critical_point="15193" crossing="-1" crossing_point="15214" exp_start_point="15103" gender="male" id="3_7_517" intention_prob="0.0166666667" intersection="midblock" num_lanes="2" signalized="n/a" traffic_direction="OW" /><pedestrian age="senior" critical_point="14628" crossing="-1" crossing_point="14687" exp_start_point="14551" gender="male" id="3_7_515" intention_prob="0.35" intersection="four-way" num_lanes="2" signalized="CS" traffic_direction="OW" /><pedestrian age="senior" critical_point="4856" crossing="0" crossing_point="4881" exp_start_point="4745" gender="female" id="3_7_483" intention_prob="0.8666666667" intersection="four-way" num_lanes="4" signalized="n/a" traffic_direction="TW" /><pedestrian age="adult" critical_point="11244" crossing="0" crossing_point="11260" exp_start_point="11199" gender="male" id="3_7_505" intention_prob="0.7833333333" intersection="four-way" num_lanes="6" signalized="CS" traffic_direction="TW" /><pedestrian age="adult" critical_point="15776" crossing="0" crossing_point="15789" exp_start_point="15688" gender="female" id="3_7_521" intention_prob="0.9" intersection="midblock" num_lanes="2" signalized="n/a" traffic_direction="OW" /><pedestrian age="adult" critical_point="5235" crossing="0" crossing_point="5289" exp_start_point="5162" gender="male" id="3_7_487" intention_prob="0.45" intersection="midblock" num_lanes="4" signalized="n/a" traffic_direction="TW" /><pedestrian age="senior" critical_point="16677" crossing="-1" crossing_point="16731" exp_start_point="16615" gender="male" id="3_7_525" intention_prob="0.05" intersection="midblock" num_lanes="2" signalized="n/a" traffic_direction="OW" /><pedestrian age="senior" critical_point="11931" crossing="-1" crossing_point="11983" exp_start_point="11841" gender="male" id="3_7_508" intention_prob="0.6666666667" intersection="midblock" num_lanes="2" signalized="n/a" traffic_direction="OW" /><pedestrian age="senior" critical_point="12454" crossing="1" crossing_point="12473" exp_start_point="12364" gender="male" id="3_7_509" intention_prob="0.9166666667" intersection="midblock" num_lanes="2" signalized="n/a" traffic_direction="OW" /><pedestrian age="adult" critical_point="11678" crossing="-1" crossing_point="11701" exp_start_point="11578" gender="male" id="3_7_506" intention_prob="0.65" intersection="midblock" num_lanes="1" signalized="n/a" traffic_direction="OW" /><pedestrian age="adult" critical_point="11169" crossing="0" crossing_point="11188" exp_start_point="11120" gender="male" id="3_7_503" intention_prob="0.9666666667" intersection="four-way" num_lanes="6" signalized="CS" traffic_direction="TW" /><pedestrian age="adult" critical_point="15776" crossing="0" crossing_point="15792" exp_start_point="15686" gender="male" id="3_7_520" intention_prob="0.9833333333" intersection="midblock" num_lanes="2" signalized="n/a" traffic_direction="OW" /><pedestrian age="adult" critical_point="16592" crossing="-1" crossing_point="16648" exp_start_point="16502" gender="male" id="3_7_524" intention_prob="0.0333333333" intersection="midblock" num_lanes="2" signalized="n/a" traffic_direction="OW" /><pedestrian age="senior" critical_point="7297" crossing="0" crossing_point="7316" exp_start_point="7207" gender="female" id="3_7_497" intention_prob="0.9666666667" intersection="four-way" num_lanes="3" signalized="CS" traffic_direction="TW" /><pedestrian age="adult" critical_point="11149" crossing="0" crossing_point="11160" exp_start_point="11090" gender="male" id="3_7_504" intention_prob="0.85" intersection="four-way" num_lanes="6" signalized="CS" traffic_direction="TW" /><pedestrian age="adult" critical_point="4731" crossing="0" crossing_point="4789" exp_start_point="4656" gender="male" id="3_7_480" intention_prob="0.9166666667" intersection="four-way" num_lanes="4" signalized="n/a" traffic_direction="TW" /><pedestrian age="adult" critical_point="12454" crossing="-1" crossing_point="12876" exp_start_point="12364" gender="female" id="3_7_510" intention_prob="0.0833333333" intersection="midblock" num_lanes="2" signalized="n/a" traffic_direction="OW" /><pedestrian age="adult" critical_point="7250" crossing="0" crossing_point="7270" exp_start_point="7206" gender="female" id="3_7_493" intention_prob="0.9166666667" intersection="four-way" num_lanes="3" signalized="CS" traffic_direction="TW" /><pedestrian age="adult" critical_point="4862" crossing="0" crossing_point="4883" exp_start_point="4744" gender="male" id="3_7_485" intention_prob="0.65" intersection="four-way" num_lanes="4" signalized="n/a" traffic_direction="TW" /><pedestrian age="adult" critical_point="15606" crossing="1" crossing_point="15606" exp_start_point="15563" gender="male" id="3_7_519" intention_prob="0.7" intersection="midblock" num_lanes="2" signalized="n/a" traffic_direction="OW" /><pedestrian age="adult" critical_point="14625" crossing="-1" crossing_point="14680" exp_start_point="14535" gender="male" id="3_7_516" intention_prob="0.2666666667" intersection="four-way" num_lanes="2" signalized="CS" traffic_direction="OW" /></ped_attributes>