<ped_attributes><pedestrian age="adult" critical_point="4853" crossing="0" crossing_point="4898" exp_start_point="4763" gender="female" id="3_11_706" intention_prob="0.8833333333" intersection="four-way" num_lanes="2" signalized="CS" traffic_direction="TW" /><pedestrian age="adult" critical_point="7918" crossing="1" crossing_point="7932" exp_start_point="7828" gender="male" id="3_11_709" intention_prob="0.7166666667" intersection="midblock" num_lanes="2" signalized="n/a" traffic_direction="TW" /><pedestrian age="adult" critical_point="3073" crossing="-1" crossing_point="3110" exp_start_point="2983" gender="female" id="3_11_701" intention_prob="0.2" intersection="midblock" num_lanes="2" signalized="n/a" traffic_direction="TW" /><pedestrian age="adult" critical_point="14501" crossing="1" crossing_point="14682" exp_start_point="14411" gender="male" id="3_11_713" intention_prob="0.85" intersection="four-way" num_lanes="2" signalized="CS" traffic_direction="TW" /><pedestrian age="adult" critical_point="4857" crossing="0" crossing_point="4905" exp_start_point="4710" gender="female" id="3_11_707" intention_prob="0.8" intersection="four-way" num_lanes="2" signalized="CS" traffic_direction="TW" /><pedestrian age="adult" critical_point="4755" crossing="0" crossing_point="4766" exp_start_point="4665" gender="male" id="3_11_703" intention_prob="0.9666666667" intersection="four-way" num_lanes="2" signalized="CS" traffic_direction="TW" /><pedestrian age="adult" critical_point="4755" crossing="0" crossing_point="4800" exp_start_point="4664" gender="male" id="3_11_702" intention_prob="0.9166666667" intersection="midblock" num_lanes="2" signalized="CS" traffic_direction="TW" /><pedestrian age="adult" critical_point="14501" crossing="1" crossing_point="14567" exp_start_point="14404" gender="female" id="3_11_712" intention_prob="0.8833333333" intersection="four-way" num_lanes="2" signalized="CS" traffic_direction="TW" /><pedestrian age="adult" critical_point="14501" crossing="1" crossing_point="14542" exp_start_point="14404" gender="female" id="3_11_711" intention_prob="0.9" intersection="four-way" num_lanes="2" signalized="CS" traffic_direction="TW" /><pedestrian age="adult" critical_point="17764" crossing="0" crossing_point="17813" exp_start_point="17674" gender="female" id="3_11_720" intention_prob="0.8666666667" intersection="four-way" num_lanes="2" signalized="CS" traffic_direction="TW" /><pedestrian age="adult" critical_point="14501" crossing="1" crossing_point="14531" exp_start_point="14404" gender="male" id="3_11_710" intention_prob="0.9333333333" intersection="four-way" num_lanes="2" signalized="CS" traffic_direction="TW" /><pedestrian age="adult" critical_point="486" crossing="0" crossing_point="530" exp_start_point="396" gender="female" id="3_11_694" intention_prob="0.9333333333" intersection="four-way" num_lanes="4" signalized="CS" traffic_direction="TW" /><pedestrian age="adult" critical_point="14516" crossing="1" crossing_point="14577" exp_start_point="14426" gender="male" id="3_11_714" intention_prob="0.9166666667" intersection="four-way" num_lanes="2" signalized="CS" traffic_direction="TW" /><pedestrian age="adult" critical_point="1069" crossing="0" crossing_point="1092" exp_start_point="1030" gender="male" id="3_11_699" intention_prob="0.9833333333" intersection="four-way" num_lanes="4" signalized="CS" traffic_direction="TW" /><pedestrian age="adult" critical_point="17586" crossing="0" crossing_point="17603" exp_start_point="17515" gender="male" id="3_11_716" intention_prob="0.7666666667" intersection="four-way" num_lanes="4" signalized="CS" traffic_direction="TW" /><pedestrian age="adult" critical_point="4755" crossing="0" crossing_point="4760" exp_start_point="4677" gender="male" id="3_11_705" intention_prob="0.9666666667" intersection="four-way" num_lanes="2" signalized="CS" traffic_direction="TW" /><pedestrian age="adult" critical_point="4755" crossing="0" crossing_point="4766" exp_start_point="4655" gender="male" id="3_11_704" intention_prob="0.9333333333" intersection="four-way" num_lanes="2" signalized="CS" traffic_direction="TW" /><pedestrian age="adult" critical_point="14501" crossing="1" crossing_point="15015" exp_start_point="14411" gender="male" id="3_11_715" intention_prob="0.7833333333" intersection="four-way" num_lanes="2" signalized="CS" traffic_direction="TW" /><pedestrian age="adult" critical_point="1069" crossing="0" crossing_point="1095" exp_start_point="1025" gender="male" id="3_11_698" intention_prob="0.9333333333" intersection="four-way" num_lanes="4" signalized="CS" traffic_direction="TW" /><pedestrian age="adult" critical_point="1753" crossing="0" crossing_point="1803" exp_start_point="1663" gender="female" id="3_11_700" intention_prob="0.85" intersection="four-way" num_lanes="2" signalized="CS" traffic_direction="TW" /><pedestrian age="adult" critical_point="1069" crossing="0" crossing_point="1092" exp_start_point="972" gender="male" id="3_11_697" intention_prob="0.8" intersection="four-way" num_lanes="4" signalized="CS" traffic_direction="TW" /><pedestrian age="adult" critical_point="1069" crossing="0" crossing_point="1095" exp_start_point="972" gender="male" id="3_11_696" intention_prob="0.95" intersection="four-way" num_lanes="4" signalized="CS" traffic_direction="TW" /><pedestrian age="adult" critical_point="17587" crossing="0" crossing_point="17600" exp_start_point="17497" gender="female" id="3_11_717" intention_prob="0.8166666667" intersection="four-way" num_lanes="4" signalized="CS" traffic_direction="TW" /><pedestrian age="adult" critical_point="7914" crossing="1" crossing_point="7953" exp_start_point="7810" gender="female" id="3_11_708" intention_prob="0.4" intersection="midblock" num_lanes="2" signalized="n/a" traffic_direction="TW" /><pedestrian age="adult" critical_point="486" crossing="0" crossing_point="527" exp_start_point="396" gender="female" id="3_11_695" intention_prob="0.85" intersection="four-way" num_lanes="4" signalized="CS" traffic_direction="TW" /><pedestrian age="adult" critical_point="17750" crossing="0" crossing_point="17765" exp_start_point="17643" gender="male" id="3_11_719" intention_prob="0.9833333333" intersection="four-way" num_lanes="2" signalized="CS" traffic_direction="TW" /><pedestrian age="adult" critical_point="15339" crossing="0" crossing_point="15407" exp_start_point="15210" gender="female" id="3_11_718" intention_prob="0.45" intersection="four-way" num_lanes="4" signalized="CS" traffic_direction="TW" /></ped_attributes>