<ped_attributes><pedestrian age="adult" critical_point="3601" crossing="0" crossing_point="3631" exp_start_point="3511" gender="female" id="3_2_274" intention_prob="0.9833333333" intersection="four-way" num_lanes="3" signalized="CS" traffic_direction="OW" /><pedestrian age="adult" critical_point="4525" crossing="0" crossing_point="4548" exp_start_point="4510" gender="female" id="3_2_285" intention_prob="0.8833333333" intersection="four-way" num_lanes="3" signalized="CS" traffic_direction="OW" /><pedestrian age="adult" critical_point="816" crossing="0" crossing_point="836" exp_start_point="702" gender="male" id="3_2_270" intention_prob="0.9166666667" intersection="four-way" num_lanes="3" signalized="CS" traffic_direction="OW" /><pedestrian age="adult" critical_point="4884" crossing="0" crossing_point="4908" exp_start_point="4855" gender="male" id="3_2_287" intention_prob="0.9666666667" intersection="four-way" num_lanes="3" signalized="CS" traffic_direction="OW" /><pedestrian age="adult" critical_point="4937" crossing="0" crossing_point="4960" exp_start_point="4847" gender="female" id="3_2_288" intention_prob="0.7666666667" intersection="four-way" num_lanes="3" signalized="CS" traffic_direction="OW" /><pedestrian age="adult" critical_point="10162" crossing="0" crossing_point="10189" exp_start_point="10072" gender="female" id="3_2_298" intention_prob="0.6666666667" intersection="four-way" num_lanes="3" signalized="CS" traffic_direction="OW" /><pedestrian age="adult" critical_point="8619" crossing="-1" crossing_point="8638" exp_start_point="8568" gender="male" id="3_2_292" intention_prob="0.1" intersection="midblock" num_lanes="2" signalized="n/a" traffic_direction="OW" /><pedestrian age="adult" critical_point="4522" crossing="0" crossing_point="4546" exp_start_point="4474" gender="male" id="3_2_281" intention_prob="0.8333333333" intersection="four-way" num_lanes="3" signalized="CS" traffic_direction="OW" /><pedestrian age="adult" critical_point="815" crossing="0" crossing_point="847" exp_start_point="725" gender="female" id="3_2_271" intention_prob="0.8333333333" intersection="four-way" num_lanes="3" signalized="CS" traffic_direction="OW" /><pedestrian age="adult" critical_point="4514" crossing="0" crossing_point="4539" exp_start_point="4424" gender="female" id="3_2_279" intention_prob="0.8833333333" intersection="four-way" num_lanes="3" signalized="CS" traffic_direction="OW" /><pedestrian age="adult" critical_point="4072" crossing="-1" crossing_point="4097" exp_start_point="4010" gender="male" id="3_2_278" intention_prob="0.0166666667" intersection="four-way" num_lanes="3" signalized="CS" traffic_direction="OW" /><pedestrian age="adult" critical_point="10009" crossing="0" crossing_point="10036" exp_start_point="9919" gender="female" id="3_2_296" intention_prob="0.9166666667" intersection="four-way" num_lanes="2" signalized="CS" traffic_direction="OW" /><pedestrian age="adult" critical_point="4523" crossing="0" crossing_point="4540" exp_start_point="4486" gender="female" id="3_2_284" intention_prob="0.8333333333" intersection="four-way" num_lanes="3" signalized="CS" traffic_direction="OW" /><pedestrian age="adult" critical_point="5625" crossing="1" crossing_point="5928" exp_start_point="5606" gender="male" id="3_2_289" intention_prob="0.9833333333" intersection="four-way" num_lanes="3" signalized="CS" traffic_direction="OW" /><pedestrian age="adult" critical_point="4529" crossing="0" crossing_point="4544" exp_start_point="4455" gender="male" id="3_2_280" intention_prob="0.9166666667" intersection="four-way" num_lanes="3" signalized="CS" traffic_direction="OW" /><pedestrian age="adult" critical_point="12613" crossing="1" crossing_point="12624" exp_start_point="12552" gender="male" id="3_2_304" intention_prob="1" intersection="four-way" num_lanes="2" signalized="CS" traffic_direction="TW" /><pedestrian age="adult" critical_point="10010" crossing="0" crossing_point="10036" exp_start_point="9974" gender="male" id="3_2_295" intention_prob="0.8833333333" intersection="four-way" num_lanes="2" signalized="CS" traffic_direction="OW" /><pedestrian age="adult" critical_point="4881" crossing="0" crossing_point="4906" exp_start_point="4791" gender="female" id="3_2_286" intention_prob="0.9666666667" intersection="four-way" num_lanes="3" signalized="CS" traffic_direction="OW" /><pedestrian age="adult" critical_point="3850" crossing="0" crossing_point="3898" exp_start_point="3772" gender="male" id="3_2_277" intention_prob="0.8333333333" intersection="four-way" num_lanes="3" signalized="CS" traffic_direction="OW" /><pedestrian age="adult" critical_point="13502" crossing="0" crossing_point="13514" exp_start_point="13412" gender="female" id="3_2_306" intention_prob="0.95" intersection="four-way" num_lanes="2" signalized="CS" traffic_direction="TW" /><pedestrian age="adult" critical_point="3850" crossing="0" crossing_point="3903" exp_start_point="3749" gender="male" id="3_2_276" intention_prob="0.9333333333" intersection="four-way" num_lanes="3" signalized="CS" traffic_direction="OW" /><pedestrian age="adult" critical_point="10009" crossing="0" crossing_point="10036" exp_start_point="9713" gender="male" id="3_2_294" intention_prob="0.95" intersection="four-way" num_lanes="2" signalized="CS" traffic_direction="OW" /><pedestrian age="adult" critical_point="8538" crossing="-1" crossing_point="8561" exp_start_point="8461" gender="male" id="3_2_291" intention_prob="0.0166666667" intersection="midblock" num_lanes="2" signalized="n/a" traffic_direction="OW" /><pedestrian age="adult" critical_point="4521" crossing="0" crossing_point="4540" exp_start_point="4456" gender="male" id="3_2_282" intention_prob="0.9" intersection="four-way" num_lanes="3" signalized="CS" traffic_direction="OW" /><pedestrian age="adult" critical_point="10505" crossing="-1" crossing_point="10534" exp_start_point="10415" gender="male" id="3_2_300" intention_prob="0.3666666667" intersection="midblock" num_lanes="2" signalized="n/a" traffic_direction="OW" /><pedestrian age="adult" critical_point="10500" crossing="-1" crossing_point="10531" exp_start_point="10410" gender="female" id="3_2_299" intention_prob="0.5" intersection="midblock" num_lanes="2" signalized="n/a" traffic_direction="OW" /><pedestrian age="adult" critical_point="12693" crossing="1" crossing_point="12713" exp_start_point="12651" gender="female" id="3_2_305" intention_prob="1" intersection="four-way" num_lanes="2" signalized="CS" traffic_direction="TW" /><pedestrian age="adult" critical_point="901" crossing="0" crossing_point="950" exp_start_point="816" gender="male" id="3_2_273" intention_prob="0.9666666667" intersection="four-way" num_lanes="3" signalized="CS" traffic_direction="OW" /><pedestrian age="senior" critical_point="5561" crossing="1" crossing_point="5580" exp_start_point="5471" gender="male" id="3_2_290" intention_prob="0.85" intersection="four-way" num_lanes="3" signalized="CS" traffic_direction="OW" /><pedestrian age="adult" critical_point="796" crossing="0" crossing_point="817" exp_start_point="742" gender="male" id="3_2_272" intention_prob="0.9166666667" intersection="four-way" num_lanes="3" signalized="CS" traffic_direction="OW" /><pedestrian age="adult" critical_point="10012" crossing="0" crossing_point="10046" exp_start_point="9922" gender="male" id="3_2_293" intention_prob="0.8" intersection="four-way" num_lanes="2" signalized="CS" traffic_direction="OW" /><pedestrian age="adult" critical_point="11824" crossing="1" crossing_point="11854" exp_start_point="11781" gender="female" id="3_2_302" intention_prob="0.95" intersection="four-way" num_lanes="2" signalized="CS" traffic_direction="TW" /><pedestrian age="adult" critical_point="11652" crossing="0" crossing_point="11667" exp_start_point="11582" gender="female" id="3_2_301" intention_prob="0.7833333333" intersection="midblock" num_lanes="2" signalized="n/a" traffic_direction="TW" /><pedestrian age="adult" critical_point="11913" crossing="1" crossing_point="11944" exp_start_point="11823" gender="male" id="3_2_303" intention_prob="0.85" intersection="four-way" num_lanes="2" signalized="CS" traffic_direction="TW" /><pedestrian age="adult" critical_point="3845" crossing="0" crossing_point="3878" exp_start_point="3755" gender="female" id="3_2_275" intention_prob="0.9666666667" intersection="four-way" num_lanes="3" signalized="CS" traffic_direction="OW" /></ped_attributes>