<ped_attributes><pedestrian age="senior" critical_point="1778" crossing="0" crossing_point="1798" exp_start_point="1698" gender="male" id="5_1_1732" intention_prob="0.9166666667" intersection="four-way" num_lanes="2" signalized="CS" traffic_direction="TW" /><pedestrian age="adult" critical_point="10386" crossing="0" crossing_point="10430" exp_start_point="10296" gender="male" id="5_1_1744" intention_prob="0.6666666667" intersection="four-way" num_lanes="2" signalized="S" traffic_direction="TW" /><pedestrian age="senior" critical_point="16868" crossing="-1" crossing_point="16901" exp_start_point="16778" gender="male" id="5_1_1747" intention_prob="0.2333333333" intersection="midblock" num_lanes="2" signalized="n/a" traffic_direction="TW" /><pedestrian age="adult" critical_point="2966" crossing="1" crossing_point="2972" exp_start_point="2945" gender="male" id="5_1_1740" intention_prob="0.9833333333" intersection="four-way" num_lanes="2" signalized="CS" traffic_direction="TW" /><pedestrian age="senior" critical_point="17747" crossing="-1" crossing_point="17937" exp_start_point="17713" gender="male" id="5_1_1748" intention_prob="0.15" intersection="midblock" num_lanes="2" signalized="n/a" traffic_direction="TW" /><pedestrian age="senior" critical_point="3614" crossing="1" crossing_point="3670" exp_start_point="3524" gender="female" id="5_1_1742" intention_prob="0.9" intersection="four-way" num_lanes="2" signalized="CS" traffic_direction="TW" /><pedestrian age="adult" critical_point="7404" crossing="0" crossing_point="7441" exp_start_point="7362" gender="female" id="5_1_1746" intention_prob="0.9833333333" intersection="T-left" num_lanes="2" signalized="n/a" traffic_direction="TW" /><pedestrian age="adult" critical_point="2322" crossing="1" crossing_point="2328" exp_start_point="2292" gender="male" id="5_1_1739" intention_prob="1" intersection="four-way" num_lanes="2" signalized="CS" traffic_direction="TW" /><pedestrian age="senior" critical_point="10386" crossing="0" crossing_point="10425" exp_start_point="10296" gender="female" id="5_1_1745" intention_prob="0.5333333333" intersection="four-way" num_lanes="2" signalized="S" traffic_direction="TW" /><pedestrian age="adult" critical_point="602" crossing="1" crossing_point="605" exp_start_point="536" gender="male" id="5_1_1731" intention_prob="0.9166666667" intersection="T" num_lanes="2" signalized="CS" traffic_direction="TW" /><pedestrian age="adult" critical_point="3536" crossing="0" crossing_point="3582" exp_start_point="3446" gender="male" id="5_1_1741" intention_prob="0.7166666667" intersection="four-way" num_lanes="2" signalized="CS" traffic_direction="TW" /><pedestrian age="adult" critical_point="1778" crossing="0" crossing_point="1807" exp_start_point="1688" gender="female" id="5_1_1733" intention_prob="0.95" intersection="four-way" num_lanes="2" signalized="CS" traffic_direction="TW" /><pedestrian age="adult" critical_point="15789" crossing="0" crossing_point="15810" exp_start_point="15699" gender="male" id="5_1_1749" intention_prob="0.7666666667" intersection="midblock" num_lanes="2" signalized="n/a" traffic_direction="TW" /></ped_attributes>