<ped_attributes><pedestrian age="adult" critical_point="15931" crossing="1" crossing_point="16064" exp_start_point="15841" gender="female" id="6_7_1911" intention_prob="0.9666666667" intersection="four-way" num_lanes="4" signalized="CS" traffic_direction="TW" /><pedestrian age="senior" critical_point="13121" crossing="-1" crossing_point="13143" exp_start_point="13066" gender="male" id="6_7_1902" intention_prob="0.1666666667" intersection="midblock" num_lanes="4" signalized="n/a" traffic_direction="TW" /><pedestrian age="adult" critical_point="19074" crossing="0" crossing_point="19098" exp_start_point="18984" gender="female" id="6_7_1918" intention_prob="0.8" intersection="four-way" num_lanes="4" signalized="CS" traffic_direction="TW" /><pedestrian age="adult" critical_point="15931" crossing="1" crossing_point="16162" exp_start_point="15841" gender="male" id="6_7_1909" intention_prob="0.95" intersection="four-way" num_lanes="4" signalized="CS" traffic_direction="TW" /><pedestrian age="adult" critical_point="12776" crossing="0" crossing_point="12802" exp_start_point="12686" gender="male" id="6_7_1899" intention_prob="0.9166666667" intersection="midblock" num_lanes="4" signalized="n/a" traffic_direction="TW" /><pedestrian age="adult" critical_point="13722" crossing="0" crossing_point="13751" exp_start_point="13632" gender="female" id="6_7_1906" intention_prob="0.9833333333" intersection="T-left" num_lanes="4" signalized="CS" traffic_direction="TW" /><pedestrian age="adult" critical_point="13522" crossing="-1" crossing_point="13544" exp_start_point="13448" gender="male" id="6_7_1904" intention_prob="0.2" intersection="midblock" num_lanes="4" signalized="n/a" traffic_direction="TW" /><pedestrian age="adult" critical_point="16262" crossing="1" crossing_point="16280" exp_start_point="16172" gender="female" id="6_7_1912" intention_prob="0.9166666667" intersection="four-way" num_lanes="4" signalized="CS" traffic_direction="TW" /><pedestrian age="adult" critical_point="17302" crossing="-1" crossing_point="17330" exp_start_point="17212" gender="male" id="6_7_1913" intention_prob="0.0833333333" intersection="midblock" num_lanes="4" signalized="n/a" traffic_direction="TW" /><pedestrian age="senior" critical_point="13973" crossing="-1" crossing_point="13995" exp_start_point="13921" gender="male" id="6_7_1907" intention_prob="0.0833333333" intersection="T-left" num_lanes="4" signalized="n/a" traffic_direction="TW" /><pedestrian age="adult" critical_point="12555" crossing="0" crossing_point="12563" exp_start_point="12458" gender="female" id="6_7_1897" intention_prob="0.8333333333" intersection="four-way" num_lanes="4" signalized="CS" traffic_direction="TW" /><pedestrian age="senior" critical_point="17405" crossing="0" crossing_point="17423" exp_start_point="17315" gender="female" id="6_7_1914" intention_prob="0.5" intersection="midblock" num_lanes="4" signalized="n/a" traffic_direction="TW" /><pedestrian age="adult" critical_point="17445" crossing="-1" crossing_point="17472" exp_start_point="17378" gender="male" id="6_7_1915" intention_prob="0.1333333333" intersection="midblock" num_lanes="4" signalized="n/a" traffic_direction="TW" /><pedestrian age="adult" critical_point="13443" crossing="0" crossing_point="13474" exp_start_point="13338" gender="female" id="6_7_1903" intention_prob="0.9666666667" intersection="four-way" num_lanes="4" signalized="CS" traffic_direction="TW" /><pedestrian age="adult" critical_point="12554" crossing="0" crossing_point="12561" exp_start_point="12464" gender="female" id="6_7_1898" intention_prob="0.9166666667" intersection="four-way" num_lanes="4" signalized="CS" traffic_direction="TW" /><pedestrian age="adult" critical_point="15448" crossing="0" crossing_point="15480" exp_start_point="15318" gender="male" id="6_7_1908" intention_prob="0.9166666667" intersection="four-way" num_lanes="4" signalized="CS" traffic_direction="TW" /><pedestrian age="adult" critical_point="12918" crossing="0" crossing_point="12945" exp_start_point="12867" gender="female" id="6_7_1900" intention_prob="0.9166666667" intersection="four-way" num_lanes="4" signalized="CS" traffic_direction="TW" /><pedestrian age="adult" critical_point="12130" crossing="0" crossing_point="12162" exp_start_point="12040" gender="female" id="6_7_1896" intention_prob="0.6833333333" intersection="T-right" num_lanes="4" signalized="n/a" traffic_direction="TW" /><pedestrian age="senior" critical_point="2514" crossing="1" crossing_point="2541" exp_start_point="2424" gender="female" id="6_7_1895" intention_prob="0.9666666667" intersection="four-way" num_lanes="4" signalized="CS" traffic_direction="TW" /><pedestrian age="adult" critical_point="15921" crossing="1" crossing_point="16141" exp_start_point="15855" gender="female" id="6_7_1910" intention_prob="0.9" intersection="four-way" num_lanes="4" signalized="CS" traffic_direction="TW" /><pedestrian age="adult" critical_point="19002" crossing="0" crossing_point="19027" exp_start_point="18912" gender="female" id="6_7_1917" intention_prob="0.8166666667" intersection="four-way" num_lanes="4" signalized="CS" traffic_direction="TW" /><pedestrian age="adult" critical_point="13722" crossing="0" crossing_point="13755" exp_start_point="13632" gender="male" id="6_7_1905" intention_prob="0.9666666667" intersection="T-left" num_lanes="4" signalized="CS" traffic_direction="TW" /><pedestrian age="adult" critical_point="12918" crossing="0" crossing_point="12947" exp_start_point="12867" gender="female" id="6_7_1901" intention_prob="0.8666666667" intersection="four-way" num_lanes="4" signalized="CS" traffic_direction="TW" /><pedestrian age="adult" critical_point="19621" crossing="-1" crossing_point="19650" exp_start_point="19531" gender="male" id="6_7_1916" intention_prob="0.1666666667" intersection="midblock" num_lanes="4" signalized="n/a" traffic_direction="TW" /></ped_attributes>