<ped_attributes><pedestrian age="adult" critical_point="15978" crossing="-1" crossing_point="15987" exp_start_point="15888" gender="female" id="6_8_1933" intention_prob="0.4333333333" intersection="midblock" num_lanes="4" signalized="n/a" traffic_direction="TW" /><pedestrian age="adult" critical_point="16300" crossing="0" crossing_point="16328" exp_start_point="16210" gender="female" id="6_8_1935" intention_prob="0.9" intersection="midblock" num_lanes="4" signalized="CS" traffic_direction="TW" /><pedestrian age="adult" critical_point="16300" crossing="0" crossing_point="16314" exp_start_point="16210" gender="female" id="6_8_1936" intention_prob="0.8833333333" intersection="midblock" num_lanes="4" signalized="CS" traffic_direction="TW" /><pedestrian age="adult" critical_point="12089" crossing="1" crossing_point="12197" exp_start_point="12056" gender="male" id="6_8_1925" intention_prob="0.9333333333" intersection="four-way" num_lanes="4" signalized="CS" traffic_direction="TW" /><pedestrian age="adult" critical_point="13889" crossing="-1" crossing_point="13918" exp_start_point="13840" gender="male" id="6_8_1930" intention_prob="0.2166666667" intersection="midblock" num_lanes="4" signalized="n/a" traffic_direction="TW" /><pedestrian age="adult" critical_point="17453" crossing="0" crossing_point="17474" exp_start_point="17363" gender="female" id="6_8_1938" intention_prob="0.65" intersection="midblock" num_lanes="4" signalized="n/a" traffic_direction="TW" /><pedestrian age="adult" critical_point="14946" crossing="0" crossing_point="14971" exp_start_point="14847" gender="female" id="6_8_1932" intention_prob="0.9" intersection="four-way" num_lanes="4" signalized="CS" traffic_direction="TW" /><pedestrian age="senior" critical_point="12093" crossing="1" crossing_point="12345" exp_start_point="12003" gender="male" id="6_8_1928" intention_prob="0.9" intersection="four-way" num_lanes="4" signalized="CS" traffic_direction="TW" /><pedestrian age="adult" critical_point="2520" crossing="0" crossing_point="2551" exp_start_point="2465" gender="male" id="6_8_1920" intention_prob="0.9" intersection="midblock" num_lanes="4" signalized="n/a" traffic_direction="TW" /><pedestrian age="adult" critical_point="12089" crossing="1" crossing_point="12241" exp_start_point="12015" gender="male" id="6_8_1924" intention_prob="0.8833333333" intersection="four-way" num_lanes="4" signalized="CS" traffic_direction="TW" /><pedestrian age="adult" critical_point="17002" crossing="0" crossing_point="17013" exp_start_point="16979" gender="female" id="6_8_1937" intention_prob="0.8833333333" intersection="four-way" num_lanes="4" signalized="CS" traffic_direction="TW" /><pedestrian age="adult" critical_point="13670" crossing="-1" crossing_point="13690" exp_start_point="13616" gender="male" id="6_8_1929" intention_prob="0.2" intersection="midblock" num_lanes="4" signalized="n/a" traffic_direction="TW" /><pedestrian age="adult" critical_point="16249" crossing="0" crossing_point="16273" exp_start_point="16153" gender="male" id="6_8_1934" intention_prob="0.9" intersection="midblock" num_lanes="4" signalized="CS" traffic_direction="TW" /><pedestrian age="adult" critical_point="1188" crossing="0" crossing_point="1247" exp_start_point="1098" gender="male" id="6_8_1919" intention_prob="0.95" intersection="four-way" num_lanes="4" signalized="CS" traffic_direction="TW" /><pedestrian age="adult" critical_point="12256" crossing="1" crossing_point="12286" exp_start_point="12166" gender="male" id="6_8_1926" intention_prob="1" intersection="four-way" num_lanes="4" signalized="CS" traffic_direction="TW" /><pedestrian age="adult" critical_point="3933" crossing="0" crossing_point="3945" exp_start_point="3818" gender="male" id="6_8_1921" intention_prob="0.7666666667" intersection="four-way" num_lanes="4" signalized="CS" traffic_direction="TW" /><pedestrian age="senior" critical_point="3933" crossing="0" crossing_point="3954" exp_start_point="3843" gender="male" id="6_8_1922" intention_prob="1" intersection="four-way" num_lanes="4" signalized="CS" traffic_direction="TW" /><pedestrian age="adult" critical_point="12256" crossing="1" crossing_point="12290" exp_start_point="12166" gender="female" id="6_8_1927" intention_prob="1" intersection="four-way" num_lanes="4" signalized="CS" traffic_direction="TW" /><pedestrian age="adult" critical_point="11833" crossing="0" crossing_point="11860" exp_start_point="11743" gender="female" id="6_8_1923" intention_prob="0.6666666667" intersection="midblock" num_lanes="4" signalized="n/a" traffic_direction="TW" /><pedestrian age="adult" critical_point="13734" crossing="0" crossing_point="13744" exp_start_point="13670" gender="female" id="6_8_1931" intention_prob="0.7333333333" intersection="T-left" num_lanes="4" signalized="n/a" traffic_direction="TW" /></ped_attributes>