<ped_attributes><pedestrian age="adult" critical_point="16763" crossing="-1" crossing_point="16801" exp_start_point="16684" gender="female" id="6_1_1762" intention_prob="0.05" intersection="midblock" num_lanes="2" signalized="n/a" traffic_direction="TW" /><pedestrian age="adult" critical_point="14136" crossing="-1" crossing_point="14193" exp_start_point="14070" gender="male" id="6_1_1756" intention_prob="0.05" intersection="four-way" num_lanes="2" signalized="CS" traffic_direction="TW" /><pedestrian age="adult" critical_point="14251" crossing="1" crossing_point="14252" exp_start_point="14194" gender="female" id="6_1_1758" intention_prob="0.7666666667" intersection="midblock" num_lanes="2" signalized="n/a" traffic_direction="TW" /><pedestrian age="adult" critical_point="15983" crossing="-1" crossing_point="16020" exp_start_point="15893" gender="male" id="6_1_1761" intention_prob="0.1833333333" intersection="T-right" num_lanes="2" signalized="n/a" traffic_direction="TW" /><pedestrian age="adult" critical_point="15868" crossing="-1" crossing_point="15903" exp_start_point="15778" gender="male" id="6_1_1760" intention_prob="0.25" intersection="T-right" num_lanes="2" signalized="n/a" traffic_direction="TW" /><pedestrian age="adult" critical_point="13808" crossing="-1" crossing_point="14075" exp_start_point="13718" gender="male" id="6_1_1753" intention_prob="0.1333333333" intersection="four-way" num_lanes="2" signalized="CS" traffic_direction="TW" /><pedestrian age="adult" critical_point="13956" crossing="1" crossing_point="13961" exp_start_point="13798" gender="female" id="6_1_1754" intention_prob="1" intersection="four-way" num_lanes="2" signalized="CS" traffic_direction="TW" /><pedestrian age="adult" critical_point="14277" crossing="1" crossing_point="14288" exp_start_point="14187" gender="female" id="6_1_1757" intention_prob="0.9166666667" intersection="midblock" num_lanes="2" signalized="n/a" traffic_direction="TW" /><pedestrian age="adult" critical_point="15682" crossing="-1" crossing_point="15725" exp_start_point="15592" gender="male" id="6_1_1759" intention_prob="0.0166666667" intersection="T-right" num_lanes="2" signalized="n/a" traffic_direction="TW" /></ped_attributes>