<ped_attributes><pedestrian age="adult" critical_point="10476" crossing="0" crossing_point="10518" exp_start_point="10303" gender="male" id="2_1_123" intention_prob="0.75" intersection="four-way" num_lanes="4" signalized="CS" traffic_direction="TW" /><pedestrian age="senior" critical_point="15646" crossing="1" crossing_point="15685" exp_start_point="15556" gender="female" id="2_1_130" intention_prob="0.9666666667" intersection="four-way" num_lanes="4" signalized="CS" traffic_direction="TW" /><pedestrian age="adult" critical_point="12780" crossing="-1" crossing_point="12867" exp_start_point="12690" gender="male" id="2_1_127" intention_prob="0.1666666667" intersection="four-way" num_lanes="2" signalized="CS" traffic_direction="TW" /><pedestrian age="adult" critical_point="17650" crossing="-1" crossing_point="17677" exp_start_point="17560" gender="female" id="2_1_135" intention_prob="0.1666666667" intersection="midblock" num_lanes="2" signalized="n/a" traffic_direction="TW" /><pedestrian age="adult" critical_point="12340" crossing="0" crossing_point="12368" exp_start_point="12131" gender="male" id="2_1_138" intention_prob="0.8833333333" intersection="four-way" num_lanes="4" signalized="CS" traffic_direction="TW" /><pedestrian age="adult" critical_point="3142" crossing="-1" crossing_point="3170" exp_start_point="3060" gender="female" id="2_1_113" intention_prob="0.1333333333" intersection="midblock" num_lanes="2" signalized="n/a" traffic_direction="OW" /><pedestrian age="adult" critical_point="12337" crossing="0" crossing_point="12363" exp_start_point="12151" gender="female" id="2_1_140" intention_prob="0.8833333333" intersection="four-way" num_lanes="4" signalized="CS" traffic_direction="TW" /><pedestrian age="adult" critical_point="10452" crossing="-1" crossing_point="10491" exp_start_point="10392" gender="male" id="2_1_122" intention_prob="0.5666666667" intersection="four-way" num_lanes="4" signalized="CS" traffic_direction="TW" /><pedestrian age="adult" critical_point="15709" crossing="0" crossing_point="15763" exp_start_point="15619" gender="male" id="2_1_129" intention_prob="0.85" intersection="four-way" num_lanes="4" signalized="CS" traffic_direction="TW" /><pedestrian age="adult" critical_point="11217" crossing="0" crossing_point="11286" exp_start_point="11127" gender="male" id="2_1_124" intention_prob="0.6333333333" intersection="midblock" num_lanes="4" signalized="n/a" traffic_direction="TW" /><pedestrian age="adult" critical_point="15746" crossing="1" crossing_point="15782" exp_start_point="15656" gender="male" id="2_1_133" intention_prob="0.95" intersection="four-way" num_lanes="4" signalized="CS" traffic_direction="TW" /><pedestrian age="adult" critical_point="12790" crossing="-1" crossing_point="12876" exp_start_point="12700" gender="female" id="2_1_126" intention_prob="0.35" intersection="four-way" num_lanes="2" signalized="CS" traffic_direction="TW" /><pedestrian age="adult" critical_point="11354" crossing="0" crossing_point="11430" exp_start_point="11282" gender="female" id="2_1_125" intention_prob="0.2" intersection="four-way" num_lanes="4" signalized="CS" traffic_direction="TW" /><pedestrian age="adult" critical_point="12211" crossing="1" crossing_point="12263" exp_start_point="12121" gender="male" id="2_1_141" intention_prob="0.9333333333" intersection="four-way" num_lanes="2" signalized="CS" traffic_direction="TW" /><pedestrian age="adult" critical_point="17912" crossing="-1" crossing_point="17953" exp_start_point="17822" gender="male" id="2_1_145" intention_prob="0.5166666667" intersection="four-way" num_lanes="4" signalized="CS" traffic_direction="TW" /><pedestrian age="adult" critical_point="17796" crossing="0" crossing_point="17822" exp_start_point="17706" gender="female" id="2_1_144" intention_prob="1" intersection="four-way" num_lanes="2" signalized="CS" traffic_direction="TW" /><pedestrian age="adult" critical_point="7210" crossing="1" crossing_point="7290" exp_start_point="7120" gender="female" id="2_1_117" intention_prob="0.9" intersection="T" num_lanes="4" signalized="CS" traffic_direction="TW" /><pedestrian age="adult" critical_point="17796" crossing="0" crossing_point="17829" exp_start_point="17751" gender="male" id="2_1_143" intention_prob="0.95" intersection="four-way" num_lanes="2" signalized="CS" traffic_direction="TW" /><pedestrian age="adult" critical_point="4387" crossing="-1" crossing_point="4437" exp_start_point="4335" gender="female" id="2_1_116" intention_prob="0" intersection="midblock" num_lanes="4" signalized="n/a" traffic_direction="TW" /><pedestrian age="adult" critical_point="15646" crossing="1" crossing_point="15708" exp_start_point="15556" gender="female" id="2_1_131" intention_prob="0.9833333333" intersection="four-way" num_lanes="4" signalized="CS" traffic_direction="TW" /><pedestrian age="adult" critical_point="7221" crossing="1" crossing_point="7270" exp_start_point="7157" gender="female" id="2_1_118" intention_prob="0.8666666667" intersection="T" num_lanes="4" signalized="CS" traffic_direction="TW" /><pedestrian age="adult" critical_point="7337" crossing="1" crossing_point="7360" exp_start_point="7247" gender="female" id="2_1_119" intention_prob="1" intersection="T" num_lanes="4" signalized="CS" traffic_direction="TW" /><pedestrian age="adult" critical_point="12222" crossing="1" crossing_point="12252" exp_start_point="12132" gender="female" id="2_1_136" intention_prob="0.8" intersection="four-way" num_lanes="2" signalized="CS" traffic_direction="TW" /><pedestrian age="adult" critical_point="3040" crossing="-1" crossing_point="3083" exp_start_point="2950" gender="male" id="2_1_115" intention_prob="0.1333333333" intersection="midblock" num_lanes="2" signalized="n/a" traffic_direction="OW" /><pedestrian age="adult" critical_point="16332" crossing="0" crossing_point="16399" exp_start_point="16242" gender="female" id="2_1_134" intention_prob="0.6166666667" intersection="midblock" num_lanes="2" signalized="n/a" traffic_direction="TW" /><pedestrian age="adult" critical_point="10400" crossing="-1" crossing_point="10439" exp_start_point="10310" gender="female" id="2_1_120" intention_prob="0.3833333333" intersection="midblock" num_lanes="4" signalized="n/a" traffic_direction="TW" /><pedestrian age="adult" critical_point="10447" crossing="-1" crossing_point="10484" exp_start_point="10383" gender="male" id="2_1_121" intention_prob="0.4333333333" intersection="four-way" num_lanes="4" signalized="CS" traffic_direction="TW" /><pedestrian age="adult" critical_point="3231" crossing="1" crossing_point="3242" exp_start_point="3196" gender="female" id="2_1_114" intention_prob="0.9833333333" intersection="T" num_lanes="2" signalized="S" traffic_direction="OW" /><pedestrian age="senior" critical_point="15646" crossing="1" crossing_point="15715" exp_start_point="15556" gender="female" id="2_1_132" intention_prob="0.9333333333" intersection="four-way" num_lanes="4" signalized="CS" traffic_direction="TW" /><pedestrian age="adult" critical_point="12160" crossing="1" crossing_point="12251" exp_start_point="12070" gender="female" id="2_1_139" intention_prob="0.9166666667" intersection="four-way" num_lanes="2" signalized="CS" traffic_direction="TW" /><pedestrian age="adult" critical_point="17796" crossing="0" crossing_point="17822" exp_start_point="17734" gender="female" id="2_1_142" intention_prob="0.8833333333" intersection="four-way" num_lanes="2" signalized="CS" traffic_direction="TW" /><pedestrian age="adult" critical_point="12477" crossing="1" crossing_point="12516" exp_start_point="12395" gender="male" id="2_1_137" intention_prob="0.9166666667" intersection="four-way" num_lanes="2" signalized="CS" traffic_direction="TW" /><pedestrian age="adult" critical_point="14531" crossing="-1" crossing_point="14580" exp_start_point="14441" gender="female" id="2_1_128" intention_prob="0.2" intersection="four-way" num_lanes="4" signalized="CS" traffic_direction="TW" /></ped_attributes>