<ped_attributes><pedestrian age="adult" critical_point="3434" crossing="0" crossing_point="3452" exp_start_point="3361" gender="male" id="3_1_232" intention_prob="0.95" intersection="four-way" num_lanes="3" signalized="CS" traffic_direction="OW" /><pedestrian age="adult" critical_point="7238" crossing="0" crossing_point="7275" exp_start_point="7148" gender="male" id="3_1_237" intention_prob="0.95" intersection="four-way" num_lanes="4" signalized="CS" traffic_direction="OW" /><pedestrian age="adult" critical_point="9175" crossing="0" crossing_point="9180" exp_start_point="9141" gender="female" id="3_1_255" intention_prob="0.9166666667" intersection="four-way" num_lanes="3" signalized="CS" traffic_direction="OW" /><pedestrian age="adult" critical_point="17023" crossing="1" crossing_point="17029" exp_start_point="16933" gender="male" id="3_1_267" intention_prob="0.8333333333" intersection="midblock" num_lanes="3" signalized="n/a" traffic_direction="OW" /><pedestrian age="adult" critical_point="3260" crossing="0" crossing_point="3278" exp_start_point="3170" gender="male" id="3_1_231" intention_prob="0.7666666667" intersection="midblock" num_lanes="3" signalized="n/a" traffic_direction="OW" /><pedestrian age="senior" critical_point="2808" crossing="0" crossing_point="2827" exp_start_point="2718" gender="female" id="3_1_224" intention_prob="0.85" intersection="four-way" num_lanes="4" signalized="CS" traffic_direction="TW" /><pedestrian age="senior" critical_point="9184" crossing="0" crossing_point="9190" exp_start_point="9159" gender="female" id="3_1_262" intention_prob="0.95" intersection="four-way" num_lanes="3" signalized="CS" traffic_direction="OW" /><pedestrian age="adult" critical_point="17082" crossing="1" crossing_point="17041" exp_start_point="17008" gender="male" id="3_1_268" intention_prob="0.9" intersection="midblock" num_lanes="3" signalized="n/a" traffic_direction="OW" /><pedestrian age="adult" critical_point="2825" crossing="0" crossing_point="2833" exp_start_point="2782" gender="female" id="3_1_226" intention_prob="0.9666666667" intersection="four-way" num_lanes="4" signalized="CS" traffic_direction="TW" /><pedestrian age="adult" critical_point="1833" crossing="0" crossing_point="1862" exp_start_point="1743" gender="male" id="3_1_221" intention_prob="0.9833333333" intersection="four-way" num_lanes="4" signalized="CS" traffic_direction="TW" /><pedestrian age="senior" critical_point="9179" crossing="0" crossing_point="9188" exp_start_point="9155" gender="male" id="3_1_261" intention_prob="0.95" intersection="four-way" num_lanes="3" signalized="CS" traffic_direction="OW" /><pedestrian age="adult" critical_point="7230" crossing="0" crossing_point="7265" exp_start_point="7140" gender="male" id="3_1_241" intention_prob="0.8833333333" intersection="four-way" num_lanes="4" signalized="CS" traffic_direction="OW" /><pedestrian age="adult" critical_point="3470" crossing="0" crossing_point="3494" exp_start_point="3380" gender="female" id="3_1_233" intention_prob="0.75" intersection="four-way" num_lanes="3" signalized="CS" traffic_direction="OW" /><pedestrian age="senior" critical_point="3620" crossing="0" crossing_point="3648" exp_start_point="3530" gender="female" id="3_1_235" intention_prob="0.9" intersection="midblock" num_lanes="4" signalized="n/a" traffic_direction="OW" /><pedestrian age="adult" critical_point="2829" crossing="0" crossing_point="2844" exp_start_point="2768" gender="male" id="3_1_228" intention_prob="0.9666666667" intersection="four-way" num_lanes="4" signalized="CS" traffic_direction="TW" /><pedestrian age="senior" critical_point="2173" crossing="0" crossing_point="2201" exp_start_point="2083" gender="male" id="3_1_223" intention_prob="0.9166666667" intersection="four-way" num_lanes="4" signalized="n/a" traffic_direction="TW" /><pedestrian age="adult" critical_point="2821" crossing="0" crossing_point="2837" exp_start_point="2731" gender="male" id="3_1_225" intention_prob="0.95" intersection="four-way" num_lanes="4" signalized="CS" traffic_direction="TW" /><pedestrian age="adult" critical_point="16925" crossing="-1" crossing_point="17094" exp_start_point="16862" gender="male" id="3_1_266" intention_prob="0.1166666667" intersection="midblock" num_lanes="3" signalized="n/a" traffic_direction="OW" /><pedestrian age="adult" critical_point="1560" crossing="0" crossing_point="1588" exp_start_point="1485" gender="female" id="3_1_220" intention_prob="0.6833333333" intersection="four-way" num_lanes="4" signalized="CS" traffic_direction="TW" /><pedestrian age="adult" critical_point="8780" crossing="0" crossing_point="8824" exp_start_point="8690" gender="male" id="3_1_247" intention_prob="0.4333333333" intersection="midblock" num_lanes="3" signalized="n/a" traffic_direction="OW" /><pedestrian age="adult" critical_point="9175" crossing="0" crossing_point="9184" exp_start_point="9149" gender="female" id="3_1_260" intention_prob="0.95" intersection="four-way" num_lanes="3" signalized="CS" traffic_direction="OW" /><pedestrian age="adult" critical_point="9184" crossing="0" crossing_point="9193" exp_start_point="9161" gender="male" id="3_1_263" intention_prob="0.9" intersection="four-way" num_lanes="3" signalized="CS" traffic_direction="OW" /><pedestrian age="adult" critical_point="9154" crossing="0" crossing_point="9208" exp_start_point="9083" gender="female" id="3_1_252" intention_prob="0.7333333333" intersection="four-way" num_lanes="3" signalized="CS" traffic_direction="OW" /><pedestrian age="adult" critical_point="9147" crossing="0" crossing_point="9197" exp_start_point="9057" gender="male" id="3_1_250" intention_prob="0.9" intersection="four-way" num_lanes="3" signalized="CS" traffic_direction="OW" /><pedestrian age="adult" critical_point="7204" crossing="0" crossing_point="7247" exp_start_point="7114" gender="female" id="3_1_239" intention_prob="0.8666666667" intersection="four-way" num_lanes="4" signalized="CS" traffic_direction="OW" /><pedestrian age="adult" critical_point="8705" crossing="0" crossing_point="8720" exp_start_point="8638" gender="male" id="3_1_246" intention_prob="0.9833333333" intersection="four-way" num_lanes="3" signalized="CS" traffic_direction="OW" /><pedestrian age="adult" critical_point="4340" crossing="-1" crossing_point="4424" exp_start_point="4250" gender="male" id="3_1_236" intention_prob="0.4833333333" intersection="four-way" num_lanes="4" signalized="CS" traffic_direction="OW" /><pedestrian age="adult" critical_point="16842" crossing="-1" crossing_point="16862" exp_start_point="16752" gender="male" id="3_1_269" intention_prob="0.6666666667" intersection="midblock" num_lanes="3" signalized="n/a" traffic_direction="OW" /><pedestrian age="adult" critical_point="9173" crossing="0" crossing_point="9178" exp_start_point="9123" gender="male" id="3_1_264" intention_prob="0.8166666667" intersection="four-way" num_lanes="3" signalized="CS" traffic_direction="OW" /><pedestrian age="adult" critical_point="7330" crossing="0" crossing_point="7375" exp_start_point="7217" gender="male" id="3_1_242" intention_prob="0.95" intersection="four-way" num_lanes="3" signalized="CS" traffic_direction="OW" /><pedestrian age="adult" critical_point="9155" crossing="0" crossing_point="9202" exp_start_point="9065" gender="female" id="3_1_251" intention_prob="0.8333333333" intersection="four-way" num_lanes="3" signalized="CS" traffic_direction="OW" /><pedestrian age="adult" critical_point="3249" crossing="0" crossing_point="3271" exp_start_point="3159" gender="male" id="3_1_230" intention_prob="0.8833333333" intersection="midblock" num_lanes="3" signalized="n/a" traffic_direction="OW" /><pedestrian age="adult" critical_point="9136" crossing="0" crossing_point="9192" exp_start_point="9046" gender="female" id="3_1_249" intention_prob="0.8833333333" intersection="four-way" num_lanes="3" signalized="CS" traffic_direction="OW" /><pedestrian age="adult" critical_point="8565" crossing="0" crossing_point="8617" exp_start_point="8475" gender="male" id="3_1_243" intention_prob="0.85" intersection="four-way" num_lanes="3" signalized="CS" traffic_direction="OW" /><pedestrian age="adult" critical_point="8540" crossing="0" crossing_point="8619" exp_start_point="8460" gender="male" id="3_1_244" intention_prob="0.8333333333" intersection="four-way" num_lanes="3" signalized="CS" traffic_direction="OW" /><pedestrian age="adult" critical_point="3470" crossing="0" crossing_point="3496" exp_start_point="3380" gender="female" id="3_1_234" intention_prob="0.8833333333" intersection="four-way" num_lanes="3" signalized="CS" traffic_direction="OW" /><pedestrian age="adult" critical_point="8705" crossing="0" crossing_point="8717" exp_start_point="8608" gender="male" id="3_1_245" intention_prob="1" intersection="four-way" num_lanes="3" signalized="CS" traffic_direction="OW" /><pedestrian age="adult" critical_point="1833" crossing="0" crossing_point="1864" exp_start_point="1758" gender="male" id="3_1_222" intention_prob="0.9333333333" intersection="four-way" num_lanes="4" signalized="CS" traffic_direction="TW" /><pedestrian age="adult" critical_point="9076" crossing="0" crossing_point="9086" exp_start_point="8986" gender="male" id="3_1_248" intention_prob="0.3833333333" intersection="midblock" num_lanes="3" signalized="n/a" traffic_direction="OW" /><pedestrian age="adult" critical_point="2825" crossing="0" crossing_point="2839" exp_start_point="2785" gender="female" id="3_1_227" intention_prob="0.9833333333" intersection="four-way" num_lanes="4" signalized="CS" traffic_direction="TW" /><pedestrian age="adult" critical_point="2817" crossing="0" crossing_point="2839" exp_start_point="2727" gender="male" id="3_1_229" intention_prob="0.85" intersection="four-way" num_lanes="4" signalized="CS" traffic_direction="TW" /></ped_attributes>