<ped_attributes><pedestrian age="adult" critical_point="6789" crossing="-1" crossing_point="6883" exp_start_point="6699" gender="male" id="3_13_811" intention_prob="0.0166666667" intersection="midblock" num_lanes="4" signalized="n/a" traffic_direction="TW" /><pedestrian age="adult" critical_point="736" crossing="0" crossing_point="785" exp_start_point="629" gender="female" id="3_13_807" intention_prob="0.65" intersection="four-way" num_lanes="4" signalized="CS" traffic_direction="TW" /><pedestrian age="adult" critical_point="18461" crossing="1" crossing_point="18500" exp_start_point="18371" gender="male" id="3_13_813" intention_prob="0.8666666667" intersection="four-way" num_lanes="4" signalized="CS" traffic_direction="TW" /><pedestrian age="adult" critical_point="18595" crossing="1" crossing_point="18602" exp_start_point="18525" gender="female" id="3_13_814" intention_prob="0.9833333333" intersection="four-way" num_lanes="4" signalized="CS" traffic_direction="TW" /><pedestrian age="adult" critical_point="805" crossing="0" crossing_point="825" exp_start_point="792" gender="female" id="3_13_805" intention_prob="0.6166666667" intersection="four-way" num_lanes="4" signalized="CS" traffic_direction="TW" /><pedestrian age="adult" critical_point="6689" crossing="-1" crossing_point="6776" exp_start_point="6599" gender="female" id="3_13_810" intention_prob="0.15" intersection="midblock" num_lanes="4" signalized="n/a" traffic_direction="TW" /><pedestrian age="adult" critical_point="805" crossing="0" crossing_point="837" exp_start_point="785" gender="male" id="3_13_804" intention_prob="0.8833333333" intersection="four-way" num_lanes="4" signalized="CS" traffic_direction="TW" /><pedestrian age="adult" critical_point="20423" crossing="-1" crossing_point="20604" exp_start_point="20390" gender="male" id="3_13_812" intention_prob="0.1333333333" intersection="midblock" num_lanes="4" signalized="n/a" traffic_direction="TW" /><pedestrian age="adult" critical_point="808" crossing="0" crossing_point="844" exp_start_point="791" gender="male" id="3_13_806" intention_prob="0.6833333333" intersection="four-way" num_lanes="4" signalized="CS" traffic_direction="TW" /><pedestrian age="senior" critical_point="4320" crossing="-1" crossing_point="4436" exp_start_point="4230" gender="female" id="3_13_808" intention_prob="0.05" intersection="midblock" num_lanes="4" signalized="n/a" traffic_direction="TW" /><pedestrian age="adult" critical_point="4630" crossing="-1" crossing_point="5067" exp_start_point="4540" gender="male" id="3_13_809" intention_prob="0.4" intersection="midblock" num_lanes="4" signalized="n/a" traffic_direction="TW" /></ped_attributes>