<ped_attributes><pedestrian age="adult" critical_point="16080" crossing="0" crossing_point="16105" exp_start_point="15990" gender="female" id="3_18_985" intention_prob="0.9333333333" intersection="four-way" num_lanes="4" signalized="CS" traffic_direction="TW" /><pedestrian age="adult" critical_point="15468" crossing="0" crossing_point="15498" exp_start_point="15378" gender="male" id="3_18_980" intention_prob="0.8833333333" intersection="four-way" num_lanes="4" signalized="CS" traffic_direction="TW" /><pedestrian age="adult" critical_point="12614" crossing="0" crossing_point="12635" exp_start_point="12524" gender="male" id="3_18_972" intention_prob="0.8666666667" intersection="T-right" num_lanes="4" signalized="CS" traffic_direction="TW" /><pedestrian age="adult" critical_point="16080" crossing="0" crossing_point="16087" exp_start_point="16024" gender="female" id="3_18_983" intention_prob="0.8333333333" intersection="four-way" num_lanes="4" signalized="CS" traffic_direction="TW" /><pedestrian age="adult" critical_point="12660" crossing="0" crossing_point="12681" exp_start_point="12576" gender="female" id="3_18_973" intention_prob="0.95" intersection="T-right" num_lanes="4" signalized="CS" traffic_direction="TW" /><pedestrian age="adult" critical_point="16076" crossing="0" crossing_point="16096" exp_start_point="16038" gender="male" id="3_18_982" intention_prob="0.9666666667" intersection="four-way" num_lanes="4" signalized="CS" traffic_direction="TW" /><pedestrian age="adult" critical_point="16080" crossing="0" crossing_point="16090" exp_start_point="16021" gender="female" id="3_18_984" intention_prob="0.75" intersection="four-way" num_lanes="4" signalized="CS" traffic_direction="TW" /><pedestrian age="adult" critical_point="9595" crossing="1" crossing_point="9601" exp_start_point="9505" gender="male" id="3_18_969" intention_prob="0.9" intersection="four-way" num_lanes="4" signalized="CS" traffic_direction="TW" /><pedestrian age="adult" critical_point="14655" crossing="0" crossing_point="14673" exp_start_point="14420" gender="male" id="3_18_976" intention_prob="0.7666666667" intersection="four-way" num_lanes="4" signalized="CS" traffic_direction="TW" /><pedestrian age="adult" critical_point="17870" crossing="0" crossing_point="17891" exp_start_point="17797" gender="female" id="3_18_987" intention_prob="0.9333333333" intersection="four-way" num_lanes="4" signalized="CS" traffic_direction="TW" /><pedestrian age="adult" critical_point="14620" crossing="0" crossing_point="14704" exp_start_point="14530" gender="male" id="3_18_975" intention_prob="0.8833333333" intersection="four-way" num_lanes="4" signalized="CS" traffic_direction="TW" /><pedestrian age="adult" critical_point="9733" crossing="1" crossing_point="9739" exp_start_point="9643" gender="male" id="3_18_970" intention_prob="0.5833333333" intersection="four-way" num_lanes="4" signalized="CS" traffic_direction="TW" /><pedestrian age="senior" critical_point="11925" crossing="-1" crossing_point="11944" exp_start_point="11835" gender="male" id="3_18_971" intention_prob="0.4" intersection="midblock" num_lanes="4" signalized="n/a" traffic_direction="TW" /><pedestrian age="adult" critical_point="14717" crossing="0" crossing_point="14752" exp_start_point="14627" gender="male" id="3_18_977" intention_prob="0.9833333333" intersection="four-way" num_lanes="4" signalized="CS" traffic_direction="TW" /><pedestrian age="adult" critical_point="15463" crossing="-1" crossing_point="15486" exp_start_point="15373" gender="female" id="3_18_979" intention_prob="0.4" intersection="four-way" num_lanes="4" signalized="CS" traffic_direction="TW" /><pedestrian age="adult" critical_point="15051" crossing="0" crossing_point="15146" exp_start_point="15002" gender="male" id="3_18_978" intention_prob="0.7" intersection="midblock" num_lanes="4" signalized="n/a" traffic_direction="TW" /><pedestrian age="adult" critical_point="17870" crossing="0" crossing_point="17894" exp_start_point="17787" gender="male" id="3_18_986" intention_prob="0.9333333333" intersection="four-way" num_lanes="4" signalized="CS" traffic_direction="TW" /><pedestrian age="adult" critical_point="14647" crossing="0" crossing_point="14668" exp_start_point="14557" gender="male" id="3_18_974" intention_prob="0.7833333333" intersection="four-way" num_lanes="4" signalized="CS" traffic_direction="TW" /><pedestrian age="adult" critical_point="16076" crossing="0" crossing_point="16094" exp_start_point="16016" gender="female" id="3_18_981" intention_prob="0.85" intersection="four-way" num_lanes="4" signalized="CS" traffic_direction="TW" /></ped_attributes>