<ped_attributes><pedestrian age="adult" critical_point="12680" crossing="0" crossing_point="12705" exp_start_point="12590" gender="female" id="3_17_968" intention_prob="0.8" intersection="midblock" num_lanes="4" signalized="n/a" traffic_direction="TW" /><pedestrian age="adult" critical_point="177" crossing="-1" crossing_point="328" exp_start_point="87" gender="female" id="3_17_948" intention_prob="0.7333333333" intersection="midblock" num_lanes="4" signalized="S" traffic_direction="TW" /><pedestrian age="adult" critical_point="9564" crossing="-1" crossing_point="9832" exp_start_point="9474" gender="female" id="3_17_962" intention_prob="0.4833333333" intersection="T-left" num_lanes="2" signalized="CS" traffic_direction="OW" /><pedestrian age="adult" critical_point="11115" crossing="-1" crossing_point="11231" exp_start_point="11025" gender="female" id="3_17_964" intention_prob="0.2166666667" intersection="four-way" num_lanes="1" signalized="CS" traffic_direction="OW" /><pedestrian age="adult" critical_point="3638" crossing="0" crossing_point="3684" exp_start_point="3548" gender="female" id="3_17_955" intention_prob="1" intersection="T-left" num_lanes="4" signalized="CS" traffic_direction="TW" /><pedestrian age="adult" critical_point="189" crossing="-1" crossing_point="371" exp_start_point="158" gender="female" id="3_17_949" intention_prob="0.7833333333" intersection="midblock" num_lanes="4" signalized="S" traffic_direction="TW" /><pedestrian age="adult" critical_point="2377" crossing="0" crossing_point="2423" exp_start_point="2287" gender="female" id="3_17_951" intention_prob="0.8166666667" intersection="four-way" num_lanes="4" signalized="CS" traffic_direction="TW" /><pedestrian age="adult" critical_point="11071" crossing="1" crossing_point="11075" exp_start_point="10981" gender="female" id="3_17_966" intention_prob="0.95" intersection="four-way" num_lanes="1" signalized="CS" traffic_direction="OW" /><pedestrian age="adult" critical_point="5058" crossing="0" crossing_point="5081" exp_start_point="5024" gender="male" id="3_17_957" intention_prob="0.95" intersection="T-left" num_lanes="4" signalized="CS" traffic_direction="TW" /><pedestrian age="adult" critical_point="11115" crossing="-1" crossing_point="11230" exp_start_point="11025" gender="female" id="3_17_965" intention_prob="0.2666666667" intersection="four-way" num_lanes="1" signalized="CS" traffic_direction="OW" /><pedestrian age="adult" critical_point="5278" crossing="0" crossing_point="5299" exp_start_point="5188" gender="male" id="3_17_959" intention_prob="0.3833333333" intersection="midblock" num_lanes="4" signalized="n/a" traffic_direction="TW" /><pedestrian age="adult" critical_point="13143" crossing="0" crossing_point="13160" exp_start_point="13053" gender="female" id="3_17_967" intention_prob="0.5" intersection="midblock" num_lanes="4" signalized="n/a" traffic_direction="TW" /><pedestrian age="adult" critical_point="2998" crossing="-1" crossing_point="3019" exp_start_point="2926" gender="male" id="3_17_954" intention_prob="0.1166666667" intersection="midblock" num_lanes="4" signalized="n/a" traffic_direction="TW" /><pedestrian age="adult" critical_point="9667" crossing="1" crossing_point="9697" exp_start_point="9596" gender="male" id="3_17_963" intention_prob="0.9666666667" intersection="T-left" num_lanes="2" signalized="CS" traffic_direction="OW" /><pedestrian age="adult" critical_point="2623" crossing="0" crossing_point="2665" exp_start_point="2575" gender="female" id="3_17_952" intention_prob="0.15" intersection="midblock" num_lanes="4" signalized="n/a" traffic_direction="TW" /><pedestrian age="adult" critical_point="5385" crossing="-1" crossing_point="5401" exp_start_point="5295" gender="female" id="3_17_958" intention_prob="0.4" intersection="T-right" num_lanes="4" signalized="n/a" traffic_direction="TW" /><pedestrian age="adult" critical_point="2994" crossing="-1" crossing_point="3016" exp_start_point="2919" gender="male" id="3_17_953" intention_prob="0.1666666667" intersection="midblock" num_lanes="4" signalized="n/a" traffic_direction="TW" /><pedestrian age="adult" critical_point="2323" crossing="0" crossing_point="2378" exp_start_point="2212" gender="female" id="3_17_950" intention_prob="0.7" intersection="four-way" num_lanes="4" signalized="CS" traffic_direction="TW" /><pedestrian age="adult" critical_point="8076" crossing="-1" crossing_point="8095" exp_start_point="8005" gender="male" id="3_17_960" intention_prob="0.3666666667" intersection="midblock" num_lanes="4" signalized="n/a" traffic_direction="TW" /><pedestrian age="adult" critical_point="5055" crossing="0" crossing_point="5079" exp_start_point="4965" gender="female" id="3_17_956" intention_prob="0.9" intersection="T-left" num_lanes="4" signalized="CS" traffic_direction="TW" /><pedestrian age="adult" critical_point="9567" crossing="1" crossing_point="9603" exp_start_point="9496" gender="male" id="3_17_961" intention_prob="0.8333333333" intersection="T-left" num_lanes="2" signalized="CS" traffic_direction="OW" /></ped_attributes>