<ped_attributes><pedestrian age="adult" critical_point="5881" crossing="-1" crossing_point="5907" exp_start_point="5802" gender="male" id="3_5_402" intention_prob="0.4333333333" intersection="midblock" num_lanes="2" signalized="n/a" traffic_direction="OW" /><pedestrian age="adult" critical_point="17970" crossing="0" crossing_point="18001" exp_start_point="17880" gender="male" id="3_5_428" intention_prob="0.45" intersection="midblock" num_lanes="2" signalized="CS" traffic_direction="TW" /><pedestrian age="adult" critical_point="17908" crossing="0" crossing_point="17931" exp_start_point="17818" gender="male" id="3_5_427" intention_prob="0.9666666667" intersection="four-way" num_lanes="6" signalized="CS" traffic_direction="TW" /><pedestrian age="adult" critical_point="2998" crossing="1" crossing_point="3030" exp_start_point="2956" gender="female" id="3_5_398" intention_prob="0.8333333333" intersection="four-way" num_lanes="4" signalized="CS" traffic_direction="TW" /><pedestrian age="adult" critical_point="11486" crossing="0" crossing_point="11515" exp_start_point="11449" gender="female" id="3_5_414" intention_prob="0.7666666667" intersection="four-way" num_lanes="2" signalized="CS" traffic_direction="OW" /><pedestrian age="adult" critical_point="11665" crossing="1" crossing_point="11606" exp_start_point="11579" gender="female" id="3_5_417" intention_prob="0.8" intersection="midblock" num_lanes="2" signalized="n/a" traffic_direction="OW" /><pedestrian age="adult" critical_point="9936" crossing="1" crossing_point="9946" exp_start_point="9899" gender="male" id="3_5_407" intention_prob="0.9" intersection="T-left" num_lanes="2" signalized="n/a" traffic_direction="OW" /><pedestrian age="adult" critical_point="2749" crossing="0" crossing_point="2811" exp_start_point="2659" gender="male" id="3_5_393" intention_prob="0.8666666667" intersection="T-right" num_lanes="2" signalized="n/a" traffic_direction="OW" /><pedestrian age="adult" critical_point="13195" crossing="1" crossing_point="13251" exp_start_point="13105" gender="female" id="3_5_420" intention_prob="0.9166666667" intersection="T-left" num_lanes="4" signalized="CS" traffic_direction="TW" /><pedestrian age="adult" critical_point="2500" crossing="0" crossing_point="2536" exp_start_point="2440" gender="female" id="3_5_389" intention_prob="0.9833333333" intersection="four-way" num_lanes="4" signalized="CS" traffic_direction="TW" /><pedestrian age="adult" critical_point="9304" crossing="-1" crossing_point="9346" exp_start_point="9224" gender="female" id="3_5_406" intention_prob="0.1833333333" intersection="midblock" num_lanes="2" signalized="n/a" traffic_direction="OW" /><pedestrian age="adult" critical_point="11846" crossing="-1" crossing_point="11877" exp_start_point="11811" gender="male" id="3_5_418" intention_prob="0.1833333333" intersection="midblock" num_lanes="2" signalized="n/a" traffic_direction="OW" /><pedestrian age="adult" critical_point="15390" crossing="-1" crossing_point="15434" exp_start_point="15300" gender="female" id="3_5_421" intention_prob="0.0333333333" intersection="midblock" num_lanes="4" signalized="n/a" traffic_direction="TW" /><pedestrian age="adult" critical_point="5884" crossing="-1" crossing_point="5932" exp_start_point="5794" gender="male" id="3_5_401" intention_prob="0.25" intersection="midblock" num_lanes="2" signalized="n/a" traffic_direction="OW" /><pedestrian age="adult" critical_point="17902" crossing="0" crossing_point="17925" exp_start_point="17812" gender="female" id="3_5_426" intention_prob="0.8833333333" intersection="four-way" num_lanes="6" signalized="CS" traffic_direction="TW" /><pedestrian age="adult" critical_point="3141" crossing="1" crossing_point="3162" exp_start_point="3017" gender="male" id="3_5_397" intention_prob="1" intersection="four-way" num_lanes="4" signalized="CS" traffic_direction="TW" /><pedestrian age="adult" critical_point="3981" crossing="-1" crossing_point="4020" exp_start_point="3891" gender="male" id="3_5_400" intention_prob="0.7666666667" intersection="midblock" num_lanes="2" signalized="n/a" traffic_direction="TW" /><pedestrian age="adult" critical_point="13197" crossing="1" crossing_point="13327" exp_start_point="13107" gender="male" id="3_5_419" intention_prob="0.5833333333" intersection="T-left" num_lanes="4" signalized="CS" traffic_direction="TW" /><pedestrian age="adult" critical_point="3142" crossing="1" crossing_point="3160" exp_start_point="3013" gender="male" id="3_5_396" intention_prob="0.9666666667" intersection="four-way" num_lanes="4" signalized="CS" traffic_direction="TW" /><pedestrian age="adult" critical_point="16516" crossing="0" crossing_point="16558" exp_start_point="16426" gender="female" id="3_5_422" intention_prob="0.9666666667" intersection="four-way" num_lanes="4" signalized="CS" traffic_direction="TW" /><pedestrian age="adult" critical_point="17454" crossing="0" crossing_point="17479" exp_start_point="17364" gender="female" id="3_5_423" intention_prob="0.6333333333" intersection="midblock" num_lanes="3" signalized="n/a" traffic_direction="OW" /><pedestrian age="adult" critical_point="7124" crossing="0" crossing_point="7142" exp_start_point="7091" gender="female" id="3_5_404" intention_prob="0.95" intersection="midblock" num_lanes="2" signalized="n/a" traffic_direction="OW" /><pedestrian age="adult" critical_point="11664" crossing="0" crossing_point="11719" exp_start_point="11607" gender="male" id="3_5_416" intention_prob="0.7" intersection="midblock" num_lanes="2" signalized="n/a" traffic_direction="OW" /><pedestrian age="adult" critical_point="8791" crossing="0" crossing_point="8826" exp_start_point="8701" gender="female" id="3_5_405" intention_prob="0.8666666667" intersection="midblock" num_lanes="4" signalized="n/a" traffic_direction="TW" /><pedestrian age="adult" critical_point="17454" crossing="0" crossing_point="17481" exp_start_point="17396" gender="female" id="3_5_424" intention_prob="0.5833333333" intersection="midblock" num_lanes="3" signalized="n/a" traffic_direction="OW" /><pedestrian age="adult" critical_point="2659" crossing="-1" crossing_point="2677" exp_start_point="2645" gender="male" id="3_5_394" intention_prob="0.1166666667" intersection="midblock" num_lanes="2" signalized="n/a" traffic_direction="OW" /><pedestrian age="adult" critical_point="9209" crossing="-1" crossing_point="9244" exp_start_point="9119" gender="female" id="3_5_408" intention_prob="0.8666666667" intersection="T-right" num_lanes="2" signalized="C" traffic_direction="OW" /><pedestrian age="adult" critical_point="2500" crossing="0" crossing_point="2534" exp_start_point="2440" gender="female" id="3_5_390" intention_prob="0.9166666667" intersection="four-way" num_lanes="4" signalized="CS" traffic_direction="TW" /><pedestrian age="adult" critical_point="1621" crossing="0" crossing_point="1703" exp_start_point="1531" gender="male" id="3_5_384" intention_prob="0.7833333333" intersection="four-way" num_lanes="4" signalized="CS" traffic_direction="TW" /><pedestrian age="adult" critical_point="2495" crossing="0" crossing_point="2526" exp_start_point="2405" gender="male" id="3_5_386" intention_prob="0.4833333333" intersection="four-way" num_lanes="4" signalized="CS" traffic_direction="TW" /><pedestrian age="adult" critical_point="11623" crossing="-1" crossing_point="11657" exp_start_point="11533" gender="female" id="3_5_415" intention_prob="0.1666666667" intersection="midblock" num_lanes="2" signalized="n/a" traffic_direction="OW" /><pedestrian age="adult" critical_point="3243" crossing="0" crossing_point="3333" exp_start_point="3109" gender="female" id="3_5_399" intention_prob="0.7666666667" intersection="four-way" num_lanes="2" signalized="CS" traffic_direction="OW" /><pedestrian age="adult" critical_point="10350" crossing="1" crossing_point="10352" exp_start_point="10329" gender="male" id="3_5_412" intention_prob="0.9333333333" intersection="T-right" num_lanes="2" signalized="CS" traffic_direction="OW" /><pedestrian age="adult" critical_point="2747" crossing="-1" crossing_point="2811" exp_start_point="2699" gender="female" id="3_5_395" intention_prob="0.4" intersection="T-right" num_lanes="2" signalized="n/a" traffic_direction="OW" /><pedestrian age="senior" critical_point="2493" crossing="0" crossing_point="2528" exp_start_point="2403" gender="female" id="3_5_385" intention_prob="0.7333333333" intersection="four-way" num_lanes="4" signalized="CS" traffic_direction="TW" /><pedestrian age="adult" critical_point="2600" crossing="0" crossing_point="2630" exp_start_point="2510" gender="male" id="3_5_391" intention_prob="0.7333333333" intersection="midblock" num_lanes="2" signalized="n/a" traffic_direction="OW" /><pedestrian age="adult" critical_point="9942" crossing="1" crossing_point="9964" exp_start_point="9913" gender="female" id="3_5_409" intention_prob="0.9833333333" intersection="T-left" num_lanes="2" signalized="n/a" traffic_direction="OW" /><pedestrian age="adult" critical_point="10875" crossing="1" crossing_point="10887" exp_start_point="10819" gender="male" id="3_5_413" intention_prob="0.7333333333" intersection="midblock" num_lanes="2" signalized="n/a" traffic_direction="OW" /><pedestrian age="adult" critical_point="6395" crossing="-1" crossing_point="6449" exp_start_point="6305" gender="male" id="3_5_403" intention_prob="0.2" intersection="midblock" num_lanes="2" signalized="n/a" traffic_direction="OW" /></ped_attributes>