<ped_attributes><pedestrian age="adult" critical_point="8216" crossing="0" crossing_point="8246" exp_start_point="8135" gender="male" id="3_14_820" intention_prob="0.95" intersection="four-way" num_lanes="4" signalized="CS" traffic_direction="TW" /><pedestrian age="adult" critical_point="8355" crossing="0" crossing_point="8434" exp_start_point="8265" gender="female" id="3_14_821" intention_prob="0.6" intersection="four-way" num_lanes="4" signalized="CS" traffic_direction="TW" /><pedestrian age="adult" critical_point="8894" crossing="-1" crossing_point="9062" exp_start_point="8804" gender="male" id="3_14_823" intention_prob="0.0333333333" intersection="midblock" num_lanes="4" signalized="n/a" traffic_direction="TW" /><pedestrian age="adult" critical_point="10430" crossing="-1" crossing_point="10513" exp_start_point="10340" gender="male" id="3_14_825" intention_prob="0.2166666667" intersection="midblock" num_lanes="4" signalized="n/a" traffic_direction="TW" /><pedestrian age="adult" critical_point="418" crossing="-1" crossing_point="503" exp_start_point="328" gender="male" id="3_14_816" intention_prob="0.05" intersection="midblock" num_lanes="4" signalized="n/a" traffic_direction="TW" /><pedestrian age="adult" critical_point="8381" crossing="0" crossing_point="8422" exp_start_point="8311" gender="female" id="3_14_822" intention_prob="0.75" intersection="four-way" num_lanes="4" signalized="CS" traffic_direction="TW" /><pedestrian age="adult" critical_point="8210" crossing="0" crossing_point="8231" exp_start_point="8120" gender="female" id="3_14_819" intention_prob="0.9333333333" intersection="four-way" num_lanes="4" signalized="CS" traffic_direction="TW" /><pedestrian age="adult" critical_point="8220" crossing="-1" crossing_point="8243" exp_start_point="8017" gender="female" id="3_14_818" intention_prob="0.3166666667" intersection="four-way" num_lanes="4" signalized="CS" traffic_direction="TW" /><pedestrian age="adult" critical_point="8355" crossing="0" crossing_point="8432" exp_start_point="8276" gender="male" id="3_14_824" intention_prob="0.6666666667" intersection="four-way" num_lanes="4" signalized="CS" traffic_direction="TW" /><pedestrian age="adult" critical_point="8214" crossing="-1" crossing_point="8238" exp_start_point="8124" gender="male" id="3_14_817" intention_prob="0.3666666667" intersection="four-way" num_lanes="4" signalized="CS" traffic_direction="TW" /><pedestrian age="adult" critical_point="13560" crossing="1" crossing_point="13948" exp_start_point="13506" gender="male" id="3_14_826" intention_prob="0.2333333333" intersection="midblock" num_lanes="4" signalized="n/a" traffic_direction="TW" /></ped_attributes>