<ped_attributes><pedestrian age="adult" critical_point="7447" crossing="1" crossing_point="7495" exp_start_point="7357" gender="male" id="3_12_750" intention_prob="0.9833333333" intersection="T" num_lanes="4" signalized="CS" traffic_direction="TW" /><pedestrian age="adult" critical_point="16507" crossing="-1" crossing_point="16515" exp_start_point="16417" gender="female" id="3_12_793" intention_prob="0.9333333333" intersection="four-way" num_lanes="4" signalized="CS" traffic_direction="TW" /><pedestrian age="adult" critical_point="530" crossing="0" crossing_point="559" exp_start_point="440" gender="male" id="3_12_725" intention_prob="0.4833333333" intersection="four-way" num_lanes="4" signalized="CS" traffic_direction="TW" /><pedestrian age="adult" critical_point="17112" crossing="0" crossing_point="17140" exp_start_point="17041" gender="male" id="3_12_800" intention_prob="0.8833333333" intersection="midblock" num_lanes="4" signalized="CS" traffic_direction="TW" /><pedestrian age="adult" critical_point="15803" crossing="0" crossing_point="15827" exp_start_point="15713" gender="female" id="3_12_780" intention_prob="0.9333333333" intersection="T-left" num_lanes="4" signalized="CS" traffic_direction="TW" /><pedestrian age="adult" critical_point="11433" crossing="0" crossing_point="11471" exp_start_point="11343" gender="female" id="3_12_767" intention_prob="0.95" intersection="four-way" num_lanes="4" signalized="CS" traffic_direction="TW" /><pedestrian age="adult" critical_point="3019" crossing="0" crossing_point="3044" exp_start_point="2929" gender="male" id="3_12_732" intention_prob="0.9666666667" intersection="four-way" num_lanes="4" signalized="CS" traffic_direction="TW" /><pedestrian age="adult" critical_point="15820" crossing="0" crossing_point="15839" exp_start_point="15770" gender="male" id="3_12_781" intention_prob="0.5666666667" intersection="T-left" num_lanes="4" signalized="CS" traffic_direction="TW" /><pedestrian age="adult" critical_point="11457" crossing="0" crossing_point="11467" exp_start_point="11367" gender="female" id="3_12_770" intention_prob="0.8666666667" intersection="four-way" num_lanes="4" signalized="CS" traffic_direction="TW" /><pedestrian age="adult" critical_point="11457" crossing="0" crossing_point="11475" exp_start_point="11362" gender="female" id="3_12_773" intention_prob="0.9833333333" intersection="four-way" num_lanes="4" signalized="CS" traffic_direction="TW" /><pedestrian age="adult" critical_point="15879" crossing="0" crossing_point="15910" exp_start_point="15820" gender="male" id="3_12_778" intention_prob="0.9" intersection="T-left" num_lanes="4" signalized="CS" traffic_direction="TW" /><pedestrian age="adult" critical_point="11357" crossing="0" crossing_point="11377" exp_start_point="11283" gender="male" id="3_12_760" intention_prob="0.9166666667" intersection="four-way" num_lanes="4" signalized="CS" traffic_direction="TW" /><pedestrian age="adult" critical_point="7447" crossing="1" crossing_point="7537" exp_start_point="7357" gender="male" id="3_12_749" intention_prob="0.9" intersection="T" num_lanes="4" signalized="CS" traffic_direction="TW" /><pedestrian age="adult" critical_point="11429" crossing="0" crossing_point="11463" exp_start_point="11339" gender="male" id="3_12_765" intention_prob="0.8" intersection="four-way" num_lanes="4" signalized="CS" traffic_direction="TW" /><pedestrian age="senior" critical_point="5415" crossing="1" crossing_point="5416" exp_start_point="5347" gender="female" id="3_12_740" intention_prob="0.9333333333" intersection="T" num_lanes="2" signalized="CS" traffic_direction="OW" /><pedestrian age="senior" critical_point="2500" crossing="0" crossing_point="2541" exp_start_point="2410" gender="male" id="3_12_723" intention_prob="0.7166666667" intersection="midblock" num_lanes="4" signalized="n/a" traffic_direction="TW" /><pedestrian age="adult" critical_point="8528" crossing="0" crossing_point="8552" exp_start_point="8438" gender="male" id="3_12_754" intention_prob="0.85" intersection="four-way" num_lanes="4" signalized="CS" traffic_direction="TW" /><pedestrian age="adult" critical_point="11439" crossing="0" crossing_point="11477" exp_start_point="11349" gender="female" id="3_12_766" intention_prob="0.95" intersection="four-way" num_lanes="4" signalized="CS" traffic_direction="TW" /><pedestrian age="adult" critical_point="3019" crossing="0" crossing_point="3035" exp_start_point="2929" gender="male" id="3_12_735" intention_prob="0.95" intersection="four-way" num_lanes="4" signalized="CS" traffic_direction="TW" /><pedestrian age="adult" critical_point="5895" crossing="1" crossing_point="5916" exp_start_point="5850" gender="male" id="3_12_743" intention_prob="0.9666666667" intersection="T" num_lanes="2" signalized="CS" traffic_direction="OW" /><pedestrian age="adult" critical_point="6922" crossing="1" crossing_point="6949" exp_start_point="6860" gender="male" id="3_12_745" intention_prob="0.8333333333" intersection="T" num_lanes="2" signalized="CS" traffic_direction="OW" /><pedestrian age="adult" critical_point="15867" crossing="0" crossing_point="15913" exp_start_point="15777" gender="female" id="3_12_782" intention_prob="0.85" intersection="T-left" num_lanes="4" signalized="CS" traffic_direction="TW" /><pedestrian age="adult" critical_point="15904" crossing="0" crossing_point="15925" exp_start_point="15867" gender="male" id="3_12_787" intention_prob="0.7666666667" intersection="T-left" num_lanes="4" signalized="CS" traffic_direction="TW" /><pedestrian age="adult" critical_point="5879" crossing="1" crossing_point="5904" exp_start_point="5816" gender="male" id="3_12_742" intention_prob="0.7333333333" intersection="T" num_lanes="2" signalized="CS" traffic_direction="OW" /><pedestrian age="adult" critical_point="11425" crossing="0" crossing_point="11466" exp_start_point="11335" gender="female" id="3_12_763" intention_prob="0.8833333333" intersection="four-way" num_lanes="4" signalized="CS" traffic_direction="TW" /><pedestrian age="adult" critical_point="3019" crossing="0" crossing_point="3049" exp_start_point="2929" gender="male" id="3_12_734" intention_prob="0.95" intersection="four-way" num_lanes="4" signalized="CS" traffic_direction="TW" /><pedestrian age="adult" critical_point="16525" crossing="0" crossing_point="16540" exp_start_point="16489" gender="male" id="3_12_792" intention_prob="0.6666666667" intersection="four-way" num_lanes="4" signalized="CS" traffic_direction="TW" /><pedestrian age="adult" critical_point="16388" crossing="0" crossing_point="16435" exp_start_point="16303" gender="male" id="3_12_788" intention_prob="0.9" intersection="four-way" num_lanes="4" signalized="CS" traffic_direction="TW" /><pedestrian age="adult" critical_point="7573" crossing="1" crossing_point="7586" exp_start_point="7483" gender="female" id="3_12_748" intention_prob="1" intersection="T" num_lanes="4" signalized="CS" traffic_direction="TW" /><pedestrian age="adult" critical_point="10616" crossing="0" crossing_point="10663" exp_start_point="10526" gender="male" id="3_12_756" intention_prob="0.6" intersection="four-way" num_lanes="4" signalized="CS" traffic_direction="TW" /><pedestrian age="adult" critical_point="15867" crossing="0" crossing_point="15909" exp_start_point="15779" gender="male" id="3_12_783" intention_prob="0.7333333333" intersection="T-left" num_lanes="4" signalized="CS" traffic_direction="TW" /><pedestrian age="adult" critical_point="17009" crossing="-1" crossing_point="17029" exp_start_point="16919" gender="male" id="3_12_797" intention_prob="0.2" intersection="midblock" num_lanes="4" signalized="n/a" traffic_direction="TW" /><pedestrian age="adult" critical_point="3019" crossing="0" crossing_point="3041" exp_start_point="2929" gender="male" id="3_12_733" intention_prob="0.85" intersection="four-way" num_lanes="4" signalized="CS" traffic_direction="TW" /><pedestrian age="adult" critical_point="16507" crossing="0" crossing_point="16536" exp_start_point="16417" gender="female" id="3_12_796" intention_prob="0.9" intersection="four-way" num_lanes="4" signalized="CS" traffic_direction="TW" /><pedestrian age="adult" critical_point="16418" crossing="-1" crossing_point="16457" exp_start_point="16328" gender="female" id="3_12_789" intention_prob="0.9833333333" intersection="four-way" num_lanes="4" signalized="CS" traffic_direction="TW" /><pedestrian age="adult" critical_point="11439" crossing="0" crossing_point="11484" exp_start_point="11349" gender="female" id="3_12_764" intention_prob="0.85" intersection="four-way" num_lanes="4" signalized="CS" traffic_direction="TW" /><pedestrian age="adult" critical_point="17935" crossing="-1" crossing_point="17979" exp_start_point="17868" gender="male" id="3_12_803" intention_prob="0.1333333333" intersection="midblock" num_lanes="4" signalized="n/a" traffic_direction="TW" /><pedestrian age="adult" critical_point="11357" crossing="0" crossing_point="11371" exp_start_point="11230" gender="female" id="3_12_759" intention_prob="0.9666666667" intersection="four-way" num_lanes="4" signalized="CS" traffic_direction="TW" /><pedestrian age="adult" critical_point="16507" crossing="0" crossing_point="16521" exp_start_point="16417" gender="female" id="3_12_794" intention_prob="0.8833333333" intersection="four-way" num_lanes="4" signalized="CS" traffic_direction="TW" /><pedestrian age="adult" critical_point="5735" crossing="1" crossing_point="5766" exp_start_point="5645" gender="male" id="3_12_741" intention_prob="0.7" intersection="T" num_lanes="2" signalized="CS" traffic_direction="OW" /><pedestrian age="adult" critical_point="4631" crossing="-1" crossing_point="4661" exp_start_point="4541" gender="male" id="3_12_739" intention_prob="0.0333333333" intersection="midblock" num_lanes="2" signalized="n/a" traffic_direction="OW" /><pedestrian age="adult" critical_point="15815" crossing="0" crossing_point="15843" exp_start_point="15713" gender="male" id="3_12_776" intention_prob="0.6166666667" intersection="T-left" num_lanes="4" signalized="CS" traffic_direction="TW" /><pedestrian age="adult" critical_point="16441" crossing="0" crossing_point="16451" exp_start_point="16424" gender="male" id="3_12_791" intention_prob="0.85" intersection="four-way" num_lanes="4" signalized="CS" traffic_direction="TW" /><pedestrian age="adult" critical_point="3699" crossing="-1" crossing_point="3718" exp_start_point="3609" gender="male" id="3_12_726" intention_prob="0.0833333333" intersection="midblock" num_lanes="4" signalized="n/a" traffic_direction="TW" /><pedestrian age="adult" critical_point="1105" crossing="0" crossing_point="1117" exp_start_point="1015" gender="male" id="3_12_721" intention_prob="0.5166666667" intersection="midblock" num_lanes="4" signalized="n/a" traffic_direction="TW" /><pedestrian age="adult" critical_point="3019" crossing="0" crossing_point="3028" exp_start_point="2929" gender="male" id="3_12_736" intention_prob="0.9666666667" intersection="four-way" num_lanes="4" signalized="CS" traffic_direction="TW" /><pedestrian age="adult" critical_point="11357" crossing="0" crossing_point="11376" exp_start_point="11279" gender="male" id="3_12_757" intention_prob="0.9333333333" intersection="four-way" num_lanes="4" signalized="CS" traffic_direction="TW" /><pedestrian age="adult" critical_point="11357" crossing="0" crossing_point="11360" exp_start_point="11297" gender="female" id="3_12_758" intention_prob="0.8166666667" intersection="four-way" num_lanes="4" signalized="CS" traffic_direction="TW" /><pedestrian age="adult" critical_point="17112" crossing="0" crossing_point="17132" exp_start_point="17041" gender="female" id="3_12_799" intention_prob="0.7666666667" intersection="midblock" num_lanes="4" signalized="CS" traffic_direction="TW" /><pedestrian age="adult" critical_point="16594" crossing="0" crossing_point="16617" exp_start_point="16504" gender="male" id="3_12_798" intention_prob="0.7166666667" intersection="midblock" num_lanes="4" signalized="n/a" traffic_direction="TW" /><pedestrian age="senior" critical_point="17129" crossing="0" crossing_point="17144" exp_start_point="17082" gender="male" id="3_12_801" intention_prob="0.8666666667" intersection="midblock" num_lanes="4" signalized="CS" traffic_direction="TW" /><pedestrian age="adult" critical_point="15895" crossing="0" crossing_point="15914" exp_start_point="15805" gender="female" id="3_12_786" intention_prob="0.9166666667" intersection="T-left" num_lanes="4" signalized="CS" traffic_direction="TW" /><pedestrian age="adult" critical_point="2955" crossing="0" crossing_point="2984" exp_start_point="2879" gender="male" id="3_12_728" intention_prob="0.9333333333" intersection="four-way" num_lanes="4" signalized="CS" traffic_direction="TW" /><pedestrian age="adult" critical_point="8520" crossing="0" crossing_point="8543" exp_start_point="8430" gender="male" id="3_12_755" intention_prob="0.9333333333" intersection="four-way" num_lanes="4" signalized="CS" traffic_direction="TW" /><pedestrian age="adult" critical_point="11422" crossing="0" crossing_point="11460" exp_start_point="11370" gender="female" id="3_12_768" intention_prob="0.75" intersection="four-way" num_lanes="4" signalized="CS" traffic_direction="TW" /><pedestrian age="adult" critical_point="15899" crossing="0" crossing_point="15919" exp_start_point="15775" gender="male" id="3_12_785" intention_prob="0.9166666667" intersection="T-left" num_lanes="4" signalized="CS" traffic_direction="TW" /><pedestrian age="adult" critical_point="16440" crossing="0" crossing_point="16455" exp_start_point="16408" gender="male" id="3_12_790" intention_prob="0.9333333333" intersection="four-way" num_lanes="4" signalized="CS" traffic_direction="TW" /><pedestrian age="senior" critical_point="15396" crossing="-1" crossing_point="15428" exp_start_point="15345" gender="female" id="3_12_775" intention_prob="0" intersection="midblock" num_lanes="4" signalized="n/a" traffic_direction="TW" /><pedestrian age="adult" critical_point="1253" crossing="-1" crossing_point="1266" exp_start_point="1214" gender="male" id="3_12_722" intention_prob="0.05" intersection="midblock" num_lanes="4" signalized="n/a" traffic_direction="TW" /><pedestrian age="adult" critical_point="11425" crossing="0" crossing_point="11463" exp_start_point="11335" gender="male" id="3_12_761" intention_prob="0.7166666667" intersection="four-way" num_lanes="4" signalized="CS" traffic_direction="TW" /><pedestrian age="adult" critical_point="7447" crossing="1" crossing_point="7491" exp_start_point="7357" gender="female" id="3_12_747" intention_prob="0.8833333333" intersection="T" num_lanes="4" signalized="CS" traffic_direction="TW" /><pedestrian age="adult" critical_point="3690" crossing="-1" crossing_point="3709" exp_start_point="3600" gender="male" id="3_12_727" intention_prob="0.1666666667" intersection="midblock" num_lanes="4" signalized="n/a" traffic_direction="TW" /><pedestrian age="adult" critical_point="15815" crossing="0" crossing_point="15845" exp_start_point="15781" gender="male" id="3_12_777" intention_prob="0.6166666667" intersection="T-left" num_lanes="4" signalized="CS" traffic_direction="TW" /><pedestrian age="senior" critical_point="8448" crossing="0" crossing_point="8469" exp_start_point="8358" gender="male" id="3_12_751" intention_prob="0.9166666667" intersection="four-way" num_lanes="4" signalized="CS" traffic_direction="TW" /><pedestrian age="adult" critical_point="11425" crossing="0" crossing_point="11458" exp_start_point="11363" gender="male" id="3_12_762" intention_prob="0.7333333333" intersection="four-way" num_lanes="4" signalized="CS" traffic_direction="TW" /><pedestrian age="adult" critical_point="15892" crossing="0" crossing_point="15922" exp_start_point="15830" gender="male" id="3_12_784" intention_prob="0.8666666667" intersection="T-left" num_lanes="4" signalized="CS" traffic_direction="TW" /><pedestrian age="adult" critical_point="17128" crossing="0" crossing_point="17127" exp_start_point="17095" gender="female" id="3_12_802" intention_prob="0.7333333333" intersection="midblock" num_lanes="4" signalized="CS" traffic_direction="TW" /><pedestrian age="adult" critical_point="8520" crossing="0" crossing_point="8543" exp_start_point="8430" gender="male" id="3_12_753" intention_prob="0.6833333333" intersection="four-way" num_lanes="4" signalized="CS" traffic_direction="TW" /><pedestrian age="adult" critical_point="7447" crossing="1" crossing_point="7483" exp_start_point="7357" gender="male" id="3_12_746" intention_prob="0.9333333333" intersection="T" num_lanes="4" signalized="CS" traffic_direction="TW" /><pedestrian age="adult" critical_point="6840" crossing="1" crossing_point="6862" exp_start_point="6750" gender="female" id="3_12_744" intention_prob="0.9666666667" intersection="T" num_lanes="2" signalized="CS" traffic_direction="OW" /><pedestrian age="adult" critical_point="15803" crossing="0" crossing_point="15836" exp_start_point="15713" gender="male" id="3_12_779" intention_prob="0.95" intersection="T-left" num_lanes="4" signalized="CS" traffic_direction="TW" /><pedestrian age="senior" critical_point="3963" crossing="1" crossing_point="3922" exp_start_point="3903" gender="female" id="3_12_738" intention_prob="0.7833333333" intersection="midblock" num_lanes="2" signalized="n/a" traffic_direction="OW" /><pedestrian age="adult" critical_point="8457" crossing="0" crossing_point="8472" exp_start_point="8367" gender="male" id="3_12_752" intention_prob="0.9333333333" intersection="four-way" num_lanes="4" signalized="CS" traffic_direction="TW" /><pedestrian age="adult" critical_point="2561" crossing="0" crossing_point="2574" exp_start_point="2471" gender="female" id="3_12_724" intention_prob="0.9333333333" intersection="four-way" num_lanes="4" signalized="CS" traffic_direction="TW" /><pedestrian age="adult" critical_point="16507" crossing="0" crossing_point="16534" exp_start_point="16417" gender="male" id="3_12_795" intention_prob="0.95" intersection="four-way" num_lanes="4" signalized="CS" traffic_direction="TW" /><pedestrian age="adult" critical_point="3796" crossing="0" crossing_point="3858" exp_start_point="3706" gender="female" id="3_12_737" intention_prob="0.9333333333" intersection="four-way" num_lanes="4" signalized="n/a" traffic_direction="TW" /><pedestrian age="adult" critical_point="2955" crossing="0" crossing_point="2956" exp_start_point="2886" gender="female" id="3_12_730" intention_prob="0.8333333333" intersection="four-way" num_lanes="4" signalized="CS" traffic_direction="TW" /><pedestrian age="adult" critical_point="2970" crossing="0" crossing_point="2991" exp_start_point="2921" gender="male" id="3_12_731" intention_prob="0.95" intersection="four-way" num_lanes="4" signalized="CS" traffic_direction="TW" /></ped_attributes>