<ped_attributes><pedestrian age="adult" critical_point="13552" crossing="1" crossing_point="13617" exp_start_point="13462" gender="female" id="3_10_671" intention_prob="0.85" intersection="four-way" num_lanes="4" signalized="CS" traffic_direction="TW" /><pedestrian age="adult" critical_point="3764" crossing="0" crossing_point="3771" exp_start_point="3682" gender="male" id="3_10_645" intention_prob="0.55" intersection="four-way" num_lanes="4" signalized="CS" traffic_direction="TW" /><pedestrian age="adult" critical_point="3348" crossing="0" crossing_point="3371" exp_start_point="3258" gender="female" id="3_10_637" intention_prob="0.8833333333" intersection="four-way" num_lanes="2" signalized="CS" traffic_direction="TW" /><pedestrian age="adult" critical_point="15980" crossing="0" crossing_point="16001" exp_start_point="15932" gender="female" id="3_10_665" intention_prob="0.5833333333" intersection="midblock" num_lanes="3" signalized="CS" traffic_direction="OW" /><pedestrian age="adult" critical_point="12157" crossing="1" crossing_point="12466" exp_start_point="12063" gender="female" id="3_10_692" intention_prob="0.8666666667" intersection="four-way" num_lanes="4" signalized="CS" traffic_direction="TW" /><pedestrian age="adult" critical_point="13638" crossing="1" crossing_point="13726" exp_start_point="13498" gender="female" id="3_10_681" intention_prob="0.8333333333" intersection="four-way" num_lanes="4" signalized="CS" traffic_direction="TW" /><pedestrian age="senior" critical_point="1573" crossing="1" crossing_point="1591" exp_start_point="1543" gender="female" id="3_10_636" intention_prob="0.95" intersection="T-left" num_lanes="4" signalized="CS" traffic_direction="TW" /><pedestrian age="adult" critical_point="12157" crossing="1" crossing_point="12561" exp_start_point="12067" gender="female" id="3_10_674" intention_prob="0.9666666667" intersection="four-way" num_lanes="4" signalized="CS" traffic_direction="TW" /><pedestrian age="adult" critical_point="2091" crossing="1" crossing_point="2157" exp_start_point="2001" gender="male" id="3_10_635" intention_prob="0.9666666667" intersection="T-left" num_lanes="2" signalized="CS" traffic_direction="TW" /><pedestrian age="adult" critical_point="3679" crossing="0" crossing_point="3692" exp_start_point="3589" gender="female" id="3_10_639" intention_prob="0.7333333333" intersection="four-way" num_lanes="4" signalized="CS" traffic_direction="TW" /><pedestrian age="senior" critical_point="3764" crossing="0" crossing_point="3821" exp_start_point="3674" gender="male" id="3_10_647" intention_prob="0.9333333333" intersection="four-way" num_lanes="4" signalized="CS" traffic_direction="TW" /><pedestrian age="adult" critical_point="3682" crossing="0" crossing_point="3704" exp_start_point="3582" gender="female" id="3_10_640" intention_prob="0.95" intersection="four-way" num_lanes="4" signalized="CS" traffic_direction="TW" /><pedestrian age="adult" critical_point="12157" crossing="1" crossing_point="12440" exp_start_point="12055" gender="female" id="3_10_673" intention_prob="0.8333333333" intersection="four-way" num_lanes="4" signalized="CS" traffic_direction="TW" /><pedestrian age="adult" critical_point="3707" crossing="0" crossing_point="3708" exp_start_point="3677" gender="female" id="3_10_641" intention_prob="0.8833333333" intersection="four-way" num_lanes="4" signalized="CS" traffic_direction="TW" /><pedestrian age="adult" critical_point="2161" crossing="1" crossing_point="2176" exp_start_point="2071" gender="male" id="3_10_634" intention_prob="0.8666666667" intersection="T-left" num_lanes="2" signalized="CS" traffic_direction="TW" /><pedestrian age="adult" critical_point="12157" crossing="1" crossing_point="12440" exp_start_point="12104" gender="male" id="3_10_684" intention_prob="0.9666666667" intersection="four-way" num_lanes="4" signalized="CS" traffic_direction="TW" /><pedestrian age="adult" critical_point="12157" crossing="1" crossing_point="12465" exp_start_point="12061" gender="male" id="3_10_688" intention_prob="0.9" intersection="four-way" num_lanes="4" signalized="CS" traffic_direction="TW" /><pedestrian age="adult" critical_point="12157" crossing="1" crossing_point="12448" exp_start_point="12063" gender="male" id="3_10_683" intention_prob="0.9833333333" intersection="four-way" num_lanes="4" signalized="CS" traffic_direction="TW" /><pedestrian age="adult" critical_point="8251" crossing="-1" crossing_point="8270" exp_start_point="8161" gender="male" id="3_10_657" intention_prob="0.0666666667" intersection="midblock" num_lanes="4" signalized="n/a" traffic_direction="TW" /><pedestrian age="adult" critical_point="840" crossing="1" crossing_point="842" exp_start_point="814" gender="female" id="3_10_632" intention_prob="0.9833333333" intersection="T" num_lanes="2" signalized="n/a" traffic_direction="OW" /><pedestrian age="adult" critical_point="3950" crossing="-1" crossing_point="3964" exp_start_point="3860" gender="male" id="3_10_649" intention_prob="0.2" intersection="midblock" num_lanes="4" signalized="n/a" traffic_direction="TW" /><pedestrian age="adult" critical_point="13552" crossing="1" crossing_point="13621" exp_start_point="13462" gender="male" id="3_10_679" intention_prob="0.85" intersection="four-way" num_lanes="4" signalized="CS" traffic_direction="TW" /><pedestrian age="adult" critical_point="15459" crossing="0" crossing_point="15483" exp_start_point="15370" gender="male" id="3_10_661" intention_prob="0.8" intersection="midblock" num_lanes="3" signalized="CS" traffic_direction="OW" /><pedestrian age="adult" critical_point="12157" crossing="1" crossing_point="12552" exp_start_point="12057" gender="female" id="3_10_689" intention_prob="0.6666666667" intersection="four-way" num_lanes="4" signalized="CS" traffic_direction="TW" /><pedestrian age="adult" critical_point="12157" crossing="0" crossing_point="12168" exp_start_point="12067" gender="female" id="3_10_670" intention_prob="0.75" intersection="four-way" num_lanes="4" signalized="CS" traffic_direction="TW" /><pedestrian age="child" critical_point="13638" crossing="1" crossing_point="13739" exp_start_point="13498" gender="female" id="3_10_682" intention_prob="0.9" intersection="four-way" num_lanes="4" signalized="CS" traffic_direction="TW" /><pedestrian age="adult" critical_point="6508" crossing="0" crossing_point="6663" exp_start_point="6418" gender="female" id="3_10_669" intention_prob="0.9166666667" intersection="four-way" num_lanes="4" signalized="CS" traffic_direction="TW" /><pedestrian age="adult" critical_point="3764" crossing="0" crossing_point="3778" exp_start_point="3680" gender="male" id="3_10_646" intention_prob="0.8833333333" intersection="four-way" num_lanes="4" signalized="CS" traffic_direction="TW" /><pedestrian age="adult" critical_point="12157" crossing="1" crossing_point="12481" exp_start_point="12060" gender="female" id="3_10_690" intention_prob="0.9166666667" intersection="four-way" num_lanes="4" signalized="CS" traffic_direction="TW" /><pedestrian age="adult" critical_point="12157" crossing="1" crossing_point="12500" exp_start_point="12067" gender="female" id="3_10_675" intention_prob="0.9666666667" intersection="four-way" num_lanes="4" signalized="CS" traffic_direction="TW" /><pedestrian age="adult" critical_point="6598" crossing="0" crossing_point="6713" exp_start_point="6508" gender="male" id="3_10_653" intention_prob="0.9833333333" intersection="four-way" num_lanes="4" signalized="CS" traffic_direction="TW" /><pedestrian age="adult" critical_point="15976" crossing="0" crossing_point="15998" exp_start_point="15903" gender="female" id="3_10_664" intention_prob="0.8333333333" intersection="midblock" num_lanes="3" signalized="CS" traffic_direction="OW" /><pedestrian age="adult" critical_point="8634" crossing="-1" crossing_point="8650" exp_start_point="8544" gender="female" id="3_10_659" intention_prob="0.0666666667" intersection="midblock" num_lanes="4" signalized="n/a" traffic_direction="TW" /><pedestrian age="adult" critical_point="1630" crossing="1" crossing_point="1632" exp_start_point="1587" gender="female" id="3_10_633" intention_prob="1" intersection="T-left" num_lanes="4" signalized="CS" traffic_direction="TW" /><pedestrian age="adult" critical_point="3762" crossing="0" crossing_point="3778" exp_start_point="3684" gender="female" id="3_10_643" intention_prob="0.6333333333" intersection="four-way" num_lanes="4" signalized="CS" traffic_direction="TW" /><pedestrian age="adult" critical_point="3710" crossing="0" crossing_point="3712" exp_start_point="3677" gender="male" id="3_10_642" intention_prob="0.9333333333" intersection="four-way" num_lanes="4" signalized="CS" traffic_direction="TW" /><pedestrian age="adult" critical_point="3794" crossing="0" crossing_point="3830" exp_start_point="3675" gender="male" id="3_10_648" intention_prob="0.4" intersection="four-way" num_lanes="4" signalized="CS" traffic_direction="TW" /><pedestrian age="adult" critical_point="15459" crossing="0" crossing_point="15475" exp_start_point="15386" gender="male" id="3_10_662" intention_prob="0.6666666667" intersection="midblock" num_lanes="3" signalized="CS" traffic_direction="OW" /><pedestrian age="adult" critical_point="6598" crossing="0" crossing_point="6638" exp_start_point="6508" gender="male" id="3_10_655" intention_prob="0.75" intersection="four-way" num_lanes="4" signalized="CS" traffic_direction="TW" /><pedestrian age="adult" critical_point="6598" crossing="0" crossing_point="6680" exp_start_point="6508" gender="male" id="3_10_654" intention_prob="0.9833333333" intersection="four-way" num_lanes="4" signalized="CS" traffic_direction="TW" /><pedestrian age="adult" critical_point="3348" crossing="0" crossing_point="3365" exp_start_point="3258" gender="female" id="3_10_638" intention_prob="0.9166666667" intersection="four-way" num_lanes="2" signalized="CS" traffic_direction="TW" /><pedestrian age="adult" critical_point="15459" crossing="0" crossing_point="15487" exp_start_point="15425" gender="male" id="3_10_663" intention_prob="0.95" intersection="midblock" num_lanes="3" signalized="CS" traffic_direction="OW" /><pedestrian age="adult" critical_point="8296" crossing="-1" crossing_point="8307" exp_start_point="8206" gender="male" id="3_10_658" intention_prob="0.0666666667" intersection="midblock" num_lanes="4" signalized="n/a" traffic_direction="TW" /><pedestrian age="adult" critical_point="4254" crossing="-1" crossing_point="4590" exp_start_point="4171" gender="male" id="3_10_651" intention_prob="0.0166666667" intersection="four-way" num_lanes="4" signalized="CS" traffic_direction="TW" /><pedestrian age="adult" critical_point="6573" crossing="0" crossing_point="6744" exp_start_point="6392" gender="male" id="3_10_656" intention_prob="0.9333333333" intersection="four-way" num_lanes="4" signalized="CS" traffic_direction="TW" /><pedestrian age="adult" critical_point="12226" crossing="1" crossing_point="12500" exp_start_point="12045" gender="male" id="3_10_691" intention_prob="0.9" intersection="four-way" num_lanes="4" signalized="CS" traffic_direction="TW" /><pedestrian age="adult" critical_point="13552" crossing="1" crossing_point="13593" exp_start_point="13462" gender="female" id="3_10_677" intention_prob="0.9" intersection="four-way" num_lanes="4" signalized="CS" traffic_direction="TW" /><pedestrian age="adult" critical_point="12157" crossing="1" crossing_point="12486" exp_start_point="12058" gender="male" id="3_10_687" intention_prob="0.9833333333" intersection="four-way" num_lanes="4" signalized="CS" traffic_direction="TW" /><pedestrian age="adult" critical_point="12157" crossing="1" crossing_point="12445" exp_start_point="12062" gender="male" id="3_10_685" intention_prob="0.9666666667" intersection="four-way" num_lanes="4" signalized="CS" traffic_direction="TW" /><pedestrian age="child" critical_point="840" crossing="1" crossing_point="883" exp_start_point="758" gender="female" id="3_10_631" intention_prob="0.95" intersection="T" num_lanes="2" signalized="n/a" traffic_direction="OW" /><pedestrian age="adult" critical_point="13552" crossing="1" crossing_point="13606" exp_start_point="13462" gender="female" id="3_10_672" intention_prob="0.8666666667" intersection="four-way" num_lanes="4" signalized="CS" traffic_direction="TW" /><pedestrian age="adult" critical_point="12266" crossing="1" crossing_point="12452" exp_start_point="12176" gender="female" id="3_10_686" intention_prob="0.95" intersection="four-way" num_lanes="4" signalized="CS" traffic_direction="TW" /><pedestrian age="adult" critical_point="13473" crossing="1" crossing_point="13489" exp_start_point="13383" gender="male" id="3_10_678" intention_prob="0.8666666667" intersection="four-way" num_lanes="4" signalized="CS" traffic_direction="TW" /><pedestrian age="adult" critical_point="3764" crossing="0" crossing_point="3781" exp_start_point="3680" gender="female" id="3_10_644" intention_prob="0.8333333333" intersection="four-way" num_lanes="4" signalized="CS" traffic_direction="TW" /><pedestrian age="adult" critical_point="4092" crossing="-1" crossing_point="4108" exp_start_point="4050" gender="male" id="3_10_650" intention_prob="0.0666666667" intersection="midblock" num_lanes="4" signalized="n/a" traffic_direction="TW" /><pedestrian age="adult" critical_point="17998" crossing="-1" crossing_point="18017" exp_start_point="17908" gender="male" id="3_10_668" intention_prob="0.4833333333" intersection="midblock" num_lanes="3" signalized="n/a" traffic_direction="OW" /><pedestrian age="adult" critical_point="14568" crossing="1" crossing_point="14573" exp_start_point="14481" gender="female" id="3_10_660" intention_prob="0.9666666667" intersection="four-way" num_lanes="4" signalized="CS" traffic_direction="TW" /><pedestrian age="adult" critical_point="16015" crossing="0" crossing_point="16028" exp_start_point="15955" gender="female" id="3_10_667" intention_prob="0.9833333333" intersection="midblock" num_lanes="3" signalized="CS" traffic_direction="OW" /><pedestrian age="adult" critical_point="13552" crossing="1" crossing_point="13647" exp_start_point="13462" gender="male" id="3_10_676" intention_prob="0.9166666667" intersection="four-way" num_lanes="4" signalized="CS" traffic_direction="TW" /><pedestrian age="senior" critical_point="840" crossing="1" crossing_point="884" exp_start_point="750" gender="female" id="3_10_630" intention_prob="1" intersection="T" num_lanes="2" signalized="n/a" traffic_direction="OW" /><pedestrian age="adult" critical_point="6216" crossing="0" crossing_point="6619" exp_start_point="6111" gender="male" id="3_10_652" intention_prob="0.75" intersection="four-way" num_lanes="4" signalized="CS" traffic_direction="TW" /><pedestrian age="adult" critical_point="16015" crossing="0" crossing_point="16026" exp_start_point="15952" gender="female" id="3_10_666" intention_prob="1" intersection="midblock" num_lanes="3" signalized="CS" traffic_direction="OW" /></ped_attributes>