<ped_attributes><pedestrian age="adult" critical_point="8634" crossing="-1" crossing_point="8653" exp_start_point="8544" gender="male" id="3_6_446" intention_prob="0.5" intersection="midblock" num_lanes="2" signalized="n/a" traffic_direction="TW" /><pedestrian age="adult" critical_point="1998" crossing="0" crossing_point="2012" exp_start_point="1969" gender="male" id="3_6_429" intention_prob="0.9666666667" intersection="four-way" num_lanes="2" signalized="CS" traffic_direction="OW" /><pedestrian age="adult" critical_point="7106" crossing="1" crossing_point="7114" exp_start_point="7065" gender="female" id="3_6_439" intention_prob="0.9666666667" intersection="four-way" num_lanes="4" signalized="CS" traffic_direction="TW" /><pedestrian age="adult" critical_point="9324" crossing="0" crossing_point="9341" exp_start_point="9263" gender="male" id="3_6_449" intention_prob="0.9333333333" intersection="T-left" num_lanes="2" signalized="CS" traffic_direction="TW" /><pedestrian age="adult" critical_point="16713" crossing="0" crossing_point="16741" exp_start_point="16652" gender="female" id="3_6_476" intention_prob="0.8833333333" intersection="four-way" num_lanes="4" signalized="CS" traffic_direction="TW" /><pedestrian age="adult" critical_point="11589" crossing="0" crossing_point="11615" exp_start_point="11499" gender="male" id="3_6_455" intention_prob="0.9333333333" intersection="midblock" num_lanes="4" signalized="CS" traffic_direction="TW" /><pedestrian age="adult" critical_point="16705" crossing="0" crossing_point="16726" exp_start_point="16615" gender="male" id="3_6_471" intention_prob="0.9833333333" intersection="four-way" num_lanes="4" signalized="CS" traffic_direction="TW" /><pedestrian age="adult" critical_point="7074" crossing="1" crossing_point="7102" exp_start_point="7003" gender="male" id="3_6_438" intention_prob="0.95" intersection="four-way" num_lanes="4" signalized="CS" traffic_direction="TW" /><pedestrian age="adult" critical_point="9319" crossing="0" crossing_point="9335" exp_start_point="9272" gender="male" id="3_6_450" intention_prob="0.8333333333" intersection="T-left" num_lanes="2" signalized="CS" traffic_direction="TW" /><pedestrian age="adult" critical_point="6817" crossing="1" crossing_point="6867" exp_start_point="6727" gender="male" id="3_6_433" intention_prob="0.9166666667" intersection="four-way" num_lanes="4" signalized="CS" traffic_direction="TW" /><pedestrian age="adult" critical_point="11595" crossing="0" crossing_point="11617" exp_start_point="11505" gender="female" id="3_6_458" intention_prob="0.95" intersection="midblock" num_lanes="4" signalized="CS" traffic_direction="TW" /><pedestrian age="adult" critical_point="8650" crossing="0" crossing_point="8673" exp_start_point="8560" gender="male" id="3_6_445" intention_prob="0.8" intersection="midblock" num_lanes="2" signalized="n/a" traffic_direction="TW" /><pedestrian age="adult" critical_point="16707" crossing="0" crossing_point="16730" exp_start_point="16661" gender="male" id="3_6_472" intention_prob="0.8166666667" intersection="four-way" num_lanes="4" signalized="CS" traffic_direction="TW" /><pedestrian age="adult" critical_point="16506" crossing="0" crossing_point="16540" exp_start_point="16406" gender="female" id="3_6_463" intention_prob="0.7" intersection="four-way" num_lanes="4" signalized="CS" traffic_direction="TW" /><pedestrian age="senior" critical_point="12369" crossing="1" crossing_point="12389" exp_start_point="12049" gender="male" id="3_6_460" intention_prob="0.6666666667" intersection="midblock" num_lanes="4" signalized="n/a" traffic_direction="TW" /><pedestrian age="adult" critical_point="16502" crossing="0" crossing_point="16542" exp_start_point="16412" gender="female" id="3_6_464" intention_prob="0.8166666667" intersection="four-way" num_lanes="4" signalized="CS" traffic_direction="TW" /><pedestrian age="adult" critical_point="16510" crossing="0" crossing_point="16549" exp_start_point="16420" gender="male" id="3_6_466" intention_prob="0.7333333333" intersection="four-way" num_lanes="4" signalized="CS" traffic_direction="TW" /><pedestrian age="adult" critical_point="16703" crossing="0" crossing_point="16732" exp_start_point="16691" gender="female" id="3_6_474" intention_prob="0.85" intersection="four-way" num_lanes="4" signalized="CS" traffic_direction="TW" /><pedestrian age="adult" critical_point="6833" crossing="1" crossing_point="6882" exp_start_point="6743" gender="female" id="3_6_443" intention_prob="0.9333333333" intersection="four-way" num_lanes="4" signalized="CS" traffic_direction="TW" /><pedestrian age="adult" critical_point="2052" crossing="0" crossing_point="2074" exp_start_point="1962" gender="male" id="3_6_432" intention_prob="0.9333333333" intersection="four-way" num_lanes="4" signalized="CS" traffic_direction="TW" /><pedestrian age="adult" critical_point="6830" crossing="1" crossing_point="6834" exp_start_point="6745" gender="female" id="3_6_437" intention_prob="1" intersection="four-way" num_lanes="4" signalized="CS" traffic_direction="TW" /><pedestrian age="adult" critical_point="11590" crossing="0" crossing_point="11615" exp_start_point="11535" gender="male" id="3_6_457" intention_prob="0.9333333333" intersection="midblock" num_lanes="4" signalized="CS" traffic_direction="TW" /><pedestrian age="adult" critical_point="9795" crossing="0" crossing_point="9815" exp_start_point="9705" gender="female" id="3_6_454" intention_prob="0.85" intersection="midblock" num_lanes="3" signalized="n/a" traffic_direction="TW" /><pedestrian age="adult" critical_point="16701" crossing="0" crossing_point="16719" exp_start_point="16659" gender="male" id="3_6_470" intention_prob="0.6666666667" intersection="four-way" num_lanes="4" signalized="CS" traffic_direction="TW" /><pedestrian age="adult" critical_point="7599" crossing="1" crossing_point="7590" exp_start_point="7509" gender="female" id="3_6_441" intention_prob="0.8166666667" intersection="four-way" num_lanes="2" signalized="CS" traffic_direction="TW" /><pedestrian age="adult" critical_point="16505" crossing="0" crossing_point="16545" exp_start_point="16415" gender="male" id="3_6_461" intention_prob="0.7" intersection="four-way" num_lanes="4" signalized="CS" traffic_direction="TW" /><pedestrian age="adult" critical_point="6821" crossing="1" crossing_point="6900" exp_start_point="6731" gender="female" id="3_6_435" intention_prob="0.8" intersection="four-way" num_lanes="4" signalized="CS" traffic_direction="TW" /><pedestrian age="adult" critical_point="16506" crossing="0" crossing_point="16543" exp_start_point="16451" gender="female" id="3_6_465" intention_prob="0.8666666667" intersection="four-way" num_lanes="4" signalized="CS" traffic_direction="TW" /><pedestrian age="adult" critical_point="6838" crossing="1" crossing_point="6877" exp_start_point="6748" gender="female" id="3_6_434" intention_prob="0.9166666667" intersection="four-way" num_lanes="4" signalized="CS" traffic_direction="TW" /><pedestrian age="adult" critical_point="8636" crossing="-1" crossing_point="8655" exp_start_point="8546" gender="male" id="3_6_447" intention_prob="0.5166666667" intersection="midblock" num_lanes="2" signalized="n/a" traffic_direction="TW" /><pedestrian age="adult" critical_point="2043" crossing="0" crossing_point="2066" exp_start_point="1953" gender="female" id="3_6_431" intention_prob="0.9333333333" intersection="four-way" num_lanes="4" signalized="CS" traffic_direction="TW" /><pedestrian age="adult" critical_point="8555" crossing="0" crossing_point="8576" exp_start_point="8491" gender="female" id="3_6_442" intention_prob="0.8166666667" intersection="four-way" num_lanes="4" signalized="CS" traffic_direction="TW" /><pedestrian age="adult" critical_point="1998" crossing="0" crossing_point="2018" exp_start_point="1913" gender="female" id="3_6_430" intention_prob="0.8833333333" intersection="four-way" num_lanes="4" signalized="CS" traffic_direction="TW" /><pedestrian age="adult" critical_point="8623" crossing="-1" crossing_point="8638" exp_start_point="8533" gender="male" id="3_6_444" intention_prob="0.2333333333" intersection="midblock" num_lanes="2" signalized="n/a" traffic_direction="TW" /><pedestrian age="adult" critical_point="16709" crossing="0" crossing_point="16735" exp_start_point="16622" gender="female" id="3_6_473" intention_prob="0.85" intersection="four-way" num_lanes="4" signalized="CS" traffic_direction="TW" /><pedestrian age="adult" critical_point="16709" crossing="0" crossing_point="16731" exp_start_point="16696" gender="female" id="3_6_475" intention_prob="0.7166666667" intersection="four-way" num_lanes="4" signalized="CS" traffic_direction="TW" /><pedestrian age="adult" critical_point="9331" crossing="0" crossing_point="9349" exp_start_point="9241" gender="male" id="3_6_451" intention_prob="0.8666666667" intersection="T-left" num_lanes="2" signalized="CS" traffic_direction="TW" /><pedestrian age="adult" critical_point="9331" crossing="0" crossing_point="9351" exp_start_point="9253" gender="male" id="3_6_452" intention_prob="0.7833333333" intersection="T-left" num_lanes="2" signalized="CS" traffic_direction="TW" /><pedestrian age="adult" critical_point="11582" crossing="0" crossing_point="11610" exp_start_point="11492" gender="female" id="3_6_456" intention_prob="0.8833333333" intersection="midblock" num_lanes="4" signalized="CS" traffic_direction="TW" /><pedestrian age="adult" critical_point="17537" crossing="0" crossing_point="17797" exp_start_point="17486" gender="female" id="3_6_477" intention_prob="0.95" intersection="four-way" num_lanes="4" signalized="CS" traffic_direction="TW" /><pedestrian age="adult" critical_point="7155" crossing="1" crossing_point="7156" exp_start_point="7113" gender="female" id="3_6_440" intention_prob="0.95" intersection="four-way" num_lanes="4" signalized="CS" traffic_direction="TW" /><pedestrian age="adult" critical_point="16508" crossing="0" crossing_point="16546" exp_start_point="16418" gender="female" id="3_6_462" intention_prob="0.8666666667" intersection="four-way" num_lanes="4" signalized="CS" traffic_direction="TW" /><pedestrian age="adult" critical_point="9783" crossing="0" crossing_point="9807" exp_start_point="9693" gender="male" id="3_6_453" intention_prob="0.85" intersection="midblock" num_lanes="3" signalized="n/a" traffic_direction="TW" /></ped_attributes>