<ped_attributes><pedestrian age="adult" critical_point="4596" crossing="-1" crossing_point="4640" exp_start_point="4506" gender="male" id="4_12_1563" intention_prob="0.15" intersection="midblock" num_lanes="2" signalized="n/a" traffic_direction="OW" /><pedestrian age="adult" critical_point="5489" crossing="1" crossing_point="5506" exp_start_point="5399" gender="female" id="4_12_1576" intention_prob="0.9666666667" intersection="four-way" num_lanes="2" signalized="CS" traffic_direction="OW" /><pedestrian age="adult" critical_point="12899" crossing="-1" crossing_point="12984" exp_start_point="12718" gender="male" id="4_12_1598" intention_prob="0" intersection="midblock" num_lanes="2" signalized="n/a" traffic_direction="OW" /><pedestrian age="adult" critical_point="4801" crossing="-1" crossing_point="4841" exp_start_point="4711" gender="female" id="4_12_1573" intention_prob="0.0833333333" intersection="midblock" num_lanes="2" signalized="n/a" traffic_direction="OW" /><pedestrian age="adult" critical_point="20769" crossing="-1" crossing_point="20791" exp_start_point="20679" gender="female" id="4_12_1630" intention_prob="0.2333333333" intersection="midblock" num_lanes="4" signalized="n/a" traffic_direction="TW" /><pedestrian age="adult" critical_point="3279" crossing="-1" crossing_point="3364" exp_start_point="3158" gender="female" id="4_12_1553" intention_prob="0.0333333333" intersection="midblock" num_lanes="2" signalized="n/a" traffic_direction="OW" /><pedestrian age="adult" critical_point="12822" crossing="0" crossing_point="12877" exp_start_point="12784" gender="female" id="4_12_1591" intention_prob="0.9833333333" intersection="four-way" num_lanes="2" signalized="CS" traffic_direction="OW" /><pedestrian age="adult" critical_point="18089" crossing="-1" crossing_point="18123" exp_start_point="17999" gender="female" id="4_12_1618" intention_prob="0.0166666667" intersection="midblock" num_lanes="2" signalized="n/a" traffic_direction="OW" /><pedestrian age="adult" critical_point="2852" crossing="-1" crossing_point="2941" exp_start_point="2762" gender="male" id="4_12_1554" intention_prob="0.1833333333" intersection="midblock" num_lanes="2" signalized="n/a" traffic_direction="OW" /><pedestrian age="adult" critical_point="17877" crossing="1" crossing_point="17729" exp_start_point="17745" gender="female" id="4_12_1614" intention_prob="1" intersection="T-left" num_lanes="2" signalized="n/a" traffic_direction="OW" /><pedestrian age="senior" critical_point="10607" crossing="-1" crossing_point="10670" exp_start_point="10517" gender="male" id="4_12_1585" intention_prob="0.0833333333" intersection="midblock" num_lanes="2" signalized="n/a" traffic_direction="OW" /><pedestrian age="adult" critical_point="15200" crossing="1" crossing_point="15210" exp_start_point="15142" gender="male" id="4_12_1603" intention_prob="0.95" intersection="T" num_lanes="4" signalized="CS" traffic_direction="TW" /><pedestrian age="adult" critical_point="14997" crossing="0" crossing_point="15037" exp_start_point="14907" gender="male" id="4_12_1601" intention_prob="0.8833333333" intersection="T" num_lanes="2" signalized="CS" traffic_direction="OW" /><pedestrian age="adult" critical_point="4424" crossing="0" crossing_point="4510" exp_start_point="4345" gender="female" id="4_12_1559" intention_prob="1" intersection="four-way" num_lanes="2" signalized="CS" traffic_direction="OW" /><pedestrian age="adult" critical_point="4680" crossing="-1" crossing_point="4716" exp_start_point="4590" gender="male" id="4_12_1565" intention_prob="0.0666666667" intersection="midblock" num_lanes="2" signalized="n/a" traffic_direction="OW" /><pedestrian age="adult" critical_point="17764" crossing="-1" crossing_point="17810" exp_start_point="17669" gender="female" id="4_12_1613" intention_prob="0.5166666667" intersection="T-left" num_lanes="2" signalized="n/a" traffic_direction="OW" /><pedestrian age="adult" critical_point="17363" crossing="-1" crossing_point="17415" exp_start_point="17273" gender="female" id="4_12_1609" intention_prob="0.1" intersection="midblock" num_lanes="2" signalized="n/a" traffic_direction="OW" /><pedestrian age="adult" critical_point="9174" crossing="0" crossing_point="9191" exp_start_point="9158" gender="male" id="4_12_1584" intention_prob="0.8" intersection="T" num_lanes="2" signalized="S" traffic_direction="OW" /><pedestrian age="adult" critical_point="18161" crossing="-1" crossing_point="18284" exp_start_point="18071" gender="female" id="4_12_1616" intention_prob="0.1" intersection="midblock" num_lanes="2" signalized="n/a" traffic_direction="OW" /><pedestrian age="adult" critical_point="17363" crossing="-1" crossing_point="17404" exp_start_point="17273" gender="female" id="4_12_1608" intention_prob="0.05" intersection="midblock" num_lanes="2" signalized="n/a" traffic_direction="OW" /><pedestrian age="senior" critical_point="2087" crossing="-1" crossing_point="2134" exp_start_point="1997" gender="male" id="4_12_1550" intention_prob="0.4833333333" intersection="midblock" num_lanes="2" signalized="n/a" traffic_direction="OW" /><pedestrian age="adult" critical_point="18041" crossing="-1" crossing_point="18091" exp_start_point="17951" gender="male" id="4_12_1620" intention_prob="0.1166666667" intersection="midblock" num_lanes="2" signalized="n/a" traffic_direction="OW" /><pedestrian age="adult" critical_point="18161" crossing="-1" crossing_point="18290" exp_start_point="18071" gender="male" id="4_12_1617" intention_prob="0.3166666667" intersection="midblock" num_lanes="2" signalized="n/a" traffic_direction="OW" /><pedestrian age="adult" critical_point="4674" crossing="0" crossing_point="4728" exp_start_point="4584" gender="female" id="4_12_1568" intention_prob="0.85" intersection="midblock" num_lanes="2" signalized="n/a" traffic_direction="OW" /><pedestrian age="adult" critical_point="3700" crossing="-1" crossing_point="3763" exp_start_point="3540" gender="female" id="4_12_1555" intention_prob="0" intersection="midblock" num_lanes="2" signalized="n/a" traffic_direction="OW" /><pedestrian age="adult" critical_point="20165" crossing="-1" crossing_point="20188" exp_start_point="20075" gender="female" id="4_12_1628" intention_prob="0.0333333333" intersection="midblock" num_lanes="4" signalized="n/a" traffic_direction="TW" /><pedestrian age="senior" critical_point="17354" crossing="-1" crossing_point="17402" exp_start_point="17264" gender="male" id="4_12_1610" intention_prob="0.2833333333" intersection="midblock" num_lanes="2" signalized="n/a" traffic_direction="OW" /><pedestrian age="adult" critical_point="19183" crossing="-1" crossing_point="19287" exp_start_point="19093" gender="male" id="4_12_1625" intention_prob="0.15" intersection="midblock" num_lanes="2" signalized="n/a" traffic_direction="OW" /><pedestrian age="senior" critical_point="18201" crossing="-1" crossing_point="18233" exp_start_point="18121" gender="female" id="4_12_1621" intention_prob="0.1166666667" intersection="midblock" num_lanes="2" signalized="n/a" traffic_direction="OW" /><pedestrian age="senior" critical_point="4051" crossing="1" crossing_point="4072" exp_start_point="3970" gender="male" id="4_12_1557" intention_prob="0.95" intersection="four-way" num_lanes="2" signalized="CS" traffic_direction="OW" /><pedestrian age="adult" critical_point="17701" crossing="0" crossing_point="17734" exp_start_point="17615" gender="male" id="4_12_1615" intention_prob="0.8833333333" intersection="T-left" num_lanes="2" signalized="n/a" traffic_direction="OW" /><pedestrian age="adult" critical_point="17751" crossing="-1" crossing_point="17786" exp_start_point="17669" gender="female" id="4_12_1612" intention_prob="0.4833333333" intersection="T-left" num_lanes="2" signalized="n/a" traffic_direction="OW" /><pedestrian age="adult" critical_point="16592" crossing="-1" crossing_point="16651" exp_start_point="16502" gender="male" id="4_12_1606" intention_prob="0.55" intersection="midblock" num_lanes="2" signalized="n/a" traffic_direction="OW" /><pedestrian age="senior" critical_point="5482" crossing="1" crossing_point="5487" exp_start_point="5392" gender="female" id="4_12_1575" intention_prob="0.9333333333" intersection="four-way" num_lanes="2" signalized="CS" traffic_direction="OW" /><pedestrian age="adult" critical_point="2087" crossing="-1" crossing_point="2135" exp_start_point="1997" gender="female" id="4_12_1551" intention_prob="0.55" intersection="midblock" num_lanes="2" signalized="n/a" traffic_direction="OW" /><pedestrian age="adult" critical_point="305" crossing="-1" crossing_point="468" exp_start_point="215" gender="female" id="4_12_1543" intention_prob="0.4166666667" intersection="T-right" num_lanes="4" signalized="n/a" traffic_direction="TW" /><pedestrian age="adult" critical_point="12840" crossing="-1" crossing_point="12890" exp_start_point="12750" gender="male" id="4_12_1595" intention_prob="0.05" intersection="four-way" num_lanes="2" signalized="CS" traffic_direction="OW" /><pedestrian age="senior" critical_point="1737" crossing="0" crossing_point="1758" exp_start_point="1714" gender="male" id="4_12_1549" intention_prob="0.5333333333" intersection="midblock" num_lanes="2" signalized="n/a" traffic_direction="OW" /><pedestrian age="adult" critical_point="6491" crossing="1" crossing_point="6476" exp_start_point="6380" gender="male" id="4_12_1581" intention_prob="0.9833333333" intersection="midblock" num_lanes="2" signalized="n/a" traffic_direction="OW" /><pedestrian age="adult" critical_point="18047" crossing="-1" crossing_point="18094" exp_start_point="17957" gender="male" id="4_12_1619" intention_prob="0.1" intersection="midblock" num_lanes="2" signalized="n/a" traffic_direction="OW" /><pedestrian age="adult" critical_point="20773" crossing="-1" crossing_point="20799" exp_start_point="20694" gender="female" id="4_12_1632" intention_prob="0.5" intersection="midblock" num_lanes="4" signalized="n/a" traffic_direction="TW" /><pedestrian age="senior" critical_point="18848" crossing="0" crossing_point="18901" exp_start_point="18758" gender="male" id="4_12_1624" intention_prob="0.9833333333" intersection="midblock" num_lanes="2" signalized="n/a" traffic_direction="OW" /><pedestrian age="adult" critical_point="4735" crossing="-1" crossing_point="4774" exp_start_point="4645" gender="female" id="4_12_1570" intention_prob="0.2333333333" intersection="midblock" num_lanes="2" signalized="n/a" traffic_direction="OW" /><pedestrian age="adult" critical_point="12836" crossing="-1" crossing_point="12885" exp_start_point="12681" gender="male" id="4_12_1597" intention_prob="0.55" intersection="four-way" num_lanes="2" signalized="CS" traffic_direction="OW" /><pedestrian age="adult" critical_point="4680" crossing="-1" crossing_point="4722" exp_start_point="4590" gender="male" id="4_12_1564" intention_prob="0.1" intersection="midblock" num_lanes="2" signalized="n/a" traffic_direction="OW" /><pedestrian age="senior" critical_point="4587" crossing="0" crossing_point="4629" exp_start_point="4483" gender="female" id="4_12_1562" intention_prob="0.9333333333" intersection="midblock" num_lanes="2" signalized="n/a" traffic_direction="OW" /><pedestrian age="adult" critical_point="1126" crossing="0" crossing_point="1177" exp_start_point="1036" gender="male" id="4_12_1547" intention_prob="0.9166666667" intersection="T-left" num_lanes="2" signalized="n/a" traffic_direction="OW" /><pedestrian age="adult" critical_point="16592" crossing="-1" crossing_point="16643" exp_start_point="16502" gender="male" id="4_12_1605" intention_prob="0.5833333333" intersection="midblock" num_lanes="2" signalized="n/a" traffic_direction="OW" /><pedestrian age="adult" critical_point="1485" crossing="0" crossing_point="1515" exp_start_point="1395" gender="male" id="4_12_1548" intention_prob="0.5166666667" intersection="T-left" num_lanes="2" signalized="n/a" traffic_direction="OW" /><pedestrian age="adult" critical_point="12836" crossing="-1" crossing_point="12896" exp_start_point="12681" gender="female" id="4_12_1596" intention_prob="0.6" intersection="four-way" num_lanes="2" signalized="CS" traffic_direction="OW" /><pedestrian age="adult" critical_point="20755" crossing="-1" crossing_point="20785" exp_start_point="20665" gender="female" id="4_12_1629" intention_prob="0.25" intersection="midblock" num_lanes="4" signalized="n/a" traffic_direction="TW" /><pedestrian age="senior" critical_point="6015" crossing="0" crossing_point="6069" exp_start_point="5925" gender="male" id="4_12_1578" intention_prob="0.7833333333" intersection="midblock" num_lanes="2" signalized="n/a" traffic_direction="OW" /><pedestrian age="senior" critical_point="3830" crossing="-1" crossing_point="3905" exp_start_point="3740" gender="male" id="4_12_1556" intention_prob="0.05" intersection="midblock" num_lanes="2" signalized="n/a" traffic_direction="OW" /><pedestrian age="adult" critical_point="6652" crossing="-1" crossing_point="6702" exp_start_point="6562" gender="male" id="4_12_1583" intention_prob="0.05" intersection="midblock" num_lanes="2" signalized="n/a" traffic_direction="OW" /><pedestrian age="adult" critical_point="12840" crossing="-1" crossing_point="12874" exp_start_point="12750" gender="male" id="4_12_1594" intention_prob="0.0666666667" intersection="four-way" num_lanes="2" signalized="CS" traffic_direction="OW" /><pedestrian age="senior" critical_point="12403" crossing="-1" crossing_point="12536" exp_start_point="12281" gender="male" id="4_12_1586" intention_prob="0.6833333333" intersection="four-way" num_lanes="2" signalized="CS" traffic_direction="OW" /><pedestrian age="adult" critical_point="1126" crossing="0" crossing_point="1173" exp_start_point="1036" gender="male" id="4_12_1546" intention_prob="0.9" intersection="T-left" num_lanes="2" signalized="n/a" traffic_direction="OW" /><pedestrian age="adult" critical_point="4416" crossing="-1" crossing_point="4525" exp_start_point="4296" gender="male" id="4_12_1561" intention_prob="0.15" intersection="midblock" num_lanes="2" signalized="n/a" traffic_direction="OW" /><pedestrian age="adult" critical_point="18200" crossing="-1" crossing_point="18240" exp_start_point="18177" gender="male" id="4_12_1622" intention_prob="0.0833333333" intersection="midblock" num_lanes="2" signalized="n/a" traffic_direction="OW" /><pedestrian age="adult" critical_point="4703" crossing="-1" crossing_point="4734" exp_start_point="4613" gender="male" id="4_12_1566" intention_prob="0.05" intersection="midblock" num_lanes="2" signalized="n/a" traffic_direction="OW" /><pedestrian age="adult" critical_point="12575" crossing="1" crossing_point="12595" exp_start_point="12485" gender="male" id="4_12_1589" intention_prob="1" intersection="four-way" num_lanes="2" signalized="CS" traffic_direction="OW" /><pedestrian age="adult" critical_point="5457" crossing="1" crossing_point="5446" exp_start_point="5367" gender="male" id="4_12_1574" intention_prob="0.9833333333" intersection="four-way" num_lanes="2" signalized="CS" traffic_direction="OW" /><pedestrian age="adult" critical_point="20827" crossing="0" crossing_point="20856" exp_start_point="20737" gender="male" id="4_12_1633" intention_prob="0.8833333333" intersection="four-way" num_lanes="4" signalized="CS" traffic_direction="TW" /><pedestrian age="adult" critical_point="4674" crossing="0" crossing_point="4723" exp_start_point="4584" gender="female" id="4_12_1569" intention_prob="0.8333333333" intersection="midblock" num_lanes="2" signalized="n/a" traffic_direction="OW" /><pedestrian age="adult" critical_point="12840" crossing="-1" crossing_point="12887" exp_start_point="12750" gender="male" id="4_12_1593" intention_prob="0.0333333333" intersection="four-way" num_lanes="2" signalized="CS" traffic_direction="OW" /><pedestrian age="adult" critical_point="6416" crossing="-1" crossing_point="6455" exp_start_point="6326" gender="female" id="4_12_1580" intention_prob="0.0333333333" intersection="midblock" num_lanes="2" signalized="n/a" traffic_direction="OW" /><pedestrian age="adult" critical_point="17697" crossing="0" crossing_point="17730" exp_start_point="17631" gender="male" id="4_12_1611" intention_prob="0.7666666667" intersection="T-left" num_lanes="2" signalized="n/a" traffic_direction="OW" /><pedestrian age="adult" critical_point="2300" crossing="-1" crossing_point="2333" exp_start_point="2210" gender="male" id="4_12_1552" intention_prob="0.05" intersection="midblock" num_lanes="2" signalized="n/a" traffic_direction="OW" /><pedestrian age="adult" critical_point="305" crossing="-1" crossing_point="476" exp_start_point="285" gender="female" id="4_12_1544" intention_prob="0.3833333333" intersection="T-right" num_lanes="4" signalized="n/a" traffic_direction="TW" /><pedestrian age="adult" critical_point="1148" crossing="-1" crossing_point="1198" exp_start_point="1058" gender="male" id="4_12_1545" intention_prob="0.7" intersection="T-left" num_lanes="2" signalized="n/a" traffic_direction="OW" /><pedestrian age="adult" critical_point="4723" crossing="-1" crossing_point="4753" exp_start_point="4633" gender="male" id="4_12_1571" intention_prob="0.15" intersection="midblock" num_lanes="2" signalized="n/a" traffic_direction="OW" /><pedestrian age="senior" critical_point="6033" crossing="0" crossing_point="6073" exp_start_point="5943" gender="male" id="4_12_1579" intention_prob="0.95" intersection="midblock" num_lanes="2" signalized="n/a" traffic_direction="OW" /><pedestrian age="adult" critical_point="15055" crossing="0" crossing_point="15089" exp_start_point="14965" gender="male" id="4_12_1602" intention_prob="0.9333333333" intersection="T" num_lanes="2" signalized="CS" traffic_direction="OW" /><pedestrian age="adult" critical_point="18582" crossing="-1" crossing_point="18628" exp_start_point="18492" gender="male" id="4_12_1623" intention_prob="0.1" intersection="T-left" num_lanes="2" signalized="n/a" traffic_direction="OW" /><pedestrian age="adult" critical_point="19258" crossing="-1" crossing_point="19301" exp_start_point="19168" gender="female" id="4_12_1626" intention_prob="0.1166666667" intersection="midblock" num_lanes="2" signalized="n/a" traffic_direction="OW" /><pedestrian age="adult" critical_point="19930" crossing="0" crossing_point="19971" exp_start_point="19858" gender="male" id="4_12_1627" intention_prob="0.6166666667" intersection="midblock" num_lanes="4" signalized="n/a" traffic_direction="TW" /><pedestrian age="adult" critical_point="13010" crossing="1" crossing_point="13010" exp_start_point="12983" gender="male" id="4_12_1599" intention_prob="0.9833333333" intersection="midblock" num_lanes="2" signalized="n/a" traffic_direction="OW" /><pedestrian age="senior" critical_point="15501" crossing="-1" crossing_point="15530" exp_start_point="15449" gender="male" id="4_12_1604" intention_prob="0" intersection="midblock" num_lanes="2" signalized="n/a" traffic_direction="OW" /><pedestrian age="adult" critical_point="20820" crossing="0" crossing_point="20850" exp_start_point="20730" gender="female" id="4_12_1634" intention_prob="0.9166666667" intersection="four-way" num_lanes="4" signalized="CS" traffic_direction="TW" /><pedestrian age="adult" critical_point="4424" crossing="0" crossing_point="4484" exp_start_point="4345" gender="male" id="4_12_1558" intention_prob="0.9833333333" intersection="four-way" num_lanes="2" signalized="CS" traffic_direction="OW" /><pedestrian age="child" critical_point="20773" crossing="-1" crossing_point="20796" exp_start_point="20693" gender="female" id="4_12_1631" intention_prob="0.4666666667" intersection="midblock" num_lanes="4" signalized="n/a" traffic_direction="TW" /><pedestrian age="adult" critical_point="14997" crossing="0" crossing_point="15047" exp_start_point="14727" gender="male" id="4_12_1600" intention_prob="0.9" intersection="T" num_lanes="2" signalized="CS" traffic_direction="OW" /><pedestrian age="senior" critical_point="6673" crossing="-1" crossing_point="6722" exp_start_point="6583" gender="male" id="4_12_1582" intention_prob="0.0833333333" intersection="midblock" num_lanes="2" signalized="n/a" traffic_direction="OW" /><pedestrian age="child" critical_point="12822" crossing="0" crossing_point="12894" exp_start_point="12786" gender="female" id="4_12_1590" intention_prob="0.9" intersection="four-way" num_lanes="2" signalized="CS" traffic_direction="OW" /><pedestrian age="adult" critical_point="12567" crossing="0" crossing_point="12603" exp_start_point="12492" gender="male" id="4_12_1587" intention_prob="0.95" intersection="four-way" num_lanes="2" signalized="CS" traffic_direction="OW" /><pedestrian age="adult" critical_point="16714" crossing="-1" crossing_point="16763" exp_start_point="16624" gender="male" id="4_12_1607" intention_prob="0.0833333333" intersection="midblock" num_lanes="2" signalized="n/a" traffic_direction="OW" /></ped_attributes>