<ped_attributes><pedestrian age="adult" critical_point="15356" crossing="1" crossing_point="15377" exp_start_point="15317" gender="female" id="4_2_1121" intention_prob="1" intersection="T" num_lanes="2" signalized="CS" traffic_direction="OW" /><pedestrian age="adult" critical_point="12213" crossing="1" crossing_point="12252" exp_start_point="12123" gender="female" id="4_2_1088" intention_prob="0.8666666667" intersection="T" num_lanes="4" signalized="CS" traffic_direction="TW" /><pedestrian age="adult" critical_point="4768" crossing="-1" crossing_point="4785" exp_start_point="4678" gender="male" id="4_2_1073" intention_prob="0.0833333333" intersection="midblock" num_lanes="2" signalized="n/a" traffic_direction="OW" /><pedestrian age="adult" critical_point="1509" crossing="-1" crossing_point="1535" exp_start_point="1419" gender="female" id="4_2_1050" intention_prob="0.55" intersection="midblock" num_lanes="2" signalized="n/a" traffic_direction="OW" /><pedestrian age="adult" critical_point="12686" crossing="0" crossing_point="12711" exp_start_point="12596" gender="male" id="4_2_1090" intention_prob="0.8" intersection="midblock" num_lanes="2" signalized="n/a" traffic_direction="OW" /><pedestrian age="adult" critical_point="3181" crossing="-1" crossing_point="3206" exp_start_point="3091" gender="male" id="4_2_1064" intention_prob="0.05" intersection="midblock" num_lanes="2" signalized="n/a" traffic_direction="OW" /><pedestrian age="adult" critical_point="14250" crossing="-1" crossing_point="14298" exp_start_point="14190" gender="female" id="4_2_1113" intention_prob="0.3166666667" intersection="T-left" num_lanes="2" signalized="n/a" traffic_direction="OW" /><pedestrian age="adult" critical_point="12213" crossing="1" crossing_point="12245" exp_start_point="12052" gender="male" id="4_2_1089" intention_prob="0.8666666667" intersection="T" num_lanes="4" signalized="CS" traffic_direction="TW" /><pedestrian age="adult" critical_point="2598" crossing="-1" crossing_point="2793" exp_start_point="2508" gender="male" id="4_2_1057" intention_prob="0.2166666667" intersection="T-right" num_lanes="2" signalized="CS" traffic_direction="OW" /><pedestrian age="adult" critical_point="3544" crossing="1" crossing_point="3544" exp_start_point="3454" gender="female" id="4_2_1067" intention_prob="0.9833333333" intersection="four-way" num_lanes="2" signalized="CS" traffic_direction="OW" /><pedestrian age="senior" critical_point="2890" crossing="-1" crossing_point="2929" exp_start_point="2800" gender="female" id="4_2_1063" intention_prob="0.1333333333" intersection="T-right" num_lanes="2" signalized="CS" traffic_direction="OW" /><pedestrian age="senior" critical_point="3108" crossing="-1" crossing_point="3169" exp_start_point="3018" gender="male" id="4_2_1065" intention_prob="0.4" intersection="midblock" num_lanes="2" signalized="n/a" traffic_direction="OW" /><pedestrian age="adult" critical_point="12769" crossing="1" crossing_point="12801" exp_start_point="12713" gender="male" id="4_2_1093" intention_prob="0.9" intersection="T-right" num_lanes="2" signalized="C" traffic_direction="OW" /><pedestrian age="senior" critical_point="11818" crossing="1" crossing_point="11831" exp_start_point="11780" gender="female" id="4_2_1086" intention_prob="1" intersection="T" num_lanes="2" signalized="CS" traffic_direction="OW" /><pedestrian age="adult" critical_point="14394" crossing="-1" crossing_point="14511" exp_start_point="14304" gender="male" id="4_2_1116" intention_prob="0.1666666667" intersection="T-left" num_lanes="2" signalized="n/a" traffic_direction="OW" /><pedestrian age="senior" critical_point="14676" crossing="-1" crossing_point="14739" exp_start_point="14586" gender="female" id="4_2_1118" intention_prob="0.05" intersection="midblock" num_lanes="2" signalized="n/a" traffic_direction="OW" /><pedestrian age="adult" critical_point="9843" crossing="0" crossing_point="9877" exp_start_point="9753" gender="female" id="4_2_1079" intention_prob="0.9666666667" intersection="four-way" num_lanes="2" signalized="CS" traffic_direction="OW" /><pedestrian age="senior" critical_point="10709" crossing="1" crossing_point="10796" exp_start_point="10623" gender="female" id="4_2_1082" intention_prob="0.9166666667" intersection="T" num_lanes="2" signalized="CS" traffic_direction="OW" /><pedestrian age="adult" critical_point="14049" crossing="-1" crossing_point="14089" exp_start_point="13959" gender="male" id="4_2_1108" intention_prob="0.0166666667" intersection="midblock" num_lanes="2" signalized="n/a" traffic_direction="OW" /><pedestrian age="adult" critical_point="12756" crossing="1" crossing_point="12801" exp_start_point="12708" gender="female" id="4_2_1092" intention_prob="0.8166666667" intersection="T-right" num_lanes="2" signalized="C" traffic_direction="OW" /><pedestrian age="adult" critical_point="12713" crossing="0" crossing_point="12779" exp_start_point="12623" gender="female" id="4_2_1091" intention_prob="0.8" intersection="T-right" num_lanes="2" signalized="n/a" traffic_direction="OW" /><pedestrian age="adult" critical_point="2598" crossing="-1" crossing_point="2663" exp_start_point="2508" gender="male" id="4_2_1058" intention_prob="0.4833333333" intersection="T-right" num_lanes="2" signalized="CS" traffic_direction="OW" /><pedestrian age="adult" critical_point="2643" crossing="1" crossing_point="2643" exp_start_point="2617" gender="female" id="4_2_1061" intention_prob="0.75" intersection="T-right" num_lanes="2" signalized="CS" traffic_direction="OW" /><pedestrian age="adult" critical_point="13245" crossing="1" crossing_point="13250" exp_start_point="13229" gender="male" id="4_2_1097" intention_prob="0.9833333333" intersection="midblock" num_lanes="2" signalized="n/a" traffic_direction="OW" /><pedestrian age="adult" critical_point="3886" crossing="-1" crossing_point="3929" exp_start_point="3757" gender="male" id="4_2_1068" intention_prob="0.1" intersection="midblock" num_lanes="2" signalized="n/a" traffic_direction="OW" /><pedestrian age="adult" critical_point="4026" crossing="-1" crossing_point="4047" exp_start_point="3936" gender="female" id="4_2_1069" intention_prob="0" intersection="midblock" num_lanes="2" signalized="n/a" traffic_direction="OW" /><pedestrian age="adult" critical_point="14101" crossing="-1" crossing_point="14153" exp_start_point="14011" gender="male" id="4_2_1110" intention_prob="0.1833333333" intersection="midblock" num_lanes="2" signalized="n/a" traffic_direction="OW" /><pedestrian age="senior" critical_point="7877" crossing="-1" crossing_point="7905" exp_start_point="7787" gender="female" id="4_2_1077" intention_prob="0.2333333333" intersection="midblock" num_lanes="2" signalized="n/a" traffic_direction="TW" /><pedestrian age="adult" critical_point="14354" crossing="-1" crossing_point="14486" exp_start_point="14264" gender="male" id="4_2_1115" intention_prob="0.2333333333" intersection="T-left" num_lanes="2" signalized="n/a" traffic_direction="OW" /><pedestrian age="senior" critical_point="5325" crossing="-1" crossing_point="5343" exp_start_point="5235" gender="male" id="4_2_1074" intention_prob="0.15" intersection="midblock" num_lanes="2" signalized="n/a" traffic_direction="TW" /><pedestrian age="adult" critical_point="9843" crossing="0" crossing_point="9870" exp_start_point="9753" gender="female" id="4_2_1080" intention_prob="0.9333333333" intersection="four-way" num_lanes="2" signalized="CS" traffic_direction="OW" /><pedestrian age="adult" critical_point="9829" crossing="0" crossing_point="9866" exp_start_point="9739" gender="female" id="4_2_1078" intention_prob="0.95" intersection="four-way" num_lanes="2" signalized="CS" traffic_direction="OW" /><pedestrian age="adult" critical_point="13782" crossing="-1" crossing_point="13815" exp_start_point="13618" gender="female" id="4_2_1105" intention_prob="0.6666666667" intersection="T-left" num_lanes="2" signalized="n/a" traffic_direction="OW" /><pedestrian age="adult" critical_point="11156" crossing="1" crossing_point="11202" exp_start_point="11066" gender="male" id="4_2_1083" intention_prob="0.9666666667" intersection="T" num_lanes="2" signalized="CS" traffic_direction="OW" /><pedestrian age="adult" critical_point="15372" crossing="1" crossing_point="15389" exp_start_point="15282" gender="male" id="4_2_1120" intention_prob="1" intersection="T" num_lanes="2" signalized="CS" traffic_direction="OW" /><pedestrian age="adult" critical_point="2535" crossing="1" crossing_point="2535" exp_start_point="2516" gender="male" id="4_2_1059" intention_prob="0.7833333333" intersection="T-right" num_lanes="2" signalized="CS" traffic_direction="OW" /><pedestrian age="adult" critical_point="13877" crossing="-1" crossing_point="13920" exp_start_point="13823" gender="male" id="4_2_1106" intention_prob="0.2333333333" intersection="midblock" num_lanes="2" signalized="n/a" traffic_direction="OW" /><pedestrian age="adult" critical_point="2237" crossing="-1" crossing_point="2272" exp_start_point="2147" gender="male" id="4_2_1052" intention_prob="0.3166666667" intersection="midblock" num_lanes="2" signalized="n/a" traffic_direction="OW" /><pedestrian age="adult" critical_point="2568" crossing="1" crossing_point="2568" exp_start_point="2550" gender="female" id="4_2_1062" intention_prob="0.9333333333" intersection="T-right" num_lanes="2" signalized="CS" traffic_direction="OW" /><pedestrian age="adult" critical_point="13260" crossing="1" crossing_point="13262" exp_start_point="13243" gender="female" id="4_2_1098" intention_prob="0.95" intersection="midblock" num_lanes="2" signalized="n/a" traffic_direction="OW" /><pedestrian age="adult" critical_point="13318" crossing="1" crossing_point="13318" exp_start_point="13289" gender="female" id="4_2_1099" intention_prob="0.9" intersection="midblock" num_lanes="2" signalized="n/a" traffic_direction="OW" /><pedestrian age="adult" critical_point="12809" crossing="1" crossing_point="12812" exp_start_point="12717" gender="male" id="4_2_1094" intention_prob="0.9666666667" intersection="T-right" num_lanes="2" signalized="C" traffic_direction="OW" /><pedestrian age="adult" critical_point="13330" crossing="1" crossing_point="13349" exp_start_point="13306" gender="female" id="4_2_1100" intention_prob="0.8166666667" intersection="midblock" num_lanes="2" signalized="n/a" traffic_direction="OW" /><pedestrian age="adult" critical_point="12830" crossing="1" crossing_point="12842" exp_start_point="12740" gender="male" id="4_2_1096" intention_prob="0.9333333333" intersection="T-right" num_lanes="2" signalized="C" traffic_direction="OW" /><pedestrian age="adult" critical_point="323" crossing="-1" crossing_point="345" exp_start_point="233" gender="male" id="4_2_1049" intention_prob="0.2" intersection="midblock" num_lanes="4" signalized="n/a" traffic_direction="TW" /><pedestrian age="adult" critical_point="13523" crossing="1" crossing_point="13529" exp_start_point="13500" gender="male" id="4_2_1102" intention_prob="0.7666666667" intersection="T-left" num_lanes="2" signalized="n/a" traffic_direction="OW" /><pedestrian age="adult" critical_point="4768" crossing="-1" crossing_point="4786" exp_start_point="4678" gender="female" id="4_2_1071" intention_prob="0.15" intersection="midblock" num_lanes="2" signalized="n/a" traffic_direction="OW" /><pedestrian age="adult" critical_point="7200" crossing="-1" crossing_point="7222" exp_start_point="7172" gender="male" id="4_2_1076" intention_prob="0.4333333333" intersection="midblock" num_lanes="2" signalized="n/a" traffic_direction="TW" /><pedestrian age="adult" critical_point="13861" crossing="-1" crossing_point="13904" exp_start_point="13771" gender="female" id="4_2_1107" intention_prob="0.0166666667" intersection="midblock" num_lanes="2" signalized="n/a" traffic_direction="OW" /><pedestrian age="adult" critical_point="7204" crossing="-1" crossing_point="7232" exp_start_point="7114" gender="female" id="4_2_1075" intention_prob="0.0333333333" intersection="midblock" num_lanes="2" signalized="n/a" traffic_direction="TW" /><pedestrian age="adult" critical_point="13560" crossing="1" crossing_point="13565" exp_start_point="13536" gender="female" id="4_2_1103" intention_prob="0.8666666667" intersection="T-left" num_lanes="2" signalized="n/a" traffic_direction="OW" /><pedestrian age="adult" critical_point="14766" crossing="-1" crossing_point="14833" exp_start_point="14676" gender="female" id="4_2_1119" intention_prob="0.0833333333" intersection="midblock" num_lanes="2" signalized="n/a" traffic_direction="OW" /><pedestrian age="adult" critical_point="14201" crossing="-1" crossing_point="14245" exp_start_point="14111" gender="male" id="4_2_1112" intention_prob="0.0833333333" intersection="midblock" num_lanes="2" signalized="n/a" traffic_direction="OW" /><pedestrian age="adult" critical_point="14254" crossing="-1" crossing_point="14302" exp_start_point="14206" gender="female" id="4_2_1114" intention_prob="0.3" intersection="T-left" num_lanes="2" signalized="n/a" traffic_direction="OW" /><pedestrian age="adult" critical_point="14042" crossing="-1" crossing_point="14080" exp_start_point="13952" gender="female" id="4_2_1109" intention_prob="0.2" intersection="midblock" num_lanes="2" signalized="n/a" traffic_direction="OW" /><pedestrian age="senior" critical_point="2624" crossing="1" crossing_point="2624" exp_start_point="2596" gender="male" id="4_2_1060" intention_prob="0.7833333333" intersection="T-right" num_lanes="2" signalized="CS" traffic_direction="OW" /><pedestrian age="adult" critical_point="2598" crossing="-1" crossing_point="2705" exp_start_point="2508" gender="female" id="4_2_1055" intention_prob="0.25" intersection="T-right" num_lanes="2" signalized="CS" traffic_direction="OW" /><pedestrian age="adult" critical_point="12086" crossing="1" crossing_point="12105" exp_start_point="11996" gender="female" id="4_2_1087" intention_prob="0.9833333333" intersection="T" num_lanes="2" signalized="CS" traffic_direction="OW" /><pedestrian age="adult" critical_point="11713" crossing="1" crossing_point="11713" exp_start_point="11678" gender="female" id="4_2_1084" intention_prob="0.9166666667" intersection="T" num_lanes="2" signalized="CS" traffic_direction="OW" /><pedestrian age="adult" critical_point="1519" crossing="0" crossing_point="1543" exp_start_point="1429" gender="male" id="4_2_1051" intention_prob="0.5833333333" intersection="midblock" num_lanes="2" signalized="n/a" traffic_direction="OW" /><pedestrian age="senior" critical_point="10709" crossing="1" crossing_point="10796" exp_start_point="10619" gender="male" id="4_2_1081" intention_prob="0.9" intersection="T" num_lanes="2" signalized="CS" traffic_direction="OW" /><pedestrian age="adult" critical_point="3259" crossing="-1" crossing_point="3597" exp_start_point="3139" gender="male" id="4_2_1066" intention_prob="0.5666666667" intersection="midblock" num_lanes="2" signalized="n/a" traffic_direction="OW" /><pedestrian age="adult" critical_point="13413" crossing="1" crossing_point="13413" exp_start_point="13371" gender="male" id="4_2_1101" intention_prob="0.9666666667" intersection="midblock" num_lanes="2" signalized="n/a" traffic_direction="OW" /><pedestrian age="adult" critical_point="4020" crossing="0" crossing_point="4041" exp_start_point="3951" gender="male" id="4_2_1070" intention_prob="0.75" intersection="midblock" num_lanes="2" signalized="n/a" traffic_direction="OW" /><pedestrian age="adult" critical_point="202" crossing="-1" crossing_point="224" exp_start_point="112" gender="male" id="4_2_1048" intention_prob="0.0666666667" intersection="midblock" num_lanes="4" signalized="n/a" traffic_direction="TW" /><pedestrian age="adult" critical_point="4750" crossing="-1" crossing_point="4820" exp_start_point="4643" gender="male" id="4_2_1085" intention_prob="0.0333333333" intersection="midblock" num_lanes="2" signalized="n/a" traffic_direction="OW" /><pedestrian age="adult" critical_point="2598" crossing="-1" crossing_point="2688" exp_start_point="2508" gender="male" id="4_2_1056" intention_prob="0.1833333333" intersection="T-right" num_lanes="2" signalized="CS" traffic_direction="OW" /></ped_attributes>