<ped_attributes><pedestrian age="adult" critical_point="4651" crossing="1" crossing_point="4689" exp_start_point="4584" gender="female" id="4_16_1716" intention_prob="0.9666666667" intersection="T-right" num_lanes="4" signalized="CS" traffic_direction="TW" /><pedestrian age="adult" critical_point="13028" crossing="0" crossing_point="13048" exp_start_point="12960" gender="female" id="4_16_1729" intention_prob="0.9" intersection="four-way" num_lanes="4" signalized="CS" traffic_direction="TW" /><pedestrian age="adult" critical_point="11794" crossing="-1" crossing_point="11826" exp_start_point="11704" gender="male" id="4_16_1719" intention_prob="0.0166666667" intersection="midblock" num_lanes="4" signalized="n/a" traffic_direction="TW" /><pedestrian age="adult" critical_point="2478" crossing="0" crossing_point="2512" exp_start_point="2331" gender="female" id="4_16_1714" intention_prob="0.9333333333" intersection="T-left" num_lanes="4" signalized="CS" traffic_direction="TW" /><pedestrian age="adult" critical_point="11986" crossing="0" crossing_point="12012" exp_start_point="11896" gender="female" id="4_16_1726" intention_prob="0.9" intersection="four-way" num_lanes="4" signalized="CS" traffic_direction="TW" /><pedestrian age="child" critical_point="13028" crossing="0" crossing_point="13047" exp_start_point="12960" gender="female" id="4_16_1730" intention_prob="0.9333333333" intersection="four-way" num_lanes="4" signalized="CS" traffic_direction="TW" /><pedestrian age="senior" critical_point="11986" crossing="0" crossing_point="12017" exp_start_point="11896" gender="male" id="4_16_1723" intention_prob="0.7" intersection="four-way" num_lanes="4" signalized="CS" traffic_direction="TW" /><pedestrian age="adult" critical_point="397" crossing="-1" crossing_point="475" exp_start_point="292" gender="female" id="4_16_1712" intention_prob="0.8166666667" intersection="four-way" num_lanes="2" signalized="CS" traffic_direction="TW" /><pedestrian age="adult" critical_point="11920" crossing="0" crossing_point="11954" exp_start_point="11854" gender="male" id="4_16_1721" intention_prob="0.9333333333" intersection="four-way" num_lanes="4" signalized="CS" traffic_direction="TW" /><pedestrian age="child" critical_point="11986" crossing="0" crossing_point="12015" exp_start_point="11896" gender="female" id="4_16_1724" intention_prob="0.7166666667" intersection="four-way" num_lanes="4" signalized="CS" traffic_direction="TW" /><pedestrian age="adult" critical_point="843" crossing="0" crossing_point="870" exp_start_point="753" gender="female" id="4_16_1713" intention_prob="0.9833333333" intersection="T-right" num_lanes="4" signalized="CS" traffic_direction="TW" /><pedestrian age="senior" critical_point="11986" crossing="0" crossing_point="12014" exp_start_point="11896" gender="female" id="4_16_1725" intention_prob="0.6333333333" intersection="four-way" num_lanes="4" signalized="CS" traffic_direction="TW" /><pedestrian age="adult" critical_point="397" crossing="-1" crossing_point="475" exp_start_point="292" gender="male" id="4_16_1711" intention_prob="0.65" intersection="four-way" num_lanes="2" signalized="CS" traffic_direction="TW" /><pedestrian age="senior" critical_point="8716" crossing="0" crossing_point="8759" exp_start_point="8567" gender="male" id="4_16_1718" intention_prob="1" intersection="four-way" num_lanes="4" signalized="CS" traffic_direction="TW" /><pedestrian age="child" critical_point="11986" crossing="0" crossing_point="12011" exp_start_point="11896" gender="male" id="4_16_1727" intention_prob="0.7666666667" intersection="four-way" num_lanes="4" signalized="CS" traffic_direction="TW" /><pedestrian age="senior" critical_point="3172" crossing="0" crossing_point="3205" exp_start_point="3082" gender="male" id="4_16_1715" intention_prob="0.7" intersection="midblock" num_lanes="4" signalized="n/a" traffic_direction="TW" /><pedestrian age="adult" critical_point="11920" crossing="0" crossing_point="11956" exp_start_point="11848" gender="female" id="4_16_1720" intention_prob="0.95" intersection="four-way" num_lanes="4" signalized="CS" traffic_direction="TW" /><pedestrian age="adult" critical_point="13028" crossing="0" crossing_point="13054" exp_start_point="12958" gender="female" id="4_16_1728" intention_prob="0.7333333333" intersection="four-way" num_lanes="4" signalized="CS" traffic_direction="TW" /><pedestrian age="adult" critical_point="16994" crossing="1" crossing_point="17024" exp_start_point="16904" gender="female" id="4_16_1717" intention_prob="0.9333333333" intersection="T" num_lanes="2" signalized="S" traffic_direction="TW" /><pedestrian age="adult" critical_point="11932" crossing="0" crossing_point="11960" exp_start_point="11923" gender="male" id="4_16_1722" intention_prob="0.9166666667" intersection="four-way" num_lanes="4" signalized="CS" traffic_direction="TW" /></ped_attributes>