<ped_attributes><pedestrian age="adult" critical_point="3494" crossing="0" crossing_point="3518" exp_start_point="3414" gender="female" id="4_1_1004" intention_prob="0.9166666667" intersection="four-way" num_lanes="3" signalized="CS" traffic_direction="TW" /><pedestrian age="senior" critical_point="10322" crossing="0" crossing_point="10353" exp_start_point="10232" gender="male" id="4_1_1023" intention_prob="0.7333333333" intersection="midblock" num_lanes="2" signalized="n/a" traffic_direction="OW" /><pedestrian age="adult" critical_point="14820" crossing="-1" crossing_point="14910" exp_start_point="14730" gender="female" id="4_1_1039" intention_prob="0.7166666667" intersection="four-way" num_lanes="6" signalized="CS" traffic_direction="TW" /><pedestrian age="adult" critical_point="7244" crossing="0" crossing_point="7286" exp_start_point="7154" gender="female" id="4_1_1011" intention_prob="0.5" intersection="four-way" num_lanes="6" signalized="CS" traffic_direction="TW" /><pedestrian age="child" critical_point="7411" crossing="0" crossing_point="7434" exp_start_point="7321" gender="female" id="4_1_1015" intention_prob="0.8666666667" intersection="four-way" num_lanes="6" signalized="CS" traffic_direction="TW" /><pedestrian age="senior" critical_point="10325" crossing="0" crossing_point="10362" exp_start_point="10295" gender="female" id="4_1_1024" intention_prob="0.85" intersection="midblock" num_lanes="2" signalized="n/a" traffic_direction="OW" /><pedestrian age="adult" critical_point="9525" crossing="0" crossing_point="9541" exp_start_point="9435" gender="male" id="4_1_1017" intention_prob="0.8666666667" intersection="four-way" num_lanes="6" signalized="CS" traffic_direction="TW" /><pedestrian age="adult" critical_point="7399" crossing="0" crossing_point="7420" exp_start_point="7309" gender="male" id="4_1_1016" intention_prob="0.9166666667" intersection="four-way" num_lanes="6" signalized="CS" traffic_direction="TW" /><pedestrian age="adult" critical_point="14806" crossing="0" crossing_point="14891" exp_start_point="14716" gender="male" id="4_1_1029" intention_prob="0.75" intersection="four-way" num_lanes="4" signalized="CS" traffic_direction="TW" /><pedestrian age="senior" critical_point="13811" crossing="1" crossing_point="13856" exp_start_point="13742" gender="female" id="4_1_1027" intention_prob="1" intersection="four-way" num_lanes="6" signalized="CS" traffic_direction="TW" /><pedestrian age="adult" critical_point="14820" crossing="-1" crossing_point="14922" exp_start_point="14730" gender="male" id="4_1_1035" intention_prob="0.8333333333" intersection="four-way" num_lanes="6" signalized="CS" traffic_direction="TW" /><pedestrian age="adult" critical_point="9528" crossing="0" crossing_point="9548" exp_start_point="9438" gender="female" id="4_1_1018" intention_prob="0.6833333333" intersection="four-way" num_lanes="6" signalized="CS" traffic_direction="TW" /><pedestrian age="adult" critical_point="14820" crossing="0" crossing_point="15038" exp_start_point="14730" gender="male" id="4_1_1034" intention_prob="0.9" intersection="four-way" num_lanes="4" signalized="CS" traffic_direction="TW" /><pedestrian age="adult" critical_point="14833" crossing="0" crossing_point="15117" exp_start_point="14743" gender="male" id="4_1_1033" intention_prob="0.9666666667" intersection="four-way" num_lanes="4" signalized="CS" traffic_direction="TW" /><pedestrian age="senior" critical_point="14840" crossing="0" crossing_point="15168" exp_start_point="14750" gender="male" id="4_1_1037" intention_prob="0.85" intersection="four-way" num_lanes="4" signalized="CS" traffic_direction="TW" /><pedestrian age="adult" critical_point="14820" crossing="0" crossing_point="15072" exp_start_point="14730" gender="female" id="4_1_1032" intention_prob="0.9166666667" intersection="four-way" num_lanes="4" signalized="CS" traffic_direction="TW" /><pedestrian age="adult" critical_point="2689" crossing="-1" crossing_point="2712" exp_start_point="2599" gender="male" id="4_1_1002" intention_prob="0.0666666667" intersection="four-way" num_lanes="6" signalized="CS" traffic_direction="TW" /><pedestrian age="adult" critical_point="10147" crossing="0" crossing_point="10191" exp_start_point="10057" gender="male" id="4_1_1022" intention_prob="0.8333333333" intersection="four-way" num_lanes="6" signalized="CS" traffic_direction="TW" /><pedestrian age="adult" critical_point="5496" crossing="0" crossing_point="5521" exp_start_point="5406" gender="female" id="4_1_1009" intention_prob="0.9833333333" intersection="four-way" num_lanes="6" signalized="CS" traffic_direction="TW" /><pedestrian age="adult" critical_point="5496" crossing="0" crossing_point="5516" exp_start_point="5406" gender="female" id="4_1_1010" intention_prob="0.9" intersection="four-way" num_lanes="6" signalized="CS" traffic_direction="TW" /><pedestrian age="adult" critical_point="10147" crossing="0" crossing_point="10176" exp_start_point="10057" gender="male" id="4_1_1021" intention_prob="0.6833333333" intersection="four-way" num_lanes="6" signalized="CS" traffic_direction="TW" /><pedestrian age="child" critical_point="14840" crossing="0" crossing_point="15092" exp_start_point="14750" gender="female" id="4_1_1038" intention_prob="0.9333333333" intersection="four-way" num_lanes="4" signalized="CS" traffic_direction="TW" /><pedestrian age="adult" critical_point="3897" crossing="0" crossing_point="3931" exp_start_point="3837" gender="female" id="4_1_1007" intention_prob="0.8666666667" intersection="T-right" num_lanes="3" signalized="CS" traffic_direction="OW" /><pedestrian age="adult" critical_point="7411" crossing="0" crossing_point="7432" exp_start_point="7321" gender="female" id="4_1_1014" intention_prob="0.95" intersection="four-way" num_lanes="6" signalized="CS" traffic_direction="TW" /><pedestrian age="adult" critical_point="3897" crossing="0" crossing_point="3928" exp_start_point="3837" gender="female" id="4_1_1006" intention_prob="0.7833333333" intersection="T-right" num_lanes="3" signalized="CS" traffic_direction="OW" /><pedestrian age="senior" critical_point="14046" crossing="1" crossing_point="14064" exp_start_point="14022" gender="male" id="4_1_1028" intention_prob="0.9833333333" intersection="four-way" num_lanes="6" signalized="CS" traffic_direction="TW" /><pedestrian age="adult" critical_point="7244" crossing="0" crossing_point="7291" exp_start_point="7173" gender="female" id="4_1_1012" intention_prob="0.3166666667" intersection="four-way" num_lanes="6" signalized="CS" traffic_direction="TW" /><pedestrian age="adult" critical_point="3897" crossing="0" crossing_point="3930" exp_start_point="3837" gender="male" id="4_1_1005" intention_prob="0.8166666667" intersection="T-right" num_lanes="3" signalized="CS" traffic_direction="OW" /><pedestrian age="adult" critical_point="5496" crossing="0" crossing_point="5514" exp_start_point="5406" gender="male" id="4_1_1031" intention_prob="0.8166666667" intersection="four-way" num_lanes="6" signalized="CS" traffic_direction="TW" /><pedestrian age="senior" critical_point="10317" crossing="-1" crossing_point="10360" exp_start_point="10285" gender="female" id="4_1_1025" intention_prob="0.6333333333" intersection="midblock" num_lanes="2" signalized="n/a" traffic_direction="OW" /><pedestrian age="senior" critical_point="3897" crossing="0" crossing_point="3927" exp_start_point="3870" gender="female" id="4_1_1008" intention_prob="0.85" intersection="T-right" num_lanes="3" signalized="CS" traffic_direction="OW" /><pedestrian age="adult" critical_point="9530" crossing="0" crossing_point="9550" exp_start_point="9440" gender="male" id="4_1_1019" intention_prob="0.5166666667" intersection="four-way" num_lanes="6" signalized="CS" traffic_direction="TW" /><pedestrian age="adult" critical_point="3494" crossing="-1" crossing_point="3523" exp_start_point="3404" gender="female" id="4_1_1003" intention_prob="0.8333333333" intersection="four-way" num_lanes="3" signalized="CS" traffic_direction="TW" /><pedestrian age="adult" critical_point="7267" crossing="0" crossing_point="7313" exp_start_point="7177" gender="female" id="4_1_1013" intention_prob="0.9833333333" intersection="four-way" num_lanes="6" signalized="CS" traffic_direction="TW" /><pedestrian age="adult" critical_point="14848" crossing="0" crossing_point="14858" exp_start_point="14783" gender="male" id="4_1_1044" intention_prob="0.9" intersection="four-way" num_lanes="4" signalized="CS" traffic_direction="TW" /><pedestrian age="adult" critical_point="14806" crossing="0" crossing_point="14874" exp_start_point="14716" gender="male" id="4_1_1030" intention_prob="0.9166666667" intersection="four-way" num_lanes="4" signalized="CS" traffic_direction="TW" /><pedestrian age="adult" critical_point="13485" crossing="1" crossing_point="13521" exp_start_point="13395" gender="female" id="4_1_1026" intention_prob="0.9666666667" intersection="four-way" num_lanes="6" signalized="CS" traffic_direction="TW" /><pedestrian age="adult" critical_point="14820" crossing="0" crossing_point="15032" exp_start_point="14730" gender="male" id="4_1_1036" intention_prob="0.7666666667" intersection="four-way" num_lanes="4" signalized="CS" traffic_direction="TW" /><pedestrian age="adult" critical_point="10112" crossing="0" crossing_point="10139" exp_start_point="10036" gender="female" id="4_1_1020" intention_prob="0.8166666667" intersection="four-way" num_lanes="6" signalized="CS" traffic_direction="TW" /></ped_attributes>