<ped_attributes><pedestrian age="adult" critical_point="14657" crossing="0" crossing_point="14684" exp_start_point="14581" gender="female" id="4_7_1356" intention_prob="0.7" intersection="four-way" num_lanes="3" signalized="CS" traffic_direction="TW" /><pedestrian age="adult" critical_point="6687" crossing="0" crossing_point="6793" exp_start_point="6597" gender="male" id="4_7_1321" intention_prob="0.8166666667" intersection="four-way" num_lanes="2" signalized="CS" traffic_direction="TW" /><pedestrian age="adult" critical_point="17418" crossing="1" crossing_point="17435" exp_start_point="17385" gender="female" id="4_7_1366" intention_prob="0.9833333333" intersection="T" num_lanes="2" signalized="CS" traffic_direction="OW" /><pedestrian age="adult" critical_point="14657" crossing="0" crossing_point="14712" exp_start_point="14603" gender="male" id="4_7_1358" intention_prob="0.8666666667" intersection="four-way" num_lanes="3" signalized="CS" traffic_direction="TW" /><pedestrian age="adult" critical_point="3806" crossing="1" crossing_point="3820" exp_start_point="3716" gender="female" id="4_7_1301" intention_prob="1" intersection="four-way" num_lanes="1" signalized="CS" traffic_direction="OW" /><pedestrian age="adult" critical_point="15423" crossing="-1" crossing_point="15480" exp_start_point="15333" gender="male" id="4_7_1361" intention_prob="0.1333333333" intersection="midblock" num_lanes="2" signalized="n/a" traffic_direction="OW" /><pedestrian age="senior" critical_point="3655" crossing="-1" crossing_point="3695" exp_start_point="3565" gender="male" id="4_7_1298" intention_prob="0.3166666667" intersection="four-way" num_lanes="2" signalized="CS" traffic_direction="OW" /><pedestrian age="adult" critical_point="3917" crossing="0" crossing_point="3969" exp_start_point="3821" gender="female" id="4_7_1302" intention_prob="0.8833333333" intersection="four-way" num_lanes="1" signalized="CS" traffic_direction="OW" /><pedestrian age="adult" critical_point="16066" crossing="-1" crossing_point="16131" exp_start_point="15976" gender="male" id="4_7_1362" intention_prob="0.35" intersection="midblock" num_lanes="2" signalized="n/a" traffic_direction="OW" /><pedestrian age="adult" critical_point="6819" crossing="0" crossing_point="6871" exp_start_point="6718" gender="female" id="4_7_1324" intention_prob="0.9333333333" intersection="four-way" num_lanes="2" signalized="CS" traffic_direction="TW" /><pedestrian age="adult" critical_point="6112" crossing="0" crossing_point="6251" exp_start_point="6026" gender="female" id="4_7_1318" intention_prob="0.8833333333" intersection="four-way" num_lanes="2" signalized="CS" traffic_direction="OW" /><pedestrian age="adult" critical_point="252" crossing="-1" crossing_point="432" exp_start_point="162" gender="male" id="4_7_1286" intention_prob="0.3666666667" intersection="T-right" num_lanes="4" signalized="n/a" traffic_direction="TW" /><pedestrian age="adult" critical_point="4606" crossing="0" crossing_point="6274" exp_start_point="4516" gender="male" id="4_7_1304" intention_prob="0.85" intersection="four-way" num_lanes="2" signalized="CS" traffic_direction="OW" /><pedestrian age="senior" critical_point="3655" crossing="-1" crossing_point="3685" exp_start_point="3565" gender="female" id="4_7_1297" intention_prob="0.3" intersection="four-way" num_lanes="2" signalized="CS" traffic_direction="OW" /><pedestrian age="adult" critical_point="13182" crossing="0" crossing_point="13216" exp_start_point="13092" gender="male" id="4_7_1350" intention_prob="0.6833333333" intersection="T-right" num_lanes="4" signalized="CS" traffic_direction="TW" /><pedestrian age="adult" critical_point="4606" crossing="1" crossing_point="4624" exp_start_point="4516" gender="female" id="4_7_1305" intention_prob="0.8833333333" intersection="four-way" num_lanes="2" signalized="CS" traffic_direction="OW" /><pedestrian age="adult" critical_point="10545" crossing="1" crossing_point="10632" exp_start_point="10455" gender="male" id="4_7_1332" intention_prob="0.9333333333" intersection="four-way" num_lanes="4" signalized="CS" traffic_direction="TW" /><pedestrian age="adult" critical_point="6214" crossing="-1" crossing_point="6317" exp_start_point="6124" gender="male" id="4_7_1319" intention_prob="0.9333333333" intersection="four-way" num_lanes="4" signalized="CS" traffic_direction="TW" /><pedestrian age="adult" critical_point="14657" crossing="0" crossing_point="14684" exp_start_point="14567" gender="male" id="4_7_1360" intention_prob="0.6" intersection="four-way" num_lanes="3" signalized="CS" traffic_direction="TW" /><pedestrian age="adult" critical_point="4606" crossing="0" crossing_point="6278" exp_start_point="4516" gender="female" id="4_7_1303" intention_prob="0.85" intersection="four-way" num_lanes="2" signalized="CS" traffic_direction="OW" /><pedestrian age="adult" critical_point="1157" crossing="1" crossing_point="1157" exp_start_point="1067" gender="female" id="4_7_1288" intention_prob="0.9" intersection="midblock" num_lanes="2" signalized="n/a" traffic_direction="OW" /><pedestrian age="adult" critical_point="12919" crossing="0" crossing_point="12943" exp_start_point="12881" gender="female" id="4_7_1347" intention_prob="0.75" intersection="midblock" num_lanes="4" signalized="n/a" traffic_direction="TW" /><pedestrian age="adult" critical_point="4606" crossing="1" crossing_point="4620" exp_start_point="4516" gender="female" id="4_7_1308" intention_prob="1" intersection="four-way" num_lanes="2" signalized="CS" traffic_direction="OW" /><pedestrian age="adult" critical_point="6112" crossing="0" crossing_point="6255" exp_start_point="6022" gender="female" id="4_7_1317" intention_prob="0.9833333333" intersection="four-way" num_lanes="2" signalized="CS" traffic_direction="OW" /><pedestrian age="adult" critical_point="14792" crossing="0" crossing_point="14819" exp_start_point="14702" gender="male" id="4_7_1369" intention_prob="0.7333333333" intersection="four-way" num_lanes="2" signalized="CS" traffic_direction="TW" /><pedestrian age="adult" critical_point="14657" crossing="0" crossing_point="14711" exp_start_point="14567" gender="female" id="4_7_1355" intention_prob="0.8" intersection="four-way" num_lanes="3" signalized="CS" traffic_direction="TW" /><pedestrian age="adult" critical_point="11587" crossing="1" crossing_point="11623" exp_start_point="11497" gender="male" id="4_7_1338" intention_prob="0.9166666667" intersection="four-way" num_lanes="4" signalized="CS" traffic_direction="TW" /><pedestrian age="adult" critical_point="13182" crossing="0" crossing_point="13200" exp_start_point="13092" gender="male" id="4_7_1351" intention_prob="0.95" intersection="T-right" num_lanes="4" signalized="CS" traffic_direction="TW" /><pedestrian age="adult" critical_point="10545" crossing="1" crossing_point="10629" exp_start_point="10455" gender="male" id="4_7_1330" intention_prob="0.9166666667" intersection="four-way" num_lanes="4" signalized="CS" traffic_direction="TW" /><pedestrian age="adult" critical_point="3154" crossing="0" crossing_point="3161" exp_start_point="3131" gender="male" id="4_7_1296" intention_prob="0.9166666667" intersection="midblock" num_lanes="2" signalized="n/a" traffic_direction="OW" /><pedestrian age="adult" critical_point="13069" crossing="-1" crossing_point="13105" exp_start_point="12979" gender="male" id="4_7_1349" intention_prob="0.35" intersection="midblock" num_lanes="4" signalized="n/a" traffic_direction="TW" /><pedestrian age="adult" critical_point="2428" crossing="-1" crossing_point="2503" exp_start_point="2338" gender="male" id="4_7_1291" intention_prob="0.1666666667" intersection="midblock" num_lanes="2" signalized="CS" traffic_direction="OW" /><pedestrian age="adult" critical_point="11148" crossing="1" crossing_point="11163" exp_start_point="11103" gender="female" id="4_7_1340" intention_prob="0.8666666667" intersection="four-way" num_lanes="4" signalized="CS" traffic_direction="TW" /><pedestrian age="adult" critical_point="2428" crossing="-1" crossing_point="2490" exp_start_point="2338" gender="female" id="4_7_1292" intention_prob="0.2666666667" intersection="midblock" num_lanes="2" signalized="CS" traffic_direction="OW" /><pedestrian age="senior" critical_point="11912" crossing="1" crossing_point="11936" exp_start_point="11874" gender="female" id="4_7_1343" intention_prob="0.8833333333" intersection="four-way" num_lanes="4" signalized="CS" traffic_direction="TW" /><pedestrian age="senior" critical_point="10545" crossing="1" crossing_point="10606" exp_start_point="10455" gender="male" id="4_7_1331" intention_prob="1" intersection="four-way" num_lanes="4" signalized="CS" traffic_direction="TW" /><pedestrian age="adult" critical_point="11580" crossing="1" crossing_point="11616" exp_start_point="11530" gender="female" id="4_7_1339" intention_prob="0.7833333333" intersection="four-way" num_lanes="4" signalized="CS" traffic_direction="TW" /><pedestrian age="adult" critical_point="9109" crossing="-1" crossing_point="9505" exp_start_point="9059" gender="male" id="4_7_1329" intention_prob="0.1833333333" intersection="midblock" num_lanes="4" signalized="n/a" traffic_direction="TW" /><pedestrian age="adult" critical_point="12691" crossing="0" crossing_point="12730" exp_start_point="12601" gender="male" id="4_7_1346" intention_prob="0.6833333333" intersection="four-way" num_lanes="4" signalized="CS" traffic_direction="TW" /><pedestrian age="adult" critical_point="3676" crossing="0" crossing_point="3731" exp_start_point="3586" gender="male" id="4_7_1299" intention_prob="0.2166666667" intersection="four-way" num_lanes="2" signalized="CS" traffic_direction="OW" /><pedestrian age="adult" critical_point="12198" crossing="1" crossing_point="12213" exp_start_point="12176" gender="male" id="4_7_1345" intention_prob="0.9833333333" intersection="four-way" num_lanes="4" signalized="CS" traffic_direction="TW" /><pedestrian age="adult" critical_point="11121" crossing="1" crossing_point="11121" exp_start_point="11051" gender="female" id="4_7_1337" intention_prob="0.9333333333" intersection="four-way" num_lanes="4" signalized="CS" traffic_direction="TW" /><pedestrian age="adult" critical_point="5506" crossing="1" crossing_point="5506" exp_start_point="5432" gender="male" id="4_7_1320" intention_prob="0.7666666667" intersection="four-way" num_lanes="2" signalized="CS" traffic_direction="OW" /><pedestrian age="adult" critical_point="13182" crossing="0" crossing_point="13251" exp_start_point="13110" gender="male" id="4_7_1353" intention_prob="0.9333333333" intersection="T-right" num_lanes="4" signalized="CS" traffic_direction="TW" /><pedestrian age="adult" critical_point="14792" crossing="0" crossing_point="14825" exp_start_point="14702" gender="male" id="4_7_1370" intention_prob="0.7833333333" intersection="four-way" num_lanes="2" signalized="CS" traffic_direction="TW" /><pedestrian age="adult" critical_point="16718" crossing="1" crossing_point="16740" exp_start_point="16628" gender="female" id="4_7_1363" intention_prob="0.8166666667" intersection="T" num_lanes="2" signalized="CS" traffic_direction="OW" /><pedestrian age="adult" critical_point="14792" crossing="0" crossing_point="14815" exp_start_point="14702" gender="male" id="4_7_1368" intention_prob="0.7333333333" intersection="four-way" num_lanes="2" signalized="CS" traffic_direction="OW" /><pedestrian age="adult" critical_point="3700" crossing="1" crossing_point="3734" exp_start_point="3610" gender="female" id="4_7_1300" intention_prob="0.9333333333" intersection="four-way" num_lanes="1" signalized="CS" traffic_direction="OW" /><pedestrian age="adult" critical_point="1157" crossing="1" crossing_point="1157" exp_start_point="1067" gender="male" id="4_7_1287" intention_prob="0.9" intersection="midblock" num_lanes="2" signalized="n/a" traffic_direction="OW" /><pedestrian age="adult" critical_point="6819" crossing="0" crossing_point="6868" exp_start_point="6718" gender="female" id="4_7_1325" intention_prob="0.9666666667" intersection="four-way" num_lanes="2" signalized="CS" traffic_direction="TW" /><pedestrian age="adult" critical_point="12919" crossing="0" crossing_point="12941" exp_start_point="12889" gender="male" id="4_7_1348" intention_prob="0.7333333333" intersection="midblock" num_lanes="4" signalized="n/a" traffic_direction="TW" /><pedestrian age="adult" critical_point="2345" crossing="1" crossing_point="2364" exp_start_point="2255" gender="female" id="4_7_1294" intention_prob="0.9166666667" intersection="midblock" num_lanes="2" signalized="CS" traffic_direction="OW" /><pedestrian age="adult" critical_point="4971" crossing="1" crossing_point="4988" exp_start_point="4893" gender="female" id="4_7_1310" intention_prob="1" intersection="four-way" num_lanes="2" signalized="CS" traffic_direction="OW" /><pedestrian age="adult" critical_point="5900" crossing="1" crossing_point="5918" exp_start_point="5770" gender="female" id="4_7_1315" intention_prob="1" intersection="four-way" num_lanes="2" signalized="CS" traffic_direction="OW" /><pedestrian age="adult" critical_point="13210" crossing="1" crossing_point="13260" exp_start_point="13120" gender="female" id="4_7_1354" intention_prob="0.7333333333" intersection="T-right" num_lanes="2" signalized="CS" traffic_direction="OW" /><pedestrian age="senior" critical_point="12027" crossing="1" crossing_point="12040" exp_start_point="11985" gender="female" id="4_7_1344" intention_prob="1" intersection="four-way" num_lanes="4" signalized="CS" traffic_direction="TW" /><pedestrian age="adult" critical_point="4964" crossing="1" crossing_point="4981" exp_start_point="4874" gender="female" id="4_7_1309" intention_prob="0.9666666667" intersection="four-way" num_lanes="2" signalized="CS" traffic_direction="OW" /><pedestrian age="child" critical_point="14657" crossing="0" crossing_point="14679" exp_start_point="14567" gender="female" id="4_7_1357" intention_prob="0.8666666667" intersection="four-way" num_lanes="3" signalized="CS" traffic_direction="TW" /><pedestrian age="adult" critical_point="5575" crossing="0" crossing_point="6285" exp_start_point="5454" gender="male" id="4_7_1312" intention_prob="1" intersection="four-way" num_lanes="2" signalized="CS" traffic_direction="OW" /><pedestrian age="child" critical_point="6819" crossing="0" crossing_point="6872" exp_start_point="6729" gender="female" id="4_7_1323" intention_prob="0.8333333333" intersection="four-way" num_lanes="2" signalized="CS" traffic_direction="TW" /><pedestrian age="adult" critical_point="11576" crossing="1" crossing_point="11605" exp_start_point="11486" gender="male" id="4_7_1336" intention_prob="0.9" intersection="four-way" num_lanes="4" signalized="CS" traffic_direction="TW" /><pedestrian age="adult" critical_point="13182" crossing="0" crossing_point="13237" exp_start_point="13110" gender="male" id="4_7_1352" intention_prob="0.9333333333" intersection="T-right" num_lanes="4" signalized="CS" traffic_direction="TW" /><pedestrian age="adult" critical_point="11671" crossing="1" crossing_point="11679" exp_start_point="11628" gender="male" id="4_7_1341" intention_prob="0.95" intersection="four-way" num_lanes="4" signalized="CS" traffic_direction="TW" /><pedestrian age="adult" critical_point="11832" crossing="1" crossing_point="11860" exp_start_point="11742" gender="male" id="4_7_1342" intention_prob="0.9166666667" intersection="four-way" num_lanes="4" signalized="CS" traffic_direction="TW" /><pedestrian age="adult" critical_point="18014" crossing="0" crossing_point="18042" exp_start_point="17927" gender="female" id="4_7_1367" intention_prob="1" intersection="T" num_lanes="3" signalized="CS" traffic_direction="OW" /><pedestrian age="adult" critical_point="2573" crossing="1" crossing_point="2583" exp_start_point="2483" gender="male" id="4_7_1295" intention_prob="0.8166666667" intersection="midblock" num_lanes="2" signalized="n/a" traffic_direction="OW" /><pedestrian age="adult" critical_point="1087" crossing="1" crossing_point="1106" exp_start_point="1012" gender="male" id="4_7_1289" intention_prob="0.6833333333" intersection="midblock" num_lanes="2" signalized="n/a" traffic_direction="OW" /><pedestrian age="adult" critical_point="8083" crossing="1" crossing_point="8113" exp_start_point="7993" gender="female" id="4_7_1328" intention_prob="0.9166666667" intersection="T-right" num_lanes="4" signalized="n/a" traffic_direction="TW" /><pedestrian age="adult" critical_point="14763" crossing="0" crossing_point="14814" exp_start_point="14673" gender="female" id="4_7_1359" intention_prob="0.9" intersection="four-way" num_lanes="2" signalized="CS" traffic_direction="OW" /><pedestrian age="adult" critical_point="5575" crossing="0" crossing_point="6293" exp_start_point="5454" gender="male" id="4_7_1311" intention_prob="0.9333333333" intersection="four-way" num_lanes="2" signalized="CS" traffic_direction="OW" /><pedestrian age="adult" critical_point="10545" crossing="1" crossing_point="10923" exp_start_point="10455" gender="male" id="4_7_1335" intention_prob="0.85" intersection="four-way" num_lanes="4" signalized="CS" traffic_direction="TW" /><pedestrian age="adult" critical_point="6819" crossing="0" crossing_point="6865" exp_start_point="6729" gender="male" id="4_7_1326" intention_prob="0.9166666667" intersection="four-way" num_lanes="2" signalized="CS" traffic_direction="TW" /><pedestrian age="adult" critical_point="6819" crossing="0" crossing_point="6874" exp_start_point="6729" gender="female" id="4_7_1322" intention_prob="0.9" intersection="four-way" num_lanes="2" signalized="CS" traffic_direction="TW" /><pedestrian age="adult" critical_point="252" crossing="-1" crossing_point="436" exp_start_point="162" gender="male" id="4_7_1285" intention_prob="0.2333333333" intersection="T-right" num_lanes="4" signalized="n/a" traffic_direction="TW" /><pedestrian age="adult" critical_point="6819" crossing="0" crossing_point="6863" exp_start_point="6729" gender="female" id="4_7_1327" intention_prob="0.7666666667" intersection="four-way" num_lanes="2" signalized="CS" traffic_direction="TW" /><pedestrian age="adult" critical_point="17318" crossing="1" crossing_point="17350" exp_start_point="17243" gender="female" id="4_7_1365" intention_prob="0.9666666667" intersection="T" num_lanes="2" signalized="CS" traffic_direction="OW" /><pedestrian age="adult" critical_point="1881" crossing="-1" crossing_point="1955" exp_start_point="1791" gender="male" id="4_7_1290" intention_prob="0.0166666667" intersection="midblock" num_lanes="2" signalized="n/a" traffic_direction="OW" /></ped_attributes>