<ped_attributes><pedestrian age="adult" critical_point="5036" crossing="0" crossing_point="5082" exp_start_point="4946" gender="female" id="4_4_1188" intention_prob="0.1833333333" intersection="midblock" num_lanes="2" signalized="n/a" traffic_direction="OW" /><pedestrian age="adult" critical_point="5507" crossing="-1" crossing_point="5552" exp_start_point="5417" gender="male" id="4_4_1190" intention_prob="0.3333333333" intersection="midblock" num_lanes="2" signalized="n/a" traffic_direction="OW" /><pedestrian age="adult" critical_point="9069" crossing="-1" crossing_point="9225" exp_start_point="8979" gender="male" id="4_4_1194" intention_prob="0.0833333333" intersection="midblock" num_lanes="3" signalized="n/a" traffic_direction="TW" /><pedestrian age="adult" critical_point="5389" crossing="-1" crossing_point="5439" exp_start_point="5299" gender="male" id="4_4_1189" intention_prob="0.6166666667" intersection="four-way" num_lanes="2" signalized="CS" traffic_direction="OW" /><pedestrian age="adult" critical_point="15613" crossing="0" crossing_point="15659" exp_start_point="15523" gender="male" id="4_4_1201" intention_prob="0.9" intersection="four-way" num_lanes="4" signalized="CS" traffic_direction="TW" /><pedestrian age="adult" critical_point="15613" crossing="-1" crossing_point="15666" exp_start_point="15523" gender="male" id="4_4_1203" intention_prob="0.5" intersection="four-way" num_lanes="4" signalized="CS" traffic_direction="TW" /><pedestrian age="senior" critical_point="5536" crossing="-1" crossing_point="5582" exp_start_point="5446" gender="male" id="4_4_1191" intention_prob="0.05" intersection="midblock" num_lanes="2" signalized="n/a" traffic_direction="OW" /><pedestrian age="senior" critical_point="13531" crossing="0" crossing_point="13562" exp_start_point="13441" gender="female" id="4_4_1199" intention_prob="0.8666666667" intersection="four-way" num_lanes="6" signalized="CS" traffic_direction="TW" /><pedestrian age="senior" critical_point="1730" crossing="0" crossing_point="1786" exp_start_point="1660" gender="male" id="4_4_1173" intention_prob="0.95" intersection="midblock" num_lanes="2" signalized="n/a" traffic_direction="OW" /><pedestrian age="senior" critical_point="8308" crossing="-1" crossing_point="8452" exp_start_point="8218" gender="male" id="4_4_1193" intention_prob="0.2333333333" intersection="midblock" num_lanes="3" signalized="n/a" traffic_direction="TW" /><pedestrian age="adult" critical_point="4530" crossing="-1" crossing_point="4658" exp_start_point="4440" gender="female" id="4_4_1184" intention_prob="0.0833333333" intersection="midblock" num_lanes="2" signalized="n/a" traffic_direction="OW" /><pedestrian age="senior" critical_point="13534" crossing="0" crossing_point="13566" exp_start_point="13468" gender="male" id="4_4_1200" intention_prob="0.9833333333" intersection="four-way" num_lanes="6" signalized="CS" traffic_direction="TW" /><pedestrian age="adult" critical_point="2197" crossing="0" crossing_point="2235" exp_start_point="2107" gender="male" id="4_4_1176" intention_prob="1" intersection="T-right" num_lanes="2" signalized="CS" traffic_direction="OW" /><pedestrian age="adult" critical_point="515" crossing="1" crossing_point="542" exp_start_point="490" gender="female" id="4_4_1168" intention_prob="1" intersection="T-right" num_lanes="2" signalized="C" traffic_direction="OW" /><pedestrian age="adult" critical_point="4517" crossing="-1" crossing_point="4554" exp_start_point="4435" gender="male" id="4_4_1186" intention_prob="0.1" intersection="midblock" num_lanes="2" signalized="n/a" traffic_direction="OW" /><pedestrian age="adult" critical_point="13055" crossing="0" crossing_point="13083" exp_start_point="12965" gender="female" id="4_4_1198" intention_prob="0.75" intersection="four-way" num_lanes="6" signalized="CS" traffic_direction="TW" /><pedestrian age="adult" critical_point="13055" crossing="0" crossing_point="13084" exp_start_point="12965" gender="female" id="4_4_1196" intention_prob="0.9" intersection="four-way" num_lanes="6" signalized="CS" traffic_direction="TW" /><pedestrian age="child" critical_point="4001" crossing="1" crossing_point="4030" exp_start_point="3720" gender="female" id="4_4_1180" intention_prob="0.9333333333" intersection="four-way" num_lanes="2" signalized="CS" traffic_direction="OW" /><pedestrian age="adult" critical_point="2197" crossing="-1" crossing_point="2230" exp_start_point="2107" gender="male" id="4_4_1175" intention_prob="0.2833333333" intersection="T-right" num_lanes="2" signalized="CS" traffic_direction="OW" /><pedestrian age="adult" critical_point="515" crossing="1" crossing_point="536" exp_start_point="485" gender="female" id="4_4_1167" intention_prob="0.9666666667" intersection="T-right" num_lanes="2" signalized="C" traffic_direction="OW" /><pedestrian age="adult" critical_point="4530" crossing="-1" crossing_point="4663" exp_start_point="4440" gender="female" id="4_4_1185" intention_prob="0.1666666667" intersection="midblock" num_lanes="2" signalized="n/a" traffic_direction="OW" /><pedestrian age="adult" critical_point="2878" crossing="-1" crossing_point="2915" exp_start_point="2788" gender="male" id="4_4_1177" intention_prob="0.1333333333" intersection="midblock" num_lanes="2" signalized="n/a" traffic_direction="OW" /><pedestrian age="adult" critical_point="4489" crossing="-1" crossing_point="4589" exp_start_point="4399" gender="male" id="4_4_1183" intention_prob="0.0666666667" intersection="midblock" num_lanes="2" signalized="n/a" traffic_direction="OW" /><pedestrian age="adult" critical_point="13055" crossing="0" crossing_point="13085" exp_start_point="12965" gender="female" id="4_4_1195" intention_prob="0.9" intersection="four-way" num_lanes="6" signalized="CS" traffic_direction="TW" /><pedestrian age="adult" critical_point="1586" crossing="-1" crossing_point="1648" exp_start_point="1496" gender="male" id="4_4_1172" intention_prob="0.0333333333" intersection="midblock" num_lanes="2" signalized="n/a" traffic_direction="OW" /><pedestrian age="adult" critical_point="4001" crossing="1" crossing_point="4017" exp_start_point="3911" gender="male" id="4_4_1179" intention_prob="1" intersection="four-way" num_lanes="2" signalized="CS" traffic_direction="OW" /><pedestrian age="adult" critical_point="6395" crossing="-1" crossing_point="6450" exp_start_point="6305" gender="female" id="4_4_1192" intention_prob="0.0333333333" intersection="T" num_lanes="2" signalized="CS" traffic_direction="OW" /><pedestrian age="adult" critical_point="2197" crossing="0" crossing_point="2233" exp_start_point="2107" gender="male" id="4_4_1174" intention_prob="0.2833333333" intersection="T-right" num_lanes="2" signalized="CS" traffic_direction="OW" /><pedestrian age="adult" critical_point="3511" crossing="-1" crossing_point="3600" exp_start_point="3385" gender="male" id="4_4_1178" intention_prob="0.15" intersection="midblock" num_lanes="2" signalized="n/a" traffic_direction="OW" /><pedestrian age="adult" critical_point="13055" crossing="0" crossing_point="13082" exp_start_point="12965" gender="female" id="4_4_1197" intention_prob="0.7833333333" intersection="four-way" num_lanes="6" signalized="CS" traffic_direction="TW" /><pedestrian age="adult" critical_point="4315" crossing="-1" crossing_point="4382" exp_start_point="4225" gender="male" id="4_4_1182" intention_prob="0.0333333333" intersection="midblock" num_lanes="2" signalized="n/a" traffic_direction="OW" /><pedestrian age="adult" critical_point="702" crossing="0" crossing_point="763" exp_start_point="612" gender="male" id="4_4_1170" intention_prob="0.9333333333" intersection="T-right" num_lanes="2" signalized="C" traffic_direction="OW" /><pedestrian age="adult" critical_point="4590" crossing="0" crossing_point="4631" exp_start_point="4500" gender="female" id="4_4_1187" intention_prob="0.5833333333" intersection="midblock" num_lanes="2" signalized="n/a" traffic_direction="OW" /><pedestrian age="adult" critical_point="15613" crossing="0" crossing_point="15649" exp_start_point="15523" gender="female" id="4_4_1202" intention_prob="0.8" intersection="four-way" num_lanes="4" signalized="CS" traffic_direction="TW" /><pedestrian age="adult" critical_point="535" crossing="1" crossing_point="555" exp_start_point="445" gender="male" id="4_4_1169" intention_prob="0.9666666667" intersection="T-right" num_lanes="2" signalized="C" traffic_direction="OW" /><pedestrian age="adult" critical_point="15810" crossing="0" crossing_point="15867" exp_start_point="15759" gender="male" id="4_4_1204" intention_prob="0.6833333333" intersection="midblock" num_lanes="4" signalized="n/a" traffic_direction="TW" /><pedestrian age="adult" critical_point="1535" crossing="-1" crossing_point="1558" exp_start_point="1509" gender="male" id="4_4_1171" intention_prob="0.7833333333" intersection="T-left" num_lanes="2" signalized="n/a" traffic_direction="OW" /><pedestrian age="adult" critical_point="4234" crossing="-1" crossing_point="4264" exp_start_point="4116" gender="female" id="4_4_1181" intention_prob="0.45" intersection="four-way" num_lanes="2" signalized="CS" traffic_direction="OW" /></ped_attributes>