<ped_attributes><pedestrian age="adult" critical_point="856" crossing="-1" crossing_point="879" exp_start_point="782" gender="female" id="1_3_101" intention_prob="0" intersection="midblock" num_lanes="4" signalized="n/a" traffic_direction="TW" /><pedestrian age="adult" critical_point="3715" crossing="-1" crossing_point="3780" exp_start_point="3626" gender="male" id="1_3_67" intention_prob="0.5" intersection="midblock" num_lanes="4" signalized="n/a" traffic_direction="TW" /><pedestrian age="adult" critical_point="9547" crossing="1" crossing_point="9550" exp_start_point="9457" gender="female" id="1_3_71" intention_prob="1" intersection="T" num_lanes="2" signalized="CS" traffic_direction="OW" /><pedestrian age="adult" critical_point="17623" crossing="1" crossing_point="17639" exp_start_point="17585" gender="male" id="1_3_97" intention_prob="0.9666666667" intersection="four-way" num_lanes="2" signalized="CS" traffic_direction="OW" /><pedestrian age="adult" critical_point="15756" crossing="1" crossing_point="15771" exp_start_point="15713" gender="female" id="1_3_90" intention_prob="1" intersection="T-left" num_lanes="2" signalized="n/a" traffic_direction="OW" /><pedestrian age="senior" critical_point="11878" crossing="-1" crossing_point="11928" exp_start_point="11788" gender="male" id="1_3_102" intention_prob="0.1666666667" intersection="midblock" num_lanes="2" signalized="n/a" traffic_direction="OW" /><pedestrian age="adult" critical_point="13782" crossing="1" crossing_point="13794" exp_start_point="13692" gender="male" id="1_3_86" intention_prob="0.6666666667" intersection="midblock" num_lanes="2" signalized="n/a" traffic_direction="OW" /><pedestrian age="adult" critical_point="3698" crossing="-1" crossing_point="3718" exp_start_point="3608" gender="female" id="1_3_68" intention_prob="0.0833333333" intersection="midblock" num_lanes="4" signalized="n/a" traffic_direction="TW" /><pedestrian age="adult" critical_point="10839" crossing="-1" crossing_point="10855" exp_start_point="10749" gender="male" id="1_3_78" intention_prob="0.15" intersection="midblock" num_lanes="2" signalized="n/a" traffic_direction="OW" /><pedestrian age="adult" critical_point="3684" crossing="-1" crossing_point="3759" exp_start_point="3593" gender="male" id="1_3_66" intention_prob="0.3666666667" intersection="midblock" num_lanes="4" signalized="n/a" traffic_direction="TW" /><pedestrian age="adult" critical_point="9861" crossing="1" crossing_point="9909" exp_start_point="9771" gender="male" id="1_3_77" intention_prob="0.9833333333" intersection="T" num_lanes="2" signalized="CS" traffic_direction="OW" /><pedestrian age="adult" critical_point="2885" crossing="1" crossing_point="2917" exp_start_point="2731" gender="female" id="1_3_62" intention_prob="0.9166666667" intersection="four-way" num_lanes="4" signalized="CS" traffic_direction="TW" /><pedestrian age="adult" critical_point="12838" crossing="-1" crossing_point="12900" exp_start_point="12749" gender="male" id="1_3_82" intention_prob="0.2666666667" intersection="T-left" num_lanes="2" signalized="n/a" traffic_direction="OW" /><pedestrian age="adult" critical_point="9913" crossing="1" crossing_point="9948" exp_start_point="9823" gender="male" id="1_3_76" intention_prob="0.95" intersection="T" num_lanes="2" signalized="CS" traffic_direction="OW" /><pedestrian age="adult" critical_point="15965" crossing="-1" crossing_point="16002" exp_start_point="15866" gender="female" id="1_3_92" intention_prob="0.6833333333" intersection="midblock" num_lanes="2" signalized="n/a" traffic_direction="OW" /><pedestrian age="adult" critical_point="9820" crossing="1" crossing_point="9991" exp_start_point="9730" gender="female" id="1_3_70" intention_prob="0.9666666667" intersection="T" num_lanes="2" signalized="CS" traffic_direction="OW" /><pedestrian age="adult" critical_point="13098" crossing="1" crossing_point="13098" exp_start_point="13057" gender="male" id="1_3_85" intention_prob="0.9166666667" intersection="midblock" num_lanes="2" signalized="n/a" traffic_direction="OW" /><pedestrian age="adult" critical_point="9832" crossing="1" crossing_point="9908" exp_start_point="9732" gender="female" id="1_3_75" intention_prob="0.9666666667" intersection="T" num_lanes="2" signalized="CS" traffic_direction="OW" /><pedestrian age="adult" critical_point="16748" crossing="-1" crossing_point="16801" exp_start_point="16658" gender="male" id="1_3_95" intention_prob="0.2833333333" intersection="midblock" num_lanes="2" signalized="n/a" traffic_direction="OW" /><pedestrian age="adult" critical_point="17643" crossing="-1" crossing_point="17742" exp_start_point="17553" gender="male" id="1_3_96" intention_prob="0.8833333333" intersection="four-way" num_lanes="2" signalized="CS" traffic_direction="OW" /><pedestrian age="adult" critical_point="12475" crossing="-1" crossing_point="12513" exp_start_point="12385" gender="male" id="1_3_81" intention_prob="0.2333333333" intersection="midblock" num_lanes="2" signalized="n/a" traffic_direction="OW" /><pedestrian age="adult" critical_point="9885" crossing="1" crossing_point="9907" exp_start_point="9795" gender="female" id="1_3_72" intention_prob="0.9666666667" intersection="T" num_lanes="2" signalized="CS" traffic_direction="OW" /><pedestrian age="adult" critical_point="17786" crossing="0" crossing_point="17811" exp_start_point="17696" gender="male" id="1_3_98" intention_prob="0.95" intersection="four-way" num_lanes="2" signalized="CS" traffic_direction="OW" /><pedestrian age="adult" critical_point="9900" crossing="1" crossing_point="9945" exp_start_point="9810" gender="female" id="1_3_74" intention_prob="0.9833333333" intersection="T" num_lanes="2" signalized="CS" traffic_direction="OW" /><pedestrian age="adult" critical_point="3648" crossing="-1" crossing_point="3722" exp_start_point="3558" gender="male" id="1_3_65" intention_prob="0.2" intersection="midblock" num_lanes="4" signalized="n/a" traffic_direction="TW" /><pedestrian age="senior" critical_point="17805" crossing="-1" crossing_point="17831" exp_start_point="17715" gender="female" id="1_3_103" intention_prob="0.45" intersection="four-way" num_lanes="4" signalized="CS" traffic_direction="OW" /><pedestrian age="adult" critical_point="15965" crossing="-1" crossing_point="15998" exp_start_point="15866" gender="male" id="1_3_91" intention_prob="0.45" intersection="midblock" num_lanes="2" signalized="n/a" traffic_direction="OW" /><pedestrian age="adult" critical_point="16439" crossing="1" crossing_point="16448" exp_start_point="16349" gender="female" id="1_3_94" intention_prob="0.8" intersection="T-right" num_lanes="2" signalized="CS" traffic_direction="OW" /><pedestrian age="adult" critical_point="13127" crossing="-1" crossing_point="13169" exp_start_point="13037" gender="male" id="1_3_83" intention_prob="0.3333333333" intersection="midblock" num_lanes="2" signalized="n/a" traffic_direction="OW" /><pedestrian age="adult" critical_point="13074" crossing="1" crossing_point="13074" exp_start_point="13034" gender="female" id="1_3_84" intention_prob="0.9" intersection="midblock" num_lanes="2" signalized="n/a" traffic_direction="OW" /><pedestrian age="adult" critical_point="11646" crossing="1" crossing_point="11667" exp_start_point="11556" gender="female" id="1_3_80" intention_prob="1" intersection="T-right" num_lanes="2" signalized="C" traffic_direction="OW" /><pedestrian age="adult" critical_point="360" crossing="0" crossing_point="384" exp_start_point="270" gender="male" id="1_3_60" intention_prob="0.6666666667" intersection="four-way" num_lanes="4" signalized="CS" traffic_direction="TW" /><pedestrian age="adult" critical_point="15735" crossing="1" crossing_point="15762" exp_start_point="15712" gender="female" id="1_3_89" intention_prob="0.85" intersection="T-left" num_lanes="2" signalized="n/a" traffic_direction="OW" /><pedestrian age="adult" critical_point="386" crossing="0" crossing_point="401" exp_start_point="308" gender="male" id="1_3_100" intention_prob="0.9666666667" intersection="four-way" num_lanes="4" signalized="CS" traffic_direction="TW" /><pedestrian age="adult" critical_point="17787" crossing="0" crossing_point="17816" exp_start_point="17697" gender="female" id="1_3_99" intention_prob="0.95" intersection="four-way" num_lanes="2" signalized="CS" traffic_direction="OW" /><pedestrian age="adult" critical_point="9885" crossing="1" crossing_point="9915" exp_start_point="9795" gender="male" id="1_3_73" intention_prob="0.9" intersection="T" num_lanes="2" signalized="CS" traffic_direction="OW" /><pedestrian age="adult" critical_point="3716" crossing="-1" crossing_point="3808" exp_start_point="3626" gender="male" id="1_3_64" intention_prob="0.2333333333" intersection="midblock" num_lanes="4" signalized="n/a" traffic_direction="TW" /><pedestrian age="adult" critical_point="16427" crossing="1" crossing_point="16427" exp_start_point="16360" gender="female" id="1_3_93" intention_prob="0.8833333333" intersection="T-right" num_lanes="2" signalized="CS" traffic_direction="OW" /><pedestrian age="adult" critical_point="3622" crossing="-1" crossing_point="3699" exp_start_point="3532" gender="female" id="1_3_63" intention_prob="0.3666666667" intersection="midblock" num_lanes="4" signalized="n/a" traffic_direction="TW" /><pedestrian age="adult" critical_point="14968" crossing="-1" crossing_point="15051" exp_start_point="14899" gender="female" id="1_3_88" intention_prob="0.65" intersection="T-right" num_lanes="4" signalized="C" traffic_direction="OW" /><pedestrian age="adult" critical_point="11436" crossing="1" crossing_point="11457" exp_start_point="11346" gender="male" id="1_3_79" intention_prob="0.9166666667" intersection="T-right" num_lanes="2" signalized="C" traffic_direction="OW" /><pedestrian age="adult" critical_point="370" crossing="0" crossing_point="400" exp_start_point="203" gender="male" id="1_3_59" intention_prob="0.8333333333" intersection="four-way" num_lanes="4" signalized="CS" traffic_direction="TW" /><pedestrian age="adult" critical_point="4729" crossing="-1" crossing_point="4729" exp_start_point="4617" gender="male" id="1_3_69" intention_prob="0.6833333333" intersection="midblock" num_lanes="4" signalized="n/a" traffic_direction="TW" /><pedestrian age="adult" critical_point="704" crossing="0" crossing_point="704" exp_start_point="612" gender="male" id="1_3_61" intention_prob="0.9333333333" intersection="four-way" num_lanes="4" signalized="n/a" traffic_direction="TW" /><pedestrian age="adult" critical_point="14198" crossing="-1" crossing_point="14338" exp_start_point="14108" gender="male" id="1_3_87" intention_prob="0.3833333333" intersection="midblock" num_lanes="2" signalized="n/a" traffic_direction="OW" /><pedestrian age="adult" critical_point="13223" crossing="1" crossing_point="13233" exp_start_point="13175" gender="male" id="1_3_104" intention_prob="0.7166666667" intersection="T-left" num_lanes="2" signalized="n/a" traffic_direction="OW" /></ped_attributes>