<ped_attributes><pedestrian age="adult" critical_point="12226" crossing="1" crossing_point="12307" exp_start_point="12136" gender="male" id="1_2_40" intention_prob="0.9166666667" intersection="T" num_lanes="4" signalized="CS" traffic_direction="TW" /><pedestrian age="adult" critical_point="8691" crossing="0" crossing_point="8725" exp_start_point="8601" gender="male" id="1_2_36" intention_prob="0.9333333333" intersection="four-way" num_lanes="2" signalized="CS" traffic_direction="OW" /><pedestrian age="adult" critical_point="5154" crossing="1" crossing_point="5179" exp_start_point="5051" gender="male" id="1_2_22" intention_prob="0.9" intersection="T-left" num_lanes="2" signalized="C" traffic_direction="OW" /><pedestrian age="adult" critical_point="12273" crossing="1" crossing_point="12360" exp_start_point="12166" gender="female" id="1_2_44" intention_prob="0.8166666667" intersection="T" num_lanes="4" signalized="CS" traffic_direction="TW" /><pedestrian age="adult" critical_point="16081" crossing="1" crossing_point="16090" exp_start_point="16035" gender="male" id="1_2_52" intention_prob="0.9833333333" intersection="four-way" num_lanes="2" signalized="CS" traffic_direction="OW" /><pedestrian age="adult" critical_point="5509" crossing="-1" crossing_point="5522" exp_start_point="5419" gender="male" id="1_2_24" intention_prob="0.2333333333" intersection="midblock" num_lanes="2" signalized="n/a" traffic_direction="OW" /><pedestrian age="adult" critical_point="14060" crossing="-1" crossing_point="14084" exp_start_point="13970" gender="male" id="1_2_46" intention_prob="0.1166666667" intersection="four-way" num_lanes="2" signalized="CS" traffic_direction="OW" /><pedestrian age="adult" critical_point="14060" crossing="-1" crossing_point="14088" exp_start_point="13970" gender="male" id="1_2_48" intention_prob="0.15" intersection="four-way" num_lanes="2" signalized="CS" traffic_direction="OW" /><pedestrian age="adult" critical_point="10437" crossing="1" crossing_point="10443" exp_start_point="10404" gender="female" id="1_2_38" intention_prob="0.9666666667" intersection="four-way" num_lanes="2" signalized="CS" traffic_direction="OW" /><pedestrian age="adult" critical_point="6832" crossing="-1" crossing_point="6864" exp_start_point="6725" gender="male" id="1_2_26" intention_prob="0.2166666667" intersection="midblock" num_lanes="2" signalized="n/a" traffic_direction="OW" /><pedestrian age="adult" critical_point="7715" crossing="1" crossing_point="7768" exp_start_point="7617" gender="female" id="1_2_33" intention_prob="0.9666666667" intersection="midblock" num_lanes="2" signalized="n/a" traffic_direction="OW" /><pedestrian age="adult" critical_point="12278" crossing="1" crossing_point="12346" exp_start_point="12188" gender="male" id="1_2_41" intention_prob="0.95" intersection="T" num_lanes="4" signalized="CS" traffic_direction="TW" /><pedestrian age="adult" critical_point="6247" crossing="-1" crossing_point="6252" exp_start_point="6219" gender="female" id="1_2_54" intention_prob="0.15" intersection="T-left" num_lanes="2" signalized="n/a" traffic_direction="OW" /><pedestrian age="adult" critical_point="8091" crossing="1" crossing_point="8160" exp_start_point="7944" gender="female" id="1_2_35" intention_prob="0.85" intersection="midblock" num_lanes="2" signalized="n/a" traffic_direction="OW" /><pedestrian age="adult" critical_point="12288" crossing="1" crossing_point="12303" exp_start_point="12198" gender="male" id="1_2_42" intention_prob="0.9" intersection="T" num_lanes="4" signalized="CS" traffic_direction="TW" /><pedestrian age="adult" critical_point="12253" crossing="1" crossing_point="12280" exp_start_point="12163" gender="male" id="1_2_43" intention_prob="0.9333333333" intersection="T" num_lanes="4" signalized="CS" traffic_direction="TW" /><pedestrian age="adult" critical_point="12284" crossing="1" crossing_point="12346" exp_start_point="12194" gender="female" id="1_2_45" intention_prob="0.85" intersection="T" num_lanes="4" signalized="CS" traffic_direction="TW" /><pedestrian age="adult" critical_point="11535" crossing="1" crossing_point="11541" exp_start_point="11445" gender="male" id="1_2_56" intention_prob="0.9333333333" intersection="T" num_lanes="2" signalized="CS" traffic_direction="OW" /><pedestrian age="adult" critical_point="7120" crossing="-1" crossing_point="7162" exp_start_point="7030" gender="female" id="1_2_29" intention_prob="0.0833333333" intersection="midblock" num_lanes="2" signalized="n/a" traffic_direction="OW" /><pedestrian age="adult" critical_point="12226" crossing="1" crossing_point="12286" exp_start_point="12136" gender="female" id="1_2_39" intention_prob="0.9833333333" intersection="T" num_lanes="4" signalized="CS" traffic_direction="TW" /><pedestrian age="adult" critical_point="11970" crossing="0" crossing_point="12305" exp_start_point="11880" gender="female" id="1_2_57" intention_prob="0.5166666667" intersection="T" num_lanes="4" signalized="CS" traffic_direction="TW" /><pedestrian age="adult" critical_point="7092" crossing="-1" crossing_point="7161" exp_start_point="7002" gender="male" id="1_2_31" intention_prob="0.0833333333" intersection="midblock" num_lanes="2" signalized="n/a" traffic_direction="OW" /><pedestrian age="adult" critical_point="6832" crossing="-1" crossing_point="6862" exp_start_point="6756" gender="female" id="1_2_27" intention_prob="0.3166666667" intersection="midblock" num_lanes="2" signalized="n/a" traffic_direction="OW" /><pedestrian age="adult" critical_point="4658" crossing="0" crossing_point="4708" exp_start_point="4568" gender="male" id="1_2_53" intention_prob="0.7" intersection="four-way" num_lanes="4" signalized="CS" traffic_direction="OW" /><pedestrian age="adult" critical_point="5174" crossing="1" crossing_point="5198" exp_start_point="5084" gender="male" id="1_2_23" intention_prob="0.9" intersection="T-left" num_lanes="2" signalized="C" traffic_direction="OW" /><pedestrian age="adult" critical_point="7715" crossing="1" crossing_point="7768" exp_start_point="7652" gender="female" id="1_2_32" intention_prob="0.9666666667" intersection="midblock" num_lanes="2" signalized="n/a" traffic_direction="OW" /><pedestrian age="adult" critical_point="7071" crossing="-1" crossing_point="7143" exp_start_point="6981" gender="female" id="1_2_28" intention_prob="0.05" intersection="midblock" num_lanes="2" signalized="n/a" traffic_direction="OW" /><pedestrian age="adult" critical_point="7092" crossing="-1" crossing_point="7272" exp_start_point="7017" gender="female" id="1_2_30" intention_prob="0.05" intersection="midblock" num_lanes="2" signalized="n/a" traffic_direction="OW" /><pedestrian age="adult" critical_point="15885" crossing="1" crossing_point="15896" exp_start_point="15799" gender="male" id="1_2_51" intention_prob="1" intersection="four-way" num_lanes="2" signalized="CS" traffic_direction="OW" /><pedestrian age="adult" critical_point="8868" crossing="-1" crossing_point="8886" exp_start_point="8778" gender="female" id="1_2_37" intention_prob="0.85" intersection="four-way" num_lanes="2" signalized="CS" traffic_direction="OW" /><pedestrian age="adult" critical_point="15777" crossing="1" crossing_point="15794" exp_start_point="15687" gender="male" id="1_2_50" intention_prob="0.9833333333" intersection="four-way" num_lanes="2" signalized="CS" traffic_direction="OW" /><pedestrian age="adult" critical_point="6590" crossing="-1" crossing_point="6716" exp_start_point="6486" gender="male" id="1_2_55" intention_prob="0.2333333333" intersection="T-right" num_lanes="2" signalized="CS" traffic_direction="OW" /><pedestrian age="adult" critical_point="11970" crossing="0" crossing_point="12305" exp_start_point="11880" gender="female" id="1_2_58" intention_prob="0.5666666667" intersection="T" num_lanes="4" signalized="CS" traffic_direction="TW" /><pedestrian age="adult" critical_point="8091" crossing="1" crossing_point="8147" exp_start_point="7944" gender="female" id="1_2_34" intention_prob="0.95" intersection="midblock" num_lanes="2" signalized="n/a" traffic_direction="OW" /><pedestrian age="adult" critical_point="6191" crossing="-1" crossing_point="6200" exp_start_point="6101" gender="male" id="1_2_25" intention_prob="0.1" intersection="midblock" num_lanes="2" signalized="n/a" traffic_direction="OW" /><pedestrian age="adult" critical_point="14195" crossing="-1" crossing_point="14253" exp_start_point="14105" gender="male" id="1_2_49" intention_prob="0.2833333333" intersection="midblock" num_lanes="2" signalized="n/a" traffic_direction="OW" /></ped_attributes>